Area_sqft,Bedrooms,Bathrooms,Stories,Parking,Age_years,Location,Furnishing,Road_access,Guestroom,Basement,Hot_water,AC,Preferred_area,Price
1360,1,2,2,2,20,Downtown,Semi-Furnished,Yes,No,No,Yes,Yes,No,512604.86
4272,4,4,1,0,7,Suburban,Unfurnished,Yes,No,No,No,No,No,713012.48
3592,6,3,2,2,0,Southend,Semi-Furnished,Yes,No,No,No,No,No,669618.17
966,3,1,2,1,37,Uptown,Furnished,Yes,No,No,Yes,No,No,396981.86
4926,2,4,2,0,12,Eastside,Semi-Furnished,Yes,Yes,Yes,Yes,Yes,Yes,806759.49
3944,1,4,2,1,8,Suburban,Semi-Furnished,Yes,No,No,Yes,Yes,No,675062.87
3671,2,3,3,3,27,Eastside,Furnished,No,Yes,Yes,Yes,Yes,No,677714.71
3419,5,2,2,1,5,Eastside,Furnished,Yes,No,Yes,No,Yes,Yes,667379.03
630,3,4,1,1,46,Eastside,Semi-Furnished,Yes,No,No,No,No,No,128076.44
2185,3,2,3,1,22,Uptown,Unfurnished,No,Yes,No,No,No,Yes,707332.21
1269,1,3,3,1,47,Southend,Unfurnished,No,No,Yes,No,No,No,280192.9
2891,6,1,2,3,35,Suburban,Semi-Furnished,Yes,No,Yes,Yes,Yes,No,590768.41
2933,3,4,1,0,16,Midtown,Semi-Furnished,Yes,No,No,Yes,No,Yes,750113.96
1684,1,1,1,1,8,Suburban,Semi-Furnished,No,No,No,Yes,No,Yes,363063.75
3885,1,2,3,0,11,Northend,Semi-Furnished,No,No,No,Yes,No,No,567259.48
4617,2,2,1,2,21,Downtown,Unfurnished,Yes,No,Yes,Yes,No,Yes,1172324.68
3404,3,1,2,1,11,Southend,Semi-Furnished,Yes,No,No,Yes,Yes,No,567195.56
974,1,3,2,1,5,Uptown,Furnished,Yes,No,No,Yes,Yes,No,482918.56
1582,2,3,2,2,43,Rural,Unfurnished,Yes,No,Yes,Yes,No,Yes,305365.7
3058,4,4,2,0,8,Midtown,Unfurnished,No,No,No,Yes,No,Yes,832891.47
2547,2,4,2,3,36,Downtown,Furnished,Yes,No,No,Yes,No,No,753417.55
3247,2,3,3,1,2,Rural,Semi-Furnished,Yes,No,No,Yes,No,No,443187.63
1475,1,3,2,2,33,Northend,Semi-Furnished,Yes,No,No,Yes,Yes,No,287585.3
2306,5,1,2,2,7,Suburban,Semi-Furnished,No,Yes,Yes,Yes,Yes,Yes,605202.06
689,5,2,3,1,9,Suburban,Semi-Furnished,Yes,No,No,Yes,Yes,Yes,413214.39
3234,6,2,3,0,46,Southend,Semi-Furnished,Yes,No,No,Yes,Yes,Yes,637954.71
3505,5,4,3,0,40,Uptown,Furnished,Yes,Yes,No,Yes,Yes,No,942071.64
2399,2,3,1,1,41,Uptown,Semi-Furnished,Yes,No,No,Yes,Yes,No,590518.66
1767,6,1,1,2,42,Downtown,Furnished,Yes,No,No,No,Yes,Yes,673566.2
2028,1,4,2,1,8,Westside,Furnished,Yes,No,No,Yes,Yes,Yes,553885.07
3702,3,1,2,3,13,Northend,Furnished,Yes,No,No,No,Yes,No,573183.64
4056,2,3,2,3,36,Westside,Semi-Furnished,Yes,Yes,Yes,Yes,Yes,No,792341.11
4390,2,3,1,0,26,Eastside,Semi-Furnished,No,No,No,Yes,No,Yes,615941.58
1146,6,3,2,3,40,Midtown,Unfurnished,Yes,No,Yes,No,No,Yes,548902.8
3388,1,2,2,2,31,Suburban,Unfurnished,Yes,No,Yes,No,No,No,533263.79
2935,4,3,1,3,3,Downtown,Furnished,Yes,No,No,Yes,No,No,895682.11
1100,2,4,3,1,1,Westside,Unfurnished,Yes,Yes,No,Yes,No,No,432435.48
2863,4,2,1,2,32,Southend,Furnished,Yes,No,No,No,No,No,491814.33
2561,4,1,2,0,20,Lakeview,Unfurnished,Yes,Yes,No,Yes,No,No,771494.41
741,5,4,1,0,0,Uptown,Semi-Furnished,Yes,No,Yes,Yes,Yes,Yes,614727.47
2541,1,4,3,3,43,Suburban,Semi-Furnished,No,No,No,No,No,No,442294.33
3324,4,1,3,0,10,Downtown,Furnished,Yes,No,No,Yes,Yes,No,965526.15
3112,1,2,3,1,0,Rural,Furnished,Yes,Yes,Yes,Yes,Yes,Yes,493462.39
1863,5,4,3,2,45,Midtown,Semi-Furnished,No,Yes,Yes,Yes,No,No,632995.81
1978,1,4,3,1,10,Eastside,Semi-Furnished,Yes,No,No,Yes,No,Yes,477223.72
3056,2,4,3,1,6,Southend,Semi-Furnished,Yes,No,No,No,Yes,No,626847.01
1275,4,2,2,1,1,Northend,Unfurnished,Yes,No,No,Yes,No,No,322385.04
4514,1,2,2,1,14,Southend,Unfurnished,Yes,No,No,Yes,Yes,No,701126.27
534,3,2,1,2,7,Eastside,Unfurnished,Yes,No,No,Yes,No,No,200680.44
3652,1,4,2,2,46,Lakeview,Unfurnished,Yes,Yes,No,Yes,No,No,895962.22
2455,4,3,3,1,25,Northend,Furnished,Yes,Yes,No,No,Yes,No,455591.04
2085,5,1,2,1,39,Northend,Furnished,Yes,No,Yes,Yes,No,No,389144.42
4443,5,3,1,0,41,Downtown,Unfurnished,Yes,Yes,Yes,Yes,Yes,Yes,1169253.67
3573,4,2,3,0,34,Southend,Furnished,No,No,No,Yes,Yes,Yes,677617.94
1521,2,4,2,2,45,Suburban,Unfurnished,Yes,No,No,Yes,No,Yes,350301.73
3961,2,4,2,0,40,Eastside,Unfurnished,Yes,No,No,No,No,No,516916.0
3113,5,3,1,2,40,Lakeview,Semi-Furnished,No,No,No,Yes,Yes,Yes,970710.58
4343,5,3,3,2,20,Lakeview,Unfurnished,Yes,No,No,No,Yes,No,1236394.57
2000,4,1,1,3,37,Uptown,Furnished,Yes,No,Yes,Yes,No,No,619640.27
661,2,4,3,2,7,Midtown,Unfurnished,Yes,No,No,No,No,No,393072.87
4797,5,3,3,0,42,Downtown,Semi-Furnished,Yes,No,Yes,No,Yes,No,1215056.03
2481,2,1,2,3,31,Downtown,Furnished,Yes,Yes,No,Yes,Yes,No,803869.66
1495,5,2,1,0,7,Rural,Semi-Furnished,No,No,No,Yes,Yes,No,234695.04
3842,1,3,1,2,43,Downtown,Unfurnished,Yes,No,No,Yes,No,No,801659.34
4298,3,2,1,2,9,Northend,Unfurnished,Yes,No,Yes,Yes,No,Yes,681133.41
1775,6,1,3,1,22,Rural,Unfurnished,Yes,Yes,No,Yes,Yes,No,323939.54
1516,1,2,1,2,3,Lakeview,Unfurnished,Yes,Yes,No,No,No,Yes,649409.73
837,6,4,3,3,47,Suburban,Furnished,Yes,No,Yes,Yes,No,No,332781.19
1378,5,4,1,2,37,Westside,Unfurnished,No,Yes,No,No,No,No,349836.66
1576,3,2,1,1,29,Midtown,Semi-Furnished,Yes,No,No,Yes,No,No,387965.22
4493,3,4,2,2,40,Midtown,Furnished,Yes,No,No,Yes,Yes,Yes,1024499.41
879,5,1,1,2,22,Suburban,Furnished,No,No,Yes,No,Yes,No,323309.49
992,5,4,2,2,4,Suburban,Furnished,Yes,Yes,No,No,No,No,431488.29
2562,2,2,2,1,20,Westside,Semi-Furnished,No,Yes,Yes,Yes,Yes,No,606879.05
4384,5,2,3,0,5,Uptown,Semi-Furnished,Yes,No,No,Yes,No,Yes,1164087.73
564,4,2,1,2,48,Southend,Semi-Furnished,Yes,No,No,No,No,No,185683.27
3068,5,3,1,3,16,Midtown,Semi-Furnished,Yes,No,No,No,Yes,Yes,839945.84
2527,4,2,1,1,24,Uptown,Unfurnished,No,No,No,No,Yes,No,592472.83
3195,5,1,2,3,23,Downtown,Unfurnished,Yes,No,No,Yes,Yes,No,882519.44
1995,2,4,1,2,21,Suburban,Semi-Furnished,Yes,No,No,No,No,No,384810.74
891,4,4,3,1,12,Rural,Semi-Furnished,Yes,No,No,Yes,Yes,Yes,280547.02
4974,1,3,3,2,16,Uptown,Unfurnished,Yes,No,No,Yes,No,No,1051458.52
4061,4,3,1,3,13,Uptown,Unfurnished,No,No,No,Yes,Yes,Yes,1034211.02
2778,2,1,2,1,33,Midtown,Semi-Furnished,Yes,No,No,Yes,No,Yes,659522.49
3599,6,2,3,0,25,Lakeview,Furnished,No,No,No,No,No,No,1058624.09
700,4,3,3,0,18,Rural,Furnished,Yes,Yes,No,Yes,No,Yes,301770.57
3604,5,4,2,0,25,Southend,Semi-Furnished,Yes,No,Yes,Yes,No,Yes,697913.63
2954,5,3,3,2,2,Downtown,Furnished,Yes,Yes,No,No,Yes,No,1094636.92
4145,6,3,2,1,1,Westside,Unfurnished,Yes,Yes,Yes,No,Yes,No,880946.11
1304,2,2,3,3,27,Eastside,Furnished,No,No,Yes,Yes,Yes,Yes,395638.4
3231,3,3,2,3,1,Lakeview,Semi-Furnished,Yes,No,No,Yes,Yes,No,1039201.34
3273,5,1,3,2,21,Midtown,Furnished,Yes,No,No,Yes,Yes,Yes,908951.54
2070,1,4,1,2,6,Lakeview,Furnished,Yes,No,No,Yes,No,No,695123.37
3190,2,2,3,3,3,Rural,Furnished,No,No,No,No,No,No,416354.11
4340,4,4,3,1,48,Northend,Unfurnished,Yes,No,No,Yes,No,Yes,627655.19
1528,4,1,1,2,37,Southend,Unfurnished,Yes,No,No,No,No,Yes,342694.39
1002,1,1,1,1,38,Downtown,Unfurnished,Yes,No,No,Yes,Yes,Yes,344572.34
4993,5,3,1,3,19,Lakeview,Semi-Furnished,Yes,No,No,No,Yes,Yes,1380780.35
1370,2,3,1,1,5,Southend,Furnished,Yes,No,No,Yes,No,No,328575.63
4988,1,3,2,0,8,Eastside,Unfurnished,Yes,No,No,Yes,Yes,No,702053.26
706,5,4,2,3,30,Downtown,Unfurnished,Yes,Yes,Yes,No,No,No,488820.72
1984,2,1,3,0,25,Eastside,Furnished,Yes,No,No,Yes,Yes,No,355980.95
1363,4,2,3,3,35,Uptown,Semi-Furnished,Yes,No,No,No,No,Yes,536476.42
3290,2,3,3,0,25,Lakeview,Furnished,No,Yes,No,Yes,No,Yes,1029307.23
1063,6,4,2,1,27,Eastside,Semi-Furnished,Yes,No,Yes,No,No,Yes,384896.5
4691,3,3,3,3,4,Southend,Furnished,Yes,No,No,No,Yes,Yes,873237.62
2257,2,1,3,3,9,Northend,Unfurnished,Yes,Yes,No,No,Yes,Yes,477888.72
2178,3,2,2,0,17,Westside,Unfurnished,Yes,Yes,No,Yes,Yes,No,524543.97
3742,2,1,3,1,14,Suburban,Unfurnished,No,No,No,Yes,No,No,593717.36
1559,3,4,2,3,32,Northend,Semi-Furnished,Yes,No,No,No,Yes,Yes,358837.46
2222,6,3,2,2,4,Midtown,Furnished,Yes,No,No,No,No,Yes,786229.52
3814,4,1,1,0,36,Northend,Semi-Furnished,Yes,No,Yes,Yes,Yes,Yes,546593.62
3657,5,4,1,3,39,Eastside,Unfurnished,Yes,No,No,No,No,Yes,594606.95
3125,3,3,2,1,21,Midtown,Semi-Furnished,Yes,No,Yes,Yes,Yes,No,800441.69
3229,6,2,2,1,21,Northend,Semi-Furnished,Yes,No,No,No,Yes,Yes,590400.76
2097,3,1,1,1,21,Suburban,Semi-Furnished,Yes,No,Yes,No,No,No,431941.81
3560,4,3,3,1,14,Southend,Furnished,Yes,No,No,No,No,Yes,695925.98
3193,3,3,3,0,16,Westside,Semi-Furnished,Yes,No,No,No,Yes,No,623312.36
4127,6,3,3,3,44,Eastside,Semi-Furnished,Yes,Yes,No,Yes,No,No,661138.79
1863,6,3,2,0,27,Lakeview,Semi-Furnished,No,No,Yes,No,No,No,710632.7
2481,1,1,1,0,21,Downtown,Unfurnished,Yes,No,Yes,Yes,No,No,642037.39
2163,4,3,3,1,20,Rural,Unfurnished,Yes,Yes,Yes,Yes,Yes,No,389635.9
2029,1,4,1,2,41,Lakeview,Furnished,Yes,Yes,No,No,No,Yes,685567.79
2538,4,1,1,1,16,Uptown,Unfurnished,Yes,No,No,Yes,No,No,663879.83
3802,3,3,2,2,4,Eastside,Furnished,Yes,Yes,Yes,No,No,No,677190.94
2737,6,1,3,0,17,Downtown,Unfurnished,Yes,No,Yes,Yes,Yes,No,883544.96
1806,1,4,1,1,16,Southend,Furnished,Yes,No,No,Yes,Yes,No,405167.97
4529,3,4,2,1,3,Uptown,Furnished,Yes,No,No,Yes,No,Yes,1171891.15
3175,6,1,2,0,6,Rural,Furnished,Yes,Yes,No,Yes,No,No,440235.51
1782,4,3,2,1,24,Eastside,Unfurnished,No,No,No,Yes,No,No,340829.3
1209,6,3,3,3,36,Lakeview,Semi-Furnished,Yes,Yes,Yes,Yes,Yes,No,719355.87
4913,3,4,3,2,39,Northend,Unfurnished,No,Yes,No,Yes,Yes,No,661279.75
4248,1,3,2,2,39,Lakeview,Semi-Furnished,Yes,No,No,No,No,Yes,1079073.98
1163,1,4,3,2,42,Lakeview,Unfurnished,Yes,No,No,Yes,Yes,No,434290.62
2498,6,3,3,1,8,Rural,Semi-Furnished,Yes,No,No,No,No,No,409958.82
3945,3,4,1,3,18,Eastside,Unfurnished,No,No,No,Yes,No,Yes,646686.2
4243,2,2,2,1,8,Eastside,Furnished,Yes,No,Yes,No,No,No,671137.72
1995,4,3,2,2,22,Midtown,Furnished,No,No,Yes,No,No,No,574023.63
3804,4,3,3,1,30,Lakeview,Furnished,Yes,Yes,Yes,Yes,No,No,1181168.32
4263,3,3,2,2,31,Southend,Semi-Furnished,Yes,No,Yes,Yes,No,No,703114.85
2353,2,1,2,0,30,Downtown,Semi-Furnished,No,Yes,No,No,No,No,590932.06
1791,1,3,2,2,16,Downtown,Furnished,No,No,Yes,No,No,No,628098.55
4081,5,1,3,0,47,Uptown,Semi-Furnished,Yes,No,No,No,No,No,891084.32
3957,5,1,3,0,38,Rural,Furnished,No,Yes,Yes,Yes,No,Yes,509907.9
2136,3,4,3,0,21,Lakeview,Unfurnished,Yes,No,Yes,Yes,Yes,Yes,851341.72
4196,2,1,1,2,34,Southend,Semi-Furnished,No,No,No,Yes,No,No,528788.0
3499,2,1,2,3,29,Uptown,Semi-Furnished,No,Yes,No,Yes,Yes,Yes,897975.53
3652,4,2,1,2,39,Eastside,Unfurnished,No,No,No,Yes,Yes,No,490813.33
1198,1,3,3,1,36,Downtown,Semi-Furnished,No,Yes,No,Yes,Yes,No,471967.59
2660,6,1,1,1,25,Suburban,Semi-Furnished,Yes,Yes,No,No,Yes,Yes,600037.82
4597,2,3,2,3,5,Midtown,Semi-Furnished,Yes,No,No,No,No,Yes,1072837.48
1354,6,1,2,3,33,Southend,Unfurnished,Yes,Yes,No,Yes,No,No,327263.68
3974,5,4,3,3,31,Uptown,Furnished,Yes,No,Yes,Yes,Yes,Yes,1174086.57
2207,6,2,3,0,24,Uptown,Furnished,Yes,Yes,No,Yes,No,No,745820.45
3277,1,1,1,3,12,Southend,Unfurnished,Yes,Yes,No,No,No,No,458032.77
2233,1,3,3,3,37,Northend,Unfurnished,Yes,No,No,No,No,No,338909.05
4010,6,4,1,3,37,Suburban,Unfurnished,Yes,Yes,Yes,Yes,Yes,No,740469.53
702,3,3,2,2,1,Eastside,Furnished,No,No,No,Yes,No,No,286241.52
3755,2,4,2,1,4,Downtown,Unfurnished,Yes,No,Yes,Yes,Yes,No,1050012.2
4718,3,2,2,1,10,Lakeview,Furnished,Yes,Yes,No,Yes,Yes,Yes,1377711.5
4996,6,4,2,3,10,Southend,Unfurnished,Yes,Yes,No,Yes,No,No,853107.64
1266,2,3,2,1,23,Rural,Semi-Furnished,Yes,Yes,No,Yes,No,Yes,278089.13
4889,4,3,1,2,13,Suburban,Furnished,Yes,No,Yes,Yes,No,No,871659.95
2827,3,1,2,1,44,Midtown,Furnished,Yes,Yes,No,No,No,Yes,699957.98
3431,3,4,1,0,29,Midtown,Unfurnished,Yes,No,Yes,Yes,No,Yes,836500.0
697,6,3,2,2,39,Rural,Semi-Furnished,Yes,No,No,Yes,No,No,230913.61
2430,5,1,1,1,46,Suburban,Furnished,Yes,No,No,No,No,Yes,479120.18
4082,6,2,1,1,43,Uptown,Unfurnished,Yes,Yes,No,No,Yes,No,919252.61
1108,3,3,1,2,34,Midtown,Semi-Furnished,Yes,No,No,Yes,Yes,Yes,442544.75
3772,2,1,3,1,20,Uptown,Furnished,Yes,Yes,No,Yes,Yes,No,964398.49
1647,5,3,1,1,4,Northend,Unfurnished,Yes,Yes,No,No,Yes,Yes,453110.69
4782,6,4,1,3,37,Suburban,Semi-Furnished,No,No,No,Yes,Yes,No,794039.05
3897,6,1,2,0,1,Southend,Furnished,Yes,No,No,Yes,Yes,No,712887.55
3011,3,4,1,2,39,Lakeview,Furnished,Yes,Yes,Yes,Yes,No,Yes,1049157.24
2294,3,2,1,3,36,Downtown,Semi-Furnished,Yes,Yes,Yes,No,No,Yes,805279.53
1159,4,4,3,1,48,Northend,Unfurnished,Yes,No,No,Yes,No,Yes,294276.62
3311,6,1,2,2,33,Uptown,Unfurnished,Yes,No,No,No,No,No,790299.46
1869,3,3,3,2,10,Suburban,Semi-Furnished,No,Yes,No,Yes,No,Yes,503269.21
2486,1,1,3,0,35,Northend,Furnished,Yes,No,No,Yes,No,Yes,413044.92
646,5,4,3,0,10,Uptown,Semi-Furnished,Yes,No,No,Yes,Yes,No,508677.34
3719,1,4,1,2,8,Lakeview,Semi-Furnished,Yes,No,No,Yes,Yes,No,1037412.88
3411,5,3,3,0,5,Lakeview,Semi-Furnished,Yes,Yes,No,Yes,No,Yes,1172020.93
2234,6,2,3,0,33,Rural,Furnished,Yes,No,No,Yes,No,Yes,362932.99
2343,4,1,2,1,46,Eastside,Semi-Furnished,Yes,Yes,No,Yes,Yes,No,425040.42
988,3,3,2,0,36,Midtown,Semi-Furnished,Yes,No,No,Yes,Yes,No,376278.81
3476,3,3,2,0,31,Lakeview,Furnished,Yes,No,No,Yes,No,No,947495.88
2459,3,3,2,3,11,Westside,Furnished,No,Yes,No,No,No,No,566501.89
2885,6,1,3,1,44,Lakeview,Semi-Furnished,Yes,No,No,No,Yes,Yes,935620.16
3419,5,1,2,1,31,Northend,Unfurnished,No,No,No,Yes,No,No,456747.1
2302,3,1,1,2,16,Downtown,Semi-Furnished,No,No,Yes,Yes,No,No,649090.34
4561,1,2,3,0,3,Suburban,Furnished,Yes,Yes,No,Yes,No,No,800422.55
3869,3,3,2,3,41,Northend,Furnished,Yes,Yes,Yes,No,Yes,No,621387.98
762,6,4,3,3,32,Eastside,Furnished,Yes,Yes,No,No,No,Yes,395739.98
1123,4,4,2,1,42,Lakeview,Unfurnished,No,Yes,No,Yes,No,No,439833.16
1516,1,3,3,0,47,Southend,Furnished,Yes,No,Yes,No,Yes,No,354251.75
4143,3,4,2,3,42,Suburban,Unfurnished,No,Yes,No,No,Yes,Yes,725361.29
2549,3,2,1,2,8,Northend,Furnished,Yes,Yes,No,No,Yes,No,469745.79
4223,2,2,2,0,33,Westside,Furnished,No,No,No,No,Yes,No,713028.6
3608,5,1,3,0,38,Downtown,Semi-Furnished,Yes,No,Yes,No,Yes,No,943552.87
4590,1,1,3,0,29,Midtown,Unfurnished,No,No,No,Yes,No,No,832310.32
2556,2,1,1,3,49,Suburban,Semi-Furnished,Yes,No,No,Yes,Yes,No,438067.33
3670,4,1,3,1,19,Eastside,Unfurnished,Yes,No,Yes,No,No,Yes,590070.08
2182,5,1,1,1,38,Southend,Furnished,Yes,Yes,No,Yes,Yes,No,459637.46
2755,1,4,3,2,22,Westside,Furnished,Yes,No,No,Yes,No,No,606920.29
1654,3,4,3,3,40,Midtown,Unfurnished,Yes,No,Yes,Yes,No,No,540541.61
4999,1,1,1,0,43,Uptown,Semi-Furnished,Yes,No,No,No,Yes,No,928884.81
3691,3,2,3,2,34,Downtown,Unfurnished,Yes,Yes,No,Yes,Yes,No,962846.49
2196,5,4,3,2,22,Midtown,Unfurnished,Yes,No,Yes,Yes,No,Yes,724745.13
4491,3,2,1,1,47,Lakeview,Unfurnished,Yes,No,Yes,No,No,No,1015431.94
2148,4,2,2,0,38,Rural,Furnished,Yes,No,No,No,Yes,No,307912.55
1945,6,3,1,0,22,Southend,Unfurnished,Yes,No,No,Yes,Yes,No,438816.38
4699,3,3,3,3,36,Westside,Furnished,Yes,Yes,No,No,No,No,877383.38
4423,4,1,2,3,22,Midtown,Semi-Furnished,Yes,No,No,Yes,No,No,913943.52
753,6,2,2,3,38,Rural,Furnished,Yes,No,No,Yes,No,No,218553.16
3683,5,4,2,2,27,Midtown,Semi-Furnished,No,Yes,Yes,Yes,No,Yes,971076.89
3057,5,3,1,0,18,Northend,Semi-Furnished,Yes,No,No,No,Yes,No,480549.02
598,1,3,2,1,48,Uptown,Semi-Furnished,No,No,No,No,Yes,No,235528.61
2700,4,2,2,2,47,Downtown,Furnished,Yes,Yes,No,No,Yes,Yes,900620.33
3461,4,3,2,2,29,Uptown,Unfurnished,Yes,Yes,Yes,Yes,Yes,Yes,1006303.25
4933,2,3,3,1,20,Northend,Furnished,Yes,No,No,No,No,No,681476.14
4277,2,4,1,1,23,Midtown,Semi-Furnished,No,No,No,Yes,Yes,Yes,952130.53
3369,6,2,1,3,20,Suburban,Unfurnished,Yes,No,Yes,Yes,Yes,No,641443.83
3734,6,3,3,1,25,Rural,Furnished,Yes,No,No,No,No,Yes,554721.66
4291,2,2,2,1,49,Southend,Semi-Furnished,Yes,No,No,No,Yes,Yes,649840.24
1456,6,3,3,1,35,Eastside,Semi-Furnished,No,No,Yes,No,No,Yes,400890.25
4567,3,4,3,1,25,Rural,Unfurnished,Yes,Yes,No,Yes,Yes,Yes,593808.17
660,2,2,2,3,32,Uptown,Furnished,No,No,No,No,Yes,No,376990.2
4993,4,3,2,2,35,Rural,Unfurnished,Yes,No,Yes,Yes,Yes,No,574045.76
1800,3,4,1,0,3,Lakeview,Unfurnished,Yes,No,No,Yes,Yes,No,669049.52
4487,6,3,2,0,8,Midtown,Unfurnished,Yes,Yes,Yes,No,Yes,No,1078050.9
2027,5,2,3,2,7,Northend,Unfurnished,Yes,No,No,Yes,Yes,No,442681.34
1718,1,3,3,0,1,Rural,Furnished,No,No,Yes,Yes,Yes,No,335146.84
4996,2,2,2,0,28,Rural,Unfurnished,Yes,No,Yes,No,Yes,No,531682.0
3604,5,2,1,2,22,Northend,Semi-Furnished,Yes,Yes,No,No,Yes,No,555598.31
3235,6,3,3,0,5,Lakeview,Semi-Furnished,Yes,No,No,Yes,No,No,1060924.48
1454,4,4,2,0,42,Lakeview,Semi-Furnished,Yes,No,No,Yes,No,No,505665.13
3946,1,1,1,2,35,Eastside,Unfurnished,Yes,No,Yes,No,Yes,No,552491.69
1545,5,4,1,0,45,Eastside,Semi-Furnished,No,No,No,No,Yes,No,297323.8
2193,1,4,3,1,20,Lakeview,Furnished,Yes,No,No,No,Yes,Yes,828834.6
3936,2,3,3,2,21,Suburban,Unfurnished,Yes,No,Yes,No,No,No,665343.05
1062,6,4,1,3,8,Eastside,Unfurnished,Yes,No,No,Yes,No,No,353029.84
2985,4,4,1,0,33,Lakeview,Unfurnished,Yes,No,No,Yes,Yes,No,855415.06
3854,6,1,1,3,25,Lakeview,Furnished,Yes,Yes,No,Yes,No,No,1137740.75
725,1,4,2,0,0,Rural,Unfurnished,Yes,No,Yes,Yes,No,Yes,254870.46
1459,5,1,3,1,35,Eastside,Unfurnished,Yes,Yes,No,Yes,Yes,Yes,381723.23
3567,2,3,1,2,43,Midtown,Semi-Furnished,Yes,No,Yes,Yes,Yes,No,809733.82
1315,2,1,3,3,4,Northend,Semi-Furnished,Yes,Yes,No,Yes,Yes,No,355260.54
3620,6,2,3,2,40,Northend,Unfurnished,No,No,No,Yes,No,No,518828.72
516,5,2,3,3,21,Westside,Furnished,Yes,No,No,Yes,Yes,No,380390.61
1743,5,1,1,0,3,Rural,Semi-Furnished,Yes,No,Yes,Yes,Yes,No,351166.59
2705,1,2,2,1,47,Westside,Unfurnished,Yes,No,Yes,Yes,No,No,474547.83
3024,6,3,1,3,1,Westside,Semi-Furnished,Yes,Yes,No,Yes,No,Yes,794799.78
1569,6,2,3,3,15,Rural,Semi-Furnished,Yes,No,No,Yes,No,Yes,344874.9
3944,3,1,1,1,15,Midtown,Furnished,No,Yes,No,Yes,No,Yes,926150.0
3065,6,3,1,1,21,Suburban,Unfurnished,No,No,Yes,No,No,No,552033.52
1560,2,2,3,1,42,Downtown,Semi-Furnished,Yes,No,No,No,Yes,Yes,562242.96
2827,1,3,3,1,0,Suburban,Unfurnished,Yes,No,No,Yes,No,No,548761.82
3920,5,1,1,1,14,Eastside,Furnished,Yes,No,No,No,No,Yes,637386.87
801,6,2,1,2,23,Lakeview,Furnished,Yes,Yes,No,No,Yes,No,554184.13
4776,1,3,1,0,3,Uptown,Semi-Furnished,No,Yes,Yes,Yes,Yes,Yes,1205513.16
1106,6,3,1,0,17,Southend,Furnished,Yes,No,Yes,No,Yes,No,364023.55
3670,5,2,2,3,16,Rural,Semi-Furnished,Yes,No,No,No,No,No,502330.58
1199,4,3,1,1,6,Suburban,Unfurnished,Yes,No,Yes,Yes,No,No,384167.24
1639,5,3,2,2,49,Midtown,Semi-Furnished,Yes,Yes,No,No,No,Yes,593212.91
690,5,1,3,2,44,Suburban,Semi-Furnished,No,No,No,No,No,No,218135.72
2800,5,1,2,3,9,Eastside,Furnished,Yes,Yes,No,No,Yes,Yes,621535.01
1480,6,1,3,1,0,Lakeview,Unfurnished,No,No,Yes,No,Yes,Yes,803828.02
3475,3,1,2,0,1,Westside,Unfurnished,Yes,Yes,Yes,Yes,Yes,Yes,801952.25
1684,5,1,3,1,48,Northend,Semi-Furnished,Yes,No,No,Yes,No,No,293410.97
3827,2,1,1,2,21,Uptown,Unfurnished,Yes,Yes,No,Yes,No,Yes,930947.93
3894,2,2,2,1,31,Suburban,Unfurnished,Yes,No,No,Yes,Yes,Yes,666824.72
627,1,1,2,0,28,Midtown,Semi-Furnished,Yes,Yes,No,Yes,Yes,Yes,356011.28
2565,3,3,3,0,34,Downtown,Semi-Furnished,Yes,No,No,No,No,No,668519.59
2316,1,2,3,3,16,Suburban,Unfurnished,No,No,No,No,No,No,445114.22
1069,2,3,2,2,11,Midtown,Semi-Furnished,Yes,Yes,No,No,Yes,No,468424.6
2395,2,1,3,1,23,Westside,Furnished,No,No,No,Yes,No,No,482576.76
3233,4,1,1,1,29,Midtown,Unfurnished,No,No,No,Yes,Yes,Yes,721436.33
4363,5,3,2,3,43,Midtown,Semi-Furnished,Yes,No,No,No,Yes,Yes,1018424.2
4514,2,3,1,3,29,Lakeview,Unfurnished,Yes,Yes,No,Yes,Yes,No,1148544.72
3401,6,3,2,3,19,Lakeview,Unfurnished,Yes,No,No,No,No,Yes,1092926.08
2186,6,4,1,2,41,Suburban,Furnished,Yes,No,No,Yes,No,Yes,528939.66
3509,1,4,2,1,6,Southend,Furnished,Yes,No,No,Yes,No,No,585549.47
654,1,4,3,3,41,Lakeview,Unfurnished,Yes,No,No,Yes,No,Yes,450943.61
3037,5,4,2,2,49,Northend,Furnished,Yes,No,No,Yes,Yes,No,509583.35
1909,5,2,1,1,37,Northend,Semi-Furnished,No,No,No,No,No,Yes,385877.1
4557,4,1,2,0,6,Uptown,Unfurnished,Yes,No,No,Yes,No,No,1023910.64
1284,3,3,1,3,48,Rural,Furnished,No,No,No,No,Yes,No,216313.82
3675,1,1,1,2,29,Westside,Unfurnished,Yes,No,Yes,No,Yes,No,588653.94
4841,5,3,1,1,11,Southend,Unfurnished,Yes,No,No,No,No,Yes,787622.17
3306,1,1,3,1,48,Northend,Semi-Furnished,Yes,No,No,Yes,Yes,Yes,515353.91
1037,5,2,2,3,30,Eastside,Semi-Furnished,Yes,No,Yes,Yes,Yes,No,329921.02
2341,2,4,1,3,17,Northend,Semi-Furnished,Yes,Yes,Yes,Yes,No,No,416527.02
2955,1,1,3,1,45,Midtown,Furnished,Yes,No,No,No,No,Yes,657492.48
1024,2,3,1,2,42,Westside,Furnished,Yes,No,Yes,Yes,No,No,334016.45
3450,1,1,2,0,1,Uptown,Furnished,No,Yes,No,Yes,No,Yes,907809.14
4631,3,2,3,1,32,Suburban,Semi-Furnished,Yes,No,No,Yes,No,No,710710.52
4615,4,2,1,2,10,Northend,Unfurnished,Yes,No,Yes,No,Yes,No,662741.35
2868,6,1,1,3,33,Rural,Semi-Furnished,Yes,No,Yes,No,No,Yes,421117.17
4347,6,4,1,1,15,Uptown,Furnished,Yes,Yes,No,Yes,Yes,No,1175380.23
4995,6,3,2,3,34,Northend,Furnished,Yes,No,Yes,No,No,No,724549.88
3201,2,2,3,0,32,Southend,Furnished,No,No,No,No,No,No,500099.68
1471,5,2,3,3,20,Southend,Semi-Furnished,Yes,No,Yes,Yes,Yes,Yes,452778.35
1666,6,1,3,0,19,Uptown,Furnished,Yes,No,No,Yes,No,Yes,673800.63
3274,3,2,1,3,7,Suburban,Semi-Furnished,Yes,Yes,Yes,Yes,Yes,No,673726.59
2482,6,2,3,3,25,Eastside,Unfurnished,Yes,No,No,No,No,No,459963.72
1353,1,3,1,0,32,Eastside,Semi-Furnished,Yes,No,No,Yes,Yes,No,211366.2
4646,2,4,2,3,25,Northend,Furnished,Yes,No,No,Yes,No,Yes,709827.14
4236,1,3,3,2,36,Northend,Unfurnished,Yes,Yes,No,Yes,Yes,Yes,637212.66
4269,1,4,1,3,29,Uptown,Furnished,Yes,No,No,No,Yes,Yes,1020949.95
1074,1,3,3,1,30,Downtown,Unfurnished,Yes,Yes,No,No,No,No,433889.55
3761,4,1,3,3,32,Midtown,Furnished,Yes,Yes,No,Yes,No,No,870506.32
1648,4,2,2,2,10,Midtown,Semi-Furnished,Yes,No,No,Yes,No,No,527228.8
2215,5,4,3,1,40,Rural,Furnished,No,No,No,No,No,No,356082.72
4354,2,1,2,2,4,Northend,Semi-Furnished,Yes,Yes,No,No,No,No,643504.59
2991,3,2,3,1,1,Rural,Semi-Furnished,Yes,No,Yes,Yes,No,No,448312.31
3160,3,2,3,3,12,Uptown,Unfurnished,Yes,Yes,No,No,No,Yes,903612.48
3624,3,2,3,2,17,Suburban,Semi-Furnished,Yes,No,No,Yes,Yes,No,673878.89
3551,1,3,3,3,25,Westside,Semi-Furnished,Yes,No,No,No,No,No,672416.86
504,4,1,3,1,24,Westside,Semi-Furnished,Yes,Yes,No,Yes,No,Yes,322097.12
1376,2,1,3,2,43,Northend,Unfurnished,Yes,Yes,No,Yes,No,Yes,277354.1
1491,1,2,2,0,13,Northend,Furnished,Yes,No,Yes,Yes,Yes,No,359063.69
4642,4,4,2,2,4,Downtown,Furnished,Yes,No,No,Yes,No,No,1196413.28
4864,4,1,1,3,41,Uptown,Semi-Furnished,No,No,No,Yes,No,No,986813.77
4965,6,3,3,0,1,Suburban,Semi-Furnished,No,No,No,Yes,Yes,No,878837.21
1135,6,4,2,0,3,Lakeview,Furnished,Yes,No,No,Yes,No,Yes,741208.95
2193,2,4,3,1,11,Uptown,Semi-Furnished,No,No,Yes,No,Yes,No,712975.54
2182,2,4,3,0,10,Lakeview,Furnished,No,No,Yes,No,Yes,No,831652.71
619,2,4,2,0,3,Southend,Unfurnished,Yes,No,No,Yes,Yes,No,270071.32
1330,1,1,3,1,42,Midtown,Semi-Furnished,Yes,No,No,No,Yes,Yes,423135.87
4175,5,2,2,2,8,Northend,Semi-Furnished,Yes,Yes,No,No,No,No,652079.71
1869,2,4,2,3,9,Downtown,Furnished,No,Yes,No,Yes,No,No,733676.21
1240,6,3,1,2,26,Northend,Furnished,Yes,No,No,Yes,Yes,Yes,363484.25
616,5,3,1,0,5,Westside,Unfurnished,No,No,Yes,Yes,No,No,333309.26
3338,1,2,1,3,14,Northend,Semi-Furnished,Yes,No,Yes,Yes,Yes,Yes,554554.84
1650,5,1,1,2,41,Westside,Furnished,Yes,Yes,Yes,No,No,No,402221.11
2431,3,2,3,3,30,Rural,Unfurnished,Yes,No,No,Yes,No,No,316980.91
1512,5,4,3,0,21,Northend,Furnished,Yes,No,No,Yes,No,Yes,413223.5
2164,2,1,1,2,5,Uptown,Furnished,No,No,No,No,No,No,561281.23
1581,1,1,2,3,32,Lakeview,Unfurnished,Yes,No,No,Yes,No,No,473920.97
1012,2,4,2,3,28,Uptown,Unfurnished,Yes,No,No,Yes,No,No,397255.17
3349,6,3,2,2,20,Eastside,Unfurnished,Yes,No,No,No,Yes,No,576288.7
1059,3,4,2,2,29,Westside,Unfurnished,Yes,No,Yes,No,Yes,No,362052.57
4172,6,2,3,0,20,Southend,Unfurnished,Yes,No,No,Yes,No,No,671537.01
3843,2,4,2,1,35,Eastside,Unfurnished,No,No,No,Yes,Yes,No,558594.21
4570,2,3,2,3,21,Rural,Semi-Furnished,Yes,No,No,No,Yes,Yes,564230.24
1970,2,4,1,2,45,Uptown,Unfurnished,Yes,No,No,No,Yes,No,494889.7
1080,4,2,2,2,19,Southend,Semi-Furnished,No,Yes,No,No,No,Yes,354823.24
2794,3,2,3,2,21,Lakeview,Furnished,No,No,Yes,Yes,No,Yes,975886.71
3647,2,3,2,3,39,Suburban,Furnished,Yes,No,Yes,Yes,No,No,651829.43
4749,2,2,2,0,10,Downtown,Unfurnished,Yes,No,Yes,No,Yes,No,1117792.12
2179,6,2,3,1,46,Northend,Furnished,Yes,No,No,Yes,Yes,Yes,489313.44
4006,6,4,1,3,30,Northend,Unfurnished,Yes,No,Yes,Yes,Yes,No,602437.42
3244,2,1,3,0,39,Suburban,Unfurnished,Yes,No,No,Yes,No,No,483676.21
3856,1,2,1,3,12,Northend,Semi-Furnished,Yes,Yes,No,Yes,No,Yes,612895.81
4545,4,2,2,3,17,Uptown,Furnished,Yes,No,Yes,Yes,Yes,No,1161050.84
1743,6,3,1,2,21,Suburban,Unfurnished,No,Yes,Yes,Yes,Yes,No,475953.42
3618,1,3,1,0,16,Eastside,Furnished,No,Yes,No,No,No,Yes,577368.53
2641,4,4,1,2,37,Eastside,Semi-Furnished,Yes,No,No,No,No,No,398750.43
3559,2,4,2,2,24,Rural,Furnished,No,No,No,Yes,Yes,No,426539.81
3459,3,2,1,0,31,Downtown,Semi-Furnished,Yes,No,No,Yes,No,No,800392.55
2765,5,1,1,2,14,Midtown,Semi-Furnished,Yes,No,No,No,Yes,No,694539.04
2979,5,1,2,2,12,Suburban,Semi-Furnished,Yes,No,No,No,Yes,No,600030.62
2135,2,4,3,1,25,Midtown,Unfurnished,Yes,No,Yes,Yes,No,No,598519.98
2257,6,3,3,0,49,Northend,Unfurnished,Yes,No,No,Yes,Yes,Yes,425446.73
4952,1,2,3,0,10,Suburban,Furnished,Yes,Yes,Yes,Yes,Yes,No,855393.22
2570,3,2,2,2,12,Downtown,Unfurnished,Yes,No,Yes,Yes,Yes,Yes,898933.33
3349,4,1,2,2,32,Rural,Unfurnished,Yes,No,No,Yes,No,No,368008.13
3751,2,4,3,0,49,Lakeview,Furnished,Yes,Yes,Yes,Yes,No,Yes,1113317.91
4230,3,1,1,0,36,Eastside,Semi-Furnished,No,No,No,Yes,No,No,529971.35
2989,3,1,3,3,37,Westside,Semi-Furnished,Yes,No,No,No,No,No,585114.08
2131,6,4,2,0,0,Westside,Furnished,Yes,No,No,Yes,Yes,Yes,668736.04
3316,4,3,1,3,38,Eastside,Unfurnished,Yes,No,Yes,Yes,No,No,519921.93
1515,3,2,1,2,26,Northend,Furnished,Yes,Yes,Yes,Yes,Yes,No,345769.54
1848,6,3,2,1,35,Rural,Furnished,Yes,Yes,No,No,Yes,Yes,354402.97
3587,1,4,1,1,31,Rural,Unfurnished,No,No,No,Yes,No,No,393841.86
3339,6,4,3,3,40,Lakeview,Furnished,No,Yes,Yes,No,No,No,1068432.52
835,1,2,2,2,14,Northend,Unfurnished,Yes,No,No,Yes,Yes,No,211391.65
1395,1,3,2,2,30,Eastside,Unfurnished,Yes,No,Yes,Yes,No,No,256297.32
4046,3,2,2,2,5,Lakeview,Furnished,Yes,No,No,Yes,No,Yes,1215388.38
1351,6,1,2,0,24,Uptown,Semi-Furnished,Yes,No,No,Yes,No,No,507830.22
2187,1,1,1,2,48,Midtown,Unfurnished,Yes,No,No,Yes,No,Yes,496015.79
2431,4,1,2,0,17,Westside,Semi-Furnished,Yes,Yes,No,Yes,Yes,No,535665.71
4246,3,3,2,3,21,Southend,Unfurnished,No,No,Yes,Yes,No,Yes,734931.94
2927,6,1,1,1,30,Westside,Semi-Furnished,Yes,No,Yes,No,Yes,No,587555.81
2068,6,2,2,3,35,Northend,Furnished,Yes,Yes,Yes,Yes,Yes,No,456182.3
4500,5,3,1,2,8,Downtown,Unfurnished,Yes,No,No,Yes,Yes,Yes,1235263.07
3238,6,2,1,2,45,Westside,Furnished,Yes,No,No,Yes,Yes,Yes,665822.18
3998,3,4,2,3,2,Suburban,Furnished,No,No,No,No,No,No,715057.84
4413,4,3,3,0,32,Rural,Furnished,Yes,No,Yes,Yes,Yes,No,548892.08
1566,6,2,2,0,26,Westside,Unfurnished,Yes,No,No,Yes,Yes,No,381843.66
4880,5,2,3,0,42,Suburban,Furnished,Yes,No,No,Yes,Yes,No,779013.97
2944,3,3,1,1,0,Midtown,Furnished,Yes,No,No,Yes,No,No,742721.18
4607,1,4,3,1,43,Westside,Unfurnished,Yes,No,No,No,Yes,No,738646.71
3873,2,3,2,2,8,Uptown,Furnished,Yes,No,Yes,No,Yes,No,1011047.89
4469,2,1,2,3,4,Westside,Unfurnished,Yes,No,No,No,No,No,782233.58
3046,1,1,3,3,14,Westside,Furnished,Yes,No,No,Yes,No,No,630538.15
1253,6,4,2,2,49,Northend,Semi-Furnished,Yes,Yes,No,Yes,No,Yes,382621.72
2582,2,2,3,0,8,Southend,Furnished,No,Yes,No,Yes,No,Yes,548563.24
3274,2,2,1,1,44,Uptown,Semi-Furnished,Yes,Yes,No,Yes,Yes,Yes,780037.49
3396,1,2,3,3,27,Westside,Unfurnished,Yes,No,Yes,No,Yes,No,614886.68
4685,6,3,3,2,12,Westside,Semi-Furnished,No,Yes,No,No,No,No,949758.67
1275,6,3,3,0,23,Westside,Unfurnished,No,No,Yes,Yes,No,Yes,475061.86
2125,1,4,3,0,44,Suburban,Furnished,Yes,No,No,Yes,Yes,No,430999.71
3569,6,1,1,1,9,Midtown,Semi-Furnished,Yes,Yes,Yes,Yes,Yes,No,942292.85
917,6,2,1,1,41,Downtown,Furnished,No,No,No,No,No,Yes,472101.07
614,3,1,1,2,21,Downtown,Semi-Furnished,No,No,Yes,Yes,No,Yes,457146.62
1116,3,3,3,2,38,Downtown,Unfurnished,Yes,No,No,No,Yes,Yes,545743.02
4474,1,3,1,0,21,Eastside,Unfurnished,No,No,No,No,Yes,No,592039.64
3767,4,3,2,0,36,Downtown,Unfurnished,Yes,Yes,No,No,No,Yes,967644.35
1325,2,1,1,3,38,Westside,Unfurnished,Yes,No,Yes,Yes,Yes,No,345404.51
2016,3,4,3,0,19,Suburban,Furnished,Yes,No,No,No,Yes,No,490449.25
3646,2,4,2,2,9,Westside,Furnished,No,No,No,No,Yes,No,714973.48
912,5,3,3,1,9,Westside,Furnished,Yes,No,No,Yes,Yes,No,479969.18
1228,1,2,2,2,25,Rural,Furnished,Yes,Yes,Yes,Yes,No,Yes,289396.79
3848,4,1,3,3,24,Northend,Furnished,Yes,No,No,Yes,No,No,551931.65
3308,5,3,3,3,27,Midtown,Unfurnished,Yes,No,No,Yes,Yes,Yes,910031.02
1175,5,1,2,1,12,Eastside,Furnished,No,No,Yes,Yes,Yes,No,373546.45
3965,6,1,1,2,14,Midtown,Furnished,Yes,Yes,No,No,No,No,930167.23
3004,5,4,2,3,5,Downtown,Furnished,Yes,Yes,No,No,Yes,No,1051732.14
3467,1,3,2,2,11,Westside,Unfurnished,Yes,No,Yes,No,No,Yes,698351.01
3286,3,4,2,3,18,Uptown,Unfurnished,Yes,Yes,No,No,Yes,No,893257.08
1622,1,3,2,1,31,Southend,Unfurnished,No,Yes,No,Yes,Yes,No,336763.6
4579,3,1,2,3,10,Southend,Unfurnished,Yes,Yes,No,Yes,No,No,725571.3
2071,5,4,3,2,37,Northend,Furnished,Yes,No,No,Yes,No,No,419003.11
2643,5,1,3,2,32,Eastside,Furnished,Yes,Yes,No,No,No,No,492067.56
2187,4,3,1,3,1,Suburban,Semi-Furnished,Yes,No,No,Yes,Yes,Yes,599956.2
4632,3,2,1,0,14,Northend,Furnished,Yes,No,Yes,No,Yes,No,645120.09
4351,5,4,2,1,35,Rural,Unfurnished,Yes,No,No,No,Yes,Yes,534091.02
3940,6,4,1,1,4,Westside,Unfurnished,No,No,Yes,Yes,Yes,No,815074.77
4266,2,1,1,3,14,Lakeview,Furnished,Yes,No,Yes,No,No,No,1144261.24
2826,4,1,2,3,42,Eastside,Semi-Furnished,Yes,No,No,Yes,Yes,Yes,531078.56
3414,1,2,3,0,9,Westside,Unfurnished,Yes,Yes,Yes,No,Yes,No,718099.71
4452,4,4,3,1,16,Uptown,Semi-Furnished,Yes,Yes,No,No,No,No,1119618.79
1095,2,3,1,0,33,Midtown,Unfurnished,Yes,No,No,No,Yes,No,312353.67
1228,3,3,3,1,23,Suburban,Unfurnished,No,Yes,No,No,No,No,335522.02
1865,1,4,3,3,9,Southend,Furnished,Yes,No,No,Yes,No,No,478488.5
4992,1,4,1,1,29,Eastside,Unfurnished,Yes,No,No,Yes,Yes,Yes,679322.4
1198,3,4,2,1,2,Eastside,Semi-Furnished,Yes,Yes,No,No,Yes,No,365481.8
895,4,2,1,1,36,Midtown,Semi-Furnished,Yes,No,No,Yes,No,No,304004.56
4671,5,3,1,0,2,Uptown,Furnished,Yes,No,No,Yes,No,Yes,1206967.78
4860,4,3,1,0,39,Westside,Unfurnished,Yes,No,No,No,No,Yes,805148.01
3002,2,1,2,1,4,Suburban,Semi-Furnished,Yes,No,No,Yes,Yes,No,527423.87
2319,6,1,2,2,27,Midtown,Furnished,Yes,Yes,No,No,Yes,No,684770.31
1217,5,4,2,0,43,Midtown,Semi-Furnished,Yes,No,No,No,No,No,403591.45
3282,4,1,2,3,13,Midtown,Furnished,Yes,No,No,No,Yes,No,834661.15
4077,6,2,1,3,38,Eastside,Semi-Furnished,No,No,No,No,Yes,No,597230.61
643,6,3,3,1,10,Eastside,Unfurnished,Yes,No,No,No,No,No,267470.98
3640,3,3,1,3,7,Eastside,Semi-Furnished,Yes,No,No,Yes,No,No,612518.66
4991,2,1,2,0,36,Eastside,Semi-Furnished,Yes,No,No,Yes,No,No,643767.29
3438,2,4,3,2,7,Suburban,Furnished,Yes,No,No,Yes,Yes,No,700418.92
4136,2,1,1,2,11,Uptown,Furnished,Yes,Yes,No,No,Yes,Yes,1064408.12
3722,5,4,3,2,14,Lakeview,Furnished,Yes,No,No,Yes,No,No,1156265.17
1667,1,2,2,3,18,Suburban,Semi-Furnished,Yes,No,No,No,No,No,360404.93
3116,5,3,3,1,47,Uptown,Furnished,Yes,Yes,No,Yes,No,No,795373.38
1562,4,2,3,3,45,Westside,Unfurnished,Yes,No,No,No,No,Yes,433258.23
2656,6,3,2,1,27,Rural,Furnished,Yes,Yes,No,No,Yes,No,347373.08
3482,6,2,3,2,6,Westside,Furnished,No,No,No,No,No,Yes,798466.09
3794,1,1,1,0,39,Uptown,Unfurnished,Yes,Yes,No,Yes,Yes,No,762774.54
1656,4,2,3,3,6,Midtown,Furnished,Yes,Yes,No,Yes,No,Yes,721141.75
1232,1,2,1,0,29,Lakeview,Furnished,Yes,No,No,Yes,No,No,396798.04
4830,6,1,3,2,17,Southend,Semi-Furnished,Yes,No,No,Yes,No,No,767911.65
1453,5,3,3,1,23,Northend,Semi-Furnished,Yes,No,No,Yes,Yes,Yes,377580.32
3039,2,3,2,0,5,Eastside,Furnished,Yes,No,Yes,Yes,No,Yes,613250.41
3824,6,1,2,3,3,Downtown,Unfurnished,Yes,No,No,Yes,No,Yes,1110687.14
3801,3,2,1,0,2,Southend,Furnished,Yes,Yes,No,No,No,No,636259.94
2042,2,2,2,0,48,Southend,Furnished,Yes,Yes,No,No,No,Yes,406146.62
1691,6,2,2,3,46,Westside,Furnished,Yes,Yes,No,Yes,Yes,Yes,568778.72
3493,5,4,2,1,5,Eastside,Semi-Furnished,Yes,No,Yes,No,Yes,No,655567.44
3181,1,3,2,3,25,Rural,Unfurnished,Yes,No,No,Yes,No,Yes,416115.31
1717,2,2,2,2,43,Uptown,Unfurnished,Yes,Yes,No,Yes,No,No,444233.0
2040,5,3,1,1,37,Eastside,Unfurnished,Yes,No,Yes,Yes,No,No,383388.27
3736,4,2,1,0,10,Downtown,Semi-Furnished,Yes,No,No,No,Yes,Yes,1003334.3
2886,3,1,2,3,28,Downtown,Semi-Furnished,No,Yes,Yes,Yes,Yes,No,866464.97
4219,2,1,2,2,19,Uptown,Furnished,Yes,No,No,No,Yes,No,998596.46
1888,1,3,1,3,9,Southend,Semi-Furnished,Yes,No,Yes,Yes,No,No,390911.77
2356,4,3,3,1,25,Eastside,Furnished,Yes,No,Yes,No,No,Yes,496830.53
1865,5,1,1,2,47,Downtown,Semi-Furnished,Yes,No,Yes,Yes,Yes,Yes,710933.01
999,3,4,3,0,26,Uptown,Furnished,Yes,No,Yes,No,Yes,No,514496.31
2180,1,1,2,1,49,Northend,Semi-Furnished,Yes,No,No,No,Yes,Yes,347798.84
1010,5,2,2,2,13,Northend,Unfurnished,Yes,No,No,No,No,Yes,281460.49
4812,5,4,1,1,35,Suburban,Furnished,Yes,No,No,No,Yes,No,803731.91
1824,2,1,2,0,11,Eastside,Semi-Furnished,Yes,Yes,Yes,Yes,Yes,No,425338.87
1655,2,4,3,2,22,Lakeview,Semi-Furnished,Yes,No,No,No,No,No,667821.15
2327,1,4,3,3,20,Uptown,Furnished,Yes,Yes,No,No,No,No,766784.89
3641,6,4,1,3,7,Southend,Semi-Furnished,Yes,No,No,Yes,Yes,Yes,718706.6
3986,6,3,3,0,38,Rural,Unfurnished,Yes,Yes,No,No,No,No,499592.52
2310,5,1,1,2,8,Downtown,Furnished,Yes,No,No,Yes,Yes,No,794892.99
3423,2,3,1,0,23,Midtown,Furnished,Yes,No,No,Yes,Yes,Yes,825410.1
2714,3,3,3,0,30,Eastside,Furnished,Yes,No,No,No,Yes,Yes,528383.04
4686,3,2,3,1,24,Downtown,Furnished,Yes,Yes,No,Yes,No,No,1231265.86
1213,5,2,3,3,16,Suburban,Furnished,Yes,No,Yes,Yes,Yes,No,449363.55
4102,2,4,3,0,41,Uptown,Unfurnished,Yes,No,No,Yes,Yes,No,904138.39
4634,1,4,3,1,28,Southend,Furnished,Yes,No,Yes,No,Yes,No,771825.83
4022,1,2,3,0,2,Downtown,Unfurnished,Yes,No,No,No,No,No,970288.47
4768,1,2,3,0,20,Midtown,Unfurnished,No,No,No,Yes,Yes,Yes,963227.38
1743,3,1,2,0,7,Rural,Unfurnished,Yes,Yes,Yes,No,No,No,290432.86
4209,2,4,1,3,13,Uptown,Furnished,Yes,No,Yes,Yes,Yes,Yes,1116387.07
1581,2,4,1,2,38,Uptown,Unfurnished,Yes,Yes,No,No,No,No,442352.86
955,3,2,3,3,15,Lakeview,Furnished,Yes,No,Yes,Yes,No,Yes,677015.05
1394,1,1,1,1,17,Suburban,Unfurnished,Yes,Yes,No,Yes,No,No,277658.84
1884,1,2,3,2,30,Uptown,Furnished,Yes,No,No,Yes,No,No,580307.06
2458,5,2,2,1,10,Southend,Semi-Furnished,Yes,No,No,Yes,No,No,482585.55
3572,6,3,1,0,37,Uptown,Semi-Furnished,Yes,No,No,No,Yes,No,846701.9
2496,4,4,1,2,19,Lakeview,Unfurnished,Yes,Yes,No,No,Yes,No,863758.26
4785,6,1,2,1,45,Suburban,Semi-Furnished,Yes,No,No,Yes,Yes,Yes,807034.27
1004,2,3,2,0,44,Eastside,Unfurnished,Yes,No,No,No,Yes,No,199991.18
1714,2,4,2,1,3,Westside,Unfurnished,Yes,Yes,No,Yes,No,Yes,519400.39
2031,2,2,1,1,19,Eastside,Unfurnished,Yes,No,No,No,Yes,Yes,389573.29
3940,6,1,1,3,30,Northend,Semi-Furnished,Yes,Yes,Yes,No,Yes,Yes,685075.46
1323,4,4,2,0,19,Lakeview,Unfurnished,No,No,No,Yes,No,No,506881.5
1428,5,2,2,3,10,Uptown,Semi-Furnished,Yes,No,No,No,Yes,No,603006.45
633,6,3,2,2,49,Suburban,Semi-Furnished,Yes,No,Yes,No,Yes,No,273453.6
2605,4,1,2,0,0,Eastside,Furnished,Yes,No,No,Yes,Yes,No,466996.85
4127,1,4,2,3,43,Eastside,Semi-Furnished,Yes,No,No,Yes,No,No,579644.23
2352,1,3,3,3,17,Northend,Furnished,Yes,Yes,No,No,No,No,444472.97
4675,2,2,2,2,38,Eastside,Unfurnished,Yes,No,No,Yes,Yes,Yes,631451.86
3433,3,2,3,1,43,Lakeview,Unfurnished,Yes,No,No,No,No,No,829938.42
3784,2,4,1,1,32,Eastside,Furnished,Yes,No,No,Yes,No,No,540506.08
4798,3,2,1,1,35,Southend,Unfurnished,No,No,No,No,Yes,Yes,697107.09
3311,4,1,3,2,17,Northend,Furnished,Yes,Yes,No,No,Yes,No,594225.08
1750,1,4,2,3,46,Suburban,Furnished,No,No,No,No,No,Yes,365216.1
4012,6,3,1,0,30,Suburban,Unfurnished,Yes,No,Yes,Yes,Yes,No,687395.38
1756,3,4,2,2,34,Eastside,Furnished,No,No,No,Yes,No,No,390618.75
3876,4,4,2,1,38,Lakeview,Furnished,Yes,No,No,Yes,No,No,1084685.02
3986,1,3,3,1,37,Lakeview,Furnished,Yes,No,No,Yes,Yes,Yes,1090513.55
4084,6,2,1,0,14,Rural,Unfurnished,Yes,Yes,No,No,No,No,472938.65
1896,3,3,1,2,46,Downtown,Unfurnished,Yes,No,No,No,No,Yes,565387.51
4137,2,1,3,1,5,Southend,Unfurnished,No,No,No,Yes,Yes,Yes,706555.67
3830,2,2,2,2,7,Rural,Unfurnished,Yes,Yes,Yes,No,No,No,498212.92
3203,2,4,2,3,39,Downtown,Unfurnished,Yes,No,No,No,Yes,No,774287.51
970,4,2,1,2,21,Westside,Semi-Furnished,No,No,No,No,No,Yes,354388.33
1853,2,2,3,3,0,Midtown,Semi-Furnished,No,Yes,Yes,No,Yes,Yes,734566.22
3283,5,1,3,0,12,Downtown,Furnished,Yes,No,No,Yes,No,No,970516.3
3331,1,2,2,3,23,Midtown,Semi-Furnished,Yes,No,No,Yes,No,No,735145.45
857,4,2,2,3,20,Northend,Unfurnished,Yes,Yes,No,No,No,No,270299.88
3519,6,2,3,0,44,Eastside,Unfurnished,Yes,No,Yes,No,Yes,Yes,613346.32
1167,2,4,1,1,42,Downtown,Unfurnished,No,No,No,Yes,Yes,Yes,441174.36
4968,1,2,2,0,3,Lakeview,Furnished,Yes,No,No,Yes,No,No,1278376.75
1645,3,3,3,2,6,Southend,Furnished,Yes,Yes,No,No,No,No,432739.13
4685,2,2,3,0,11,Westside,Furnished,No,No,No,No,No,Yes,898369.42
4219,1,1,3,2,12,Suburban,Furnished,Yes,No,No,Yes,Yes,No,720440.99
3245,5,2,1,1,43,Rural,Furnished,No,No,Yes,Yes,Yes,No,396792.43
1039,3,2,2,2,15,Eastside,Furnished,Yes,No,No,No,No,Yes,336698.44
3279,5,4,2,0,5,Rural,Semi-Furnished,No,No,No,No,Yes,Yes,476825.04
4636,6,3,2,0,13,Rural,Unfurnished,Yes,Yes,No,Yes,No,No,593586.59
4275,1,2,1,1,47,Uptown,Semi-Furnished,Yes,Yes,Yes,No,No,No,854708.01
3008,5,3,2,0,30,Rural,Furnished,Yes,Yes,No,No,No,Yes,416357.4
3279,6,1,2,1,35,Rural,Unfurnished,Yes,No,No,No,No,Yes,392027.15
1424,1,4,2,1,36,Uptown,Unfurnished,Yes,No,Yes,Yes,Yes,No,467066.15
3456,1,3,2,0,40,Uptown,Unfurnished,Yes,No,No,No,Yes,No,699192.81
2081,5,4,1,3,34,Southend,Semi-Furnished,Yes,No,No,No,Yes,No,388750.61
3824,1,2,3,2,9,Downtown,Unfurnished,Yes,Yes,No,Yes,No,No,976072.02
4985,2,1,3,3,16,Downtown,Furnished,Yes,No,No,Yes,No,Yes,1271453.61
755,1,4,2,1,41,Southend,Furnished,Yes,No,No,Yes,Yes,No,263616.5
2338,4,2,2,2,29,Uptown,Semi-Furnished,Yes,No,No,Yes,No,No,658690.56
2444,6,3,2,3,43,Midtown,Semi-Furnished,No,Yes,No,Yes,No,No,667822.95
509,1,1,1,0,6,Suburban,Furnished,Yes,No,Yes,No,Yes,No,216557.6
3371,4,1,2,3,17,Southend,Semi-Furnished,No,No,Yes,Yes,Yes,No,638688.72
1297,1,3,1,2,18,Westside,Unfurnished,Yes,No,No,No,No,No,286758.69
1515,1,3,2,2,14,Southend,Semi-Furnished,Yes,No,Yes,No,Yes,No,396144.84
2324,5,1,2,2,38,Uptown,Unfurnished,Yes,No,No,Yes,No,No,606990.25
4969,2,4,3,2,43,Midtown,Unfurnished,Yes,No,No,Yes,No,Yes,1015073.22
3636,6,1,2,3,21,Eastside,Unfurnished,Yes,No,Yes,No,Yes,No,619903.52
2693,2,3,1,0,38,Uptown,Unfurnished,Yes,Yes,No,No,Yes,No,622284.97
723,3,4,3,0,41,Northend,Unfurnished,Yes,No,No,Yes,No,No,219156.59
4658,5,2,1,2,29,Northend,Furnished,Yes,No,Yes,No,No,No,645478.38
4425,5,1,3,0,19,Suburban,Furnished,Yes,No,No,No,Yes,Yes,818332.53
4500,2,3,1,3,31,Uptown,Furnished,Yes,Yes,No,No,No,No,993389.45
2133,5,2,3,0,41,Lakeview,Unfurnished,Yes,No,No,Yes,No,Yes,757474.19
2652,2,1,1,1,24,Northend,Semi-Furnished,Yes,Yes,Yes,Yes,Yes,Yes,475474.85
1010,5,1,1,0,22,Rural,Semi-Furnished,No,No,No,No,Yes,Yes,208303.7
884,1,4,2,2,4,Eastside,Unfurnished,Yes,Yes,No,Yes,No,No,301262.9
904,2,3,3,0,49,Rural,Semi-Furnished,No,No,No,No,Yes,No,179742.6
2500,2,2,3,0,40,Westside,Unfurnished,Yes,Yes,No,Yes,No,No,467944.45
3256,4,1,2,0,29,Suburban,Semi-Furnished,No,No,No,Yes,No,Yes,616322.42
2168,5,4,1,0,47,Westside,Unfurnished,Yes,No,No,Yes,Yes,No,474887.57
1960,5,2,1,1,38,Westside,Semi-Furnished,Yes,No,No,Yes,Yes,No,444387.92
4136,2,2,3,3,26,Northend,Semi-Furnished,Yes,No,No,Yes,No,No,572159.83
3224,1,1,1,2,41,Uptown,Furnished,Yes,No,No,No,Yes,No,669431.33
4678,1,2,3,2,36,Downtown,Semi-Furnished,Yes,No,No,Yes,No,No,1033535.47
2548,6,1,3,0,6,Northend,Semi-Furnished,No,Yes,No,Yes,Yes,Yes,498465.94
4646,1,4,1,3,4,Southend,Unfurnished,Yes,Yes,No,Yes,Yes,No,755253.01
1216,5,4,1,0,14,Downtown,Semi-Furnished,Yes,No,Yes,Yes,Yes,No,607389.56
2323,4,2,1,1,41,Uptown,Semi-Furnished,No,No,Yes,No,Yes,Yes,662319.46
2581,2,1,2,3,7,Westside,Semi-Furnished,No,Yes,No,No,No,Yes,550974.22
3919,3,3,3,3,8,Midtown,Semi-Furnished,Yes,No,No,No,No,No,933985.58
2074,4,4,1,3,10,Suburban,Semi-Furnished,No,Yes,Yes,No,Yes,No,530967.23
749,3,1,2,3,21,Uptown,Furnished,Yes,No,No,Yes,Yes,No,434134.61
1173,4,1,1,0,33,Midtown,Semi-Furnished,Yes,No,No,Yes,Yes,Yes,431299.27
2665,1,1,3,1,34,Eastside,Unfurnished,Yes,No,No,Yes,Yes,No,419869.69
1270,5,2,2,3,12,Westside,Unfurnished,Yes,No,No,Yes,Yes,Yes,454116.71
4462,3,3,3,2,10,Rural,Semi-Furnished,Yes,No,No,No,No,Yes,614898.16
4863,4,2,1,2,31,Southend,Semi-Furnished,Yes,No,Yes,Yes,No,Yes,753051.76
2484,5,4,1,1,41,Midtown,Semi-Furnished,Yes,No,No,Yes,No,No,598613.85
1577,3,2,1,2,14,Uptown,Furnished,Yes,No,Yes,Yes,Yes,Yes,625044.16
735,2,1,2,0,37,Rural,Unfurnished,Yes,Yes,No,Yes,No,Yes,175374.1
888,4,2,2,0,0,Northend,Furnished,Yes,No,No,Yes,No,No,287301.65
3537,2,1,2,1,45,Eastside,Furnished,Yes,No,Yes,Yes,No,Yes,558874.72
2348,1,3,2,3,49,Eastside,Semi-Furnished,Yes,No,No,Yes,Yes,No,385053.93
3314,2,2,1,2,23,Northend,Semi-Furnished,Yes,No,No,Yes,No,Yes,491881.68
3874,2,2,1,2,42,Eastside,Unfurnished,No,No,No,Yes,Yes,Yes,575440.71
3778,6,2,1,1,39,Rural,Semi-Furnished,No,No,No,Yes,No,No,409211.76
1752,4,1,2,1,21,Rural,Unfurnished,Yes,No,Yes,Yes,Yes,No,301275.97
4481,1,1,2,2,2,Suburban,Furnished,Yes,No,No,No,No,No,708118.28
2622,2,2,1,3,13,Downtown,Unfurnished,No,No,No,No,Yes,No,714271.08
2650,5,2,1,1,1,Uptown,Unfurnished,Yes,No,No,No,Yes,No,721117.9
1829,3,3,2,0,31,Midtown,Unfurnished,Yes,Yes,No,Yes,Yes,No,512946.41
1858,2,3,3,2,47,Suburban,Furnished,Yes,No,No,No,Yes,No,387347.84
2982,1,4,1,1,37,Downtown,Furnished,Yes,No,No,No,No,No,728779.47
2517,2,3,1,1,32,Rural,Semi-Furnished,Yes,No,No,Yes,Yes,No,296654.45
1831,3,3,1,1,45,Westside,Semi-Furnished,Yes,No,Yes,No,Yes,Yes,454309.68
4844,1,3,2,2,41,Suburban,Unfurnished,Yes,No,No,Yes,No,No,681752.52
4761,4,1,1,0,5,Lakeview,Unfurnished,Yes,No,Yes,Yes,Yes,No,1236422.74
1858,1,3,1,0,40,Eastside,Furnished,No,Yes,No,No,No,No,296557.31
3677,4,3,1,2,38,Eastside,Furnished,Yes,No,No,Yes,No,Yes,583694.81
2628,1,2,1,1,24,Rural,Furnished,Yes,Yes,Yes,No,No,No,332376.01
2680,3,1,1,2,33,Downtown,Unfurnished,Yes,No,No,Yes,Yes,Yes,745629.08
637,3,4,3,2,10,Southend,Unfurnished,Yes,No,No,No,Yes,No,326405.96
3972,1,4,3,1,45,Uptown,Furnished,Yes,Yes,Yes,Yes,No,Yes,1029208.72
3332,2,3,1,2,36,Suburban,Unfurnished,Yes,Yes,Yes,No,Yes,No,588056.81
4079,3,4,1,3,40,Northend,Furnished,Yes,Yes,No,No,No,No,587977.95
3531,4,4,1,0,6,Lakeview,Semi-Furnished,Yes,No,No,Yes,No,No,999316.31
4664,4,4,1,3,45,Lakeview,Furnished,Yes,Yes,No,Yes,No,Yes,1322708.53
3093,5,3,2,3,47,Midtown,Unfurnished,No,No,Yes,Yes,No,No,710633.28
4800,6,4,2,3,21,Lakeview,Unfurnished,No,No,Yes,No,No,Yes,1415218.62
4318,6,3,2,2,47,Eastside,Unfurnished,Yes,No,No,Yes,Yes,No,686443.67
4638,6,2,3,1,38,Uptown,Unfurnished,No,No,No,Yes,No,No,1015210.76
4323,4,2,1,2,9,Rural,Furnished,Yes,No,No,Yes,Yes,Yes,590965.92
4542,5,4,2,0,20,Lakeview,Furnished,No,Yes,No,Yes,Yes,No,1321684.63
2406,6,2,1,2,5,Northend,Semi-Furnished,Yes,No,Yes,Yes,Yes,No,482281.25
1260,6,3,1,2,48,Suburban,Furnished,Yes,Yes,No,No,Yes,No,362014.96
3945,1,2,3,2,0,Downtown,Semi-Furnished,Yes,Yes,No,No,Yes,No,1057231.25
1399,1,4,3,2,33,Uptown,Furnished,No,No,Yes,No,No,Yes,603750.23
4955,1,3,2,3,13,Midtown,Furnished,Yes,No,No,No,Yes,Yes,1106106.12
3447,2,1,2,1,35,Lakeview,Unfurnished,Yes,Yes,No,No,Yes,No,861222.31
2219,6,3,3,0,26,Eastside,Semi-Furnished,No,Yes,No,Yes,Yes,No,510773.92
780,2,2,3,0,8,Southend,Unfurnished,Yes,No,No,Yes,Yes,No,261999.66
3766,5,1,1,0,5,Westside,Unfurnished,Yes,Yes,No,Yes,Yes,Yes,823558.86
2387,4,3,1,2,30,Downtown,Furnished,Yes,No,No,Yes,No,No,755154.22
3766,6,1,2,0,16,Northend,Furnished,No,No,No,Yes,No,No,545114.14
1166,4,1,2,3,42,Suburban,Semi-Furnished,No,Yes,No,No,No,Yes,357695.58
4688,1,1,3,1,35,Midtown,Semi-Furnished,No,No,No,No,No,No,866921.19
1171,6,3,2,2,20,Rural,Furnished,Yes,Yes,Yes,No,No,Yes,363407.09
2469,3,2,1,2,26,Westside,Semi-Furnished,Yes,Yes,No,Yes,No,No,543994.02
4656,2,3,3,3,40,Suburban,Furnished,Yes,Yes,Yes,Yes,No,No,768405.26
3622,2,2,1,0,27,Uptown,Furnished,Yes,Yes,No,No,No,No,830130.39
4400,6,3,3,2,15,Southend,Furnished,Yes,Yes,Yes,Yes,No,Yes,891675.08
1023,1,3,3,2,34,Rural,Semi-Furnished,Yes,Yes,No,Yes,Yes,Yes,253374.4
2893,2,3,1,3,35,Suburban,Unfurnished,No,No,No,No,Yes,No,481997.14
3617,1,2,2,3,34,Suburban,Semi-Furnished,No,No,No,Yes,No,Yes,629791.21
3093,5,3,2,0,44,Southend,Unfurnished,Yes,No,No,No,Yes,No,483503.46
2468,4,1,2,1,18,Westside,Semi-Furnished,Yes,Yes,No,Yes,No,No,526340.29
2253,3,3,2,1,20,Suburban,Unfurnished,Yes,No,Yes,No,No,Yes,543526.81
2796,4,1,1,0,32,Rural,Unfurnished,Yes,No,No,Yes,No,No,290489.07
2761,4,4,3,1,22,Downtown,Semi-Furnished,Yes,Yes,Yes,Yes,Yes,No,926304.81
2786,5,4,1,3,5,Suburban,Semi-Furnished,Yes,No,No,Yes,No,No,596285.16
4702,2,2,2,3,31,Suburban,Unfurnished,No,No,No,Yes,No,Yes,690922.6
3378,3,2,2,3,21,Suburban,Furnished,Yes,No,No,Yes,No,Yes,668974.13
4643,2,4,1,1,2,Eastside,Unfurnished,Yes,No,No,No,No,No,670276.14
4144,6,3,3,1,34,Rural,Unfurnished,Yes,No,No,No,No,No,472036.17
4932,4,3,1,2,15,Midtown,Furnished,Yes,No,No,Yes,No,No,1067283.37
2555,6,3,1,2,41,Suburban,Unfurnished,Yes,No,No,Yes,Yes,Yes,545199.99
1776,1,4,1,2,24,Uptown,Furnished,No,No,Yes,Yes,Yes,Yes,665482.97
3266,4,1,3,1,16,Southend,Furnished,Yes,No,No,Yes,No,No,578001.36
802,2,2,1,2,38,Southend,Semi-Furnished,No,No,Yes,No,Yes,No,223283.81
1138,4,1,1,3,12,Eastside,Unfurnished,Yes,Yes,No,Yes,No,No,304805.11
555,1,4,2,1,27,Northend,Unfurnished,Yes,No,No,No,No,Yes,205981.39
1025,5,1,1,0,10,Uptown,Furnished,No,No,No,Yes,Yes,Yes,528705.88
4623,6,3,2,1,9,Uptown,Unfurnished,Yes,No,Yes,No,Yes,No,1194987.5
2625,6,3,2,2,38,Rural,Furnished,Yes,No,No,No,Yes,No,391491.73
3787,2,1,2,1,23,Westside,Unfurnished,Yes,No,No,Yes,Yes,No,663293.22
864,4,4,3,2,37,Downtown,Unfurnished,Yes,No,No,Yes,Yes,No,444534.64
2146,2,1,2,2,23,Rural,Furnished,Yes,No,Yes,Yes,No,No,366974.36
1418,5,3,1,0,32,Suburban,Furnished,No,No,Yes,Yes,No,No,384755.2
3297,4,3,1,0,16,Eastside,Unfurnished,No,Yes,Yes,Yes,Yes,Yes,604856.41
2031,4,4,2,3,43,Southend,Unfurnished,Yes,Yes,Yes,Yes,Yes,No,495842.79
3845,2,1,2,2,35,Midtown,Furnished,Yes,No,Yes,Yes,No,No,806352.7
2406,2,3,1,1,34,Eastside,Semi-Furnished,No,No,No,Yes,No,No,335060.93
3586,1,3,2,0,5,Northend,Semi-Furnished,Yes,No,Yes,Yes,No,No,561999.93
2575,5,1,3,0,15,Lakeview,Unfurnished,Yes,No,Yes,No,No,No,858751.21
1213,1,1,2,2,44,Suburban,Unfurnished,Yes,No,Yes,Yes,Yes,No,232480.46
1562,6,2,3,1,27,Eastside,Unfurnished,Yes,No,No,Yes,Yes,No,351449.42
2476,4,4,3,0,40,Rural,Furnished,Yes,No,No,Yes,No,No,319800.94
1796,2,4,3,0,31,Northend,Unfurnished,Yes,No,No,No,Yes,Yes,381908.76
625,4,1,2,1,25,Westside,Unfurnished,No,No,No,Yes,Yes,No,251613.97
4096,4,4,3,0,10,Rural,Unfurnished,Yes,No,No,No,No,Yes,537354.68
3783,3,3,3,1,24,Northend,Semi-Furnished,No,Yes,Yes,Yes,Yes,Yes,626876.58
2103,6,1,2,2,30,Rural,Unfurnished,Yes,No,No,Yes,Yes,Yes,354808.01
566,3,1,3,0,20,Southend,Unfurnished,Yes,No,No,Yes,Yes,No,197061.08
732,4,1,2,2,44,Rural,Furnished,Yes,No,No,Yes,No,Yes,224289.56
2656,2,2,1,1,2,Downtown,Semi-Furnished,No,No,No,Yes,No,No,754061.65
1669,4,4,3,2,11,Suburban,Furnished,Yes,Yes,Yes,Yes,Yes,No,510906.05
2658,6,2,2,2,39,Midtown,Unfurnished,Yes,No,Yes,No,No,No,690517.54
4706,3,3,1,2,45,Suburban,Unfurnished,Yes,No,No,Yes,Yes,Yes,738755.3
1993,2,4,3,3,40,Midtown,Unfurnished,Yes,No,No,Yes,Yes,No,555905.89
4507,4,2,3,1,24,Midtown,Unfurnished,Yes,Yes,No,No,No,Yes,1015207.69
2972,5,1,2,1,16,Midtown,Unfurnished,Yes,No,No,No,No,No,663294.81
3160,6,2,1,1,37,Downtown,Furnished,No,No,Yes,No,No,Yes,962284.75
3239,6,1,2,1,35,Southend,Unfurnished,Yes,No,Yes,No,No,Yes,572379.56
2261,5,2,3,1,35,Lakeview,Unfurnished,Yes,No,Yes,No,No,Yes,855353.19
4014,4,2,3,0,18,Eastside,Semi-Furnished,No,No,No,Yes,Yes,No,636703.95
2475,6,2,3,0,43,Suburban,Semi-Furnished,Yes,No,No,Yes,Yes,No,495377.56
2862,2,1,3,0,1,Rural,Unfurnished,No,Yes,No,No,Yes,Yes,446185.43
1376,4,2,1,2,16,Northend,Unfurnished,Yes,No,Yes,Yes,Yes,No,324022.36
4312,4,4,1,2,29,Eastside,Unfurnished,No,No,No,Yes,No,Yes,672139.81
3948,3,4,2,1,46,Midtown,Unfurnished,Yes,No,No,No,No,No,791825.4
1812,6,4,2,3,9,Midtown,Unfurnished,Yes,No,Yes,Yes,No,No,640955.88
1960,6,1,2,1,34,Southend,Unfurnished,Yes,No,No,No,No,No,349620.81
3209,5,1,3,0,35,Uptown,Furnished,Yes,Yes,No,No,Yes,No,853060.37
2824,3,4,2,1,32,Uptown,Furnished,Yes,No,No,Yes,No,No,742601.37
2233,3,4,1,2,0,Eastside,Furnished,No,No,Yes,No,No,No,478106.81
2105,6,4,2,1,17,Downtown,Semi-Furnished,Yes,No,No,No,No,Yes,778269.39
3063,4,3,2,0,3,Rural,Unfurnished,No,No,No,Yes,Yes,No,403448.54
3921,3,4,1,1,46,Suburban,Semi-Furnished,Yes,Yes,No,No,No,No,622648.64
4017,5,2,1,2,26,Lakeview,Semi-Furnished,Yes,No,No,Yes,No,No,1079824.87
2897,3,3,3,3,24,Westside,Semi-Furnished,Yes,No,Yes,No,No,No,632636.28
4235,5,3,1,0,27,Westside,Furnished,Yes,No,No,Yes,Yes,No,771876.04
3370,3,1,1,1,21,Lakeview,Unfurnished,Yes,Yes,No,No,No,No,856553.96
1660,5,2,2,2,41,Downtown,Unfurnished,No,No,Yes,No,Yes,No,575261.65
742,3,1,1,0,24,Westside,Semi-Furnished,Yes,No,No,Yes,No,No,210423.68
3090,3,1,3,0,16,Lakeview,Furnished,Yes,No,No,Yes,Yes,No,939770.29
1563,2,2,2,2,43,Suburban,Semi-Furnished,Yes,Yes,No,Yes,Yes,Yes,396589.98
4824,5,1,3,1,11,Midtown,Semi-Furnished,Yes,No,Yes,No,Yes,No,1072861.96
3095,5,2,1,1,15,Westside,Unfurnished,No,No,Yes,Yes,Yes,No,606835.46
1419,5,2,3,1,36,Rural,Furnished,Yes,Yes,No,No,Yes,No,321913.77
505,1,1,3,0,15,Rural,Unfurnished,Yes,No,Yes,No,No,No,165086.84
967,3,4,1,3,16,Rural,Semi-Furnished,Yes,No,Yes,Yes,Yes,No,280674.58
4670,5,1,1,0,30,Midtown,Unfurnished,Yes,Yes,No,Yes,No,No,912840.11
503,6,3,2,1,14,Southend,Semi-Furnished,Yes,No,No,No,Yes,Yes,348148.66
1145,1,1,2,0,12,Midtown,Furnished,Yes,No,Yes,No,No,No,421514.3
617,2,2,2,3,39,Midtown,Unfurnished,No,Yes,Yes,Yes,No,No,337084.95
3428,5,3,1,0,26,Midtown,Unfurnished,Yes,No,No,Yes,Yes,No,768812.05
3051,5,2,3,2,20,Eastside,Unfurnished,Yes,No,No,No,Yes,No,517737.17
4789,1,4,3,1,1,Uptown,Unfurnished,Yes,Yes,No,Yes,Yes,Yes,1239204.36
1346,3,4,2,1,7,Suburban,Unfurnished,Yes,No,No,No,No,No,298815.97
3262,6,3,2,1,41,Eastside,Furnished,No,No,Yes,No,Yes,No,545172.91
1641,2,4,1,0,6,Rural,Furnished,Yes,Yes,Yes,Yes,No,Yes,354155.31
2310,5,4,3,0,9,Downtown,Unfurnished,Yes,No,No,No,Yes,No,803697.69
1223,3,1,2,0,3,Southend,Semi-Furnished,Yes,Yes,Yes,Yes,No,No,382273.42
724,6,1,1,1,42,Uptown,Semi-Furnished,Yes,No,No,Yes,Yes,No,341854.7
4708,6,4,2,0,40,Lakeview,Unfurnished,No,No,No,Yes,Yes,No,1186098.66
2548,2,4,1,1,35,Downtown,Unfurnished,Yes,Yes,No,Yes,Yes,No,689091.43
4915,4,1,3,0,34,Downtown,Furnished,No,No,Yes,Yes,Yes,No,1219490.04
2073,6,4,1,1,42,Downtown,Furnished,Yes,No,No,Yes,No,No,682267.34
2328,4,4,2,2,2,Southend,Unfurnished,Yes,Yes,No,Yes,No,No,514304.22
2417,6,2,2,0,17,Northend,Unfurnished,No,No,No,Yes,Yes,No,403854.75
4734,2,4,3,1,45,Westside,Semi-Furnished,Yes,Yes,No,No,No,Yes,872468.85
2526,1,3,3,2,42,Lakeview,Furnished,Yes,No,No,Yes,No,No,746115.29
4244,2,2,2,2,23,Westside,Unfurnished,Yes,Yes,Yes,No,Yes,Yes,874170.31
1401,2,3,2,3,31,Westside,Furnished,Yes,No,Yes,Yes,No,No,424877.97
2539,1,4,2,0,33,Midtown,Unfurnished,No,No,Yes,Yes,Yes,No,582881.07
509,1,1,3,1,1,Uptown,Unfurnished,No,No,No,Yes,No,Yes,355910.34
760,3,2,2,3,1,Lakeview,Unfurnished,No,Yes,Yes,Yes,Yes,Yes,691668.64
2173,6,1,3,0,9,Rural,Unfurnished,No,No,No,No,No,No,319989.52
2719,3,2,2,2,22,Rural,Semi-Furnished,Yes,No,No,Yes,No,Yes,394199.14
2560,1,1,1,0,14,Lakeview,Unfurnished,Yes,No,No,Yes,No,No,676132.71
4213,4,2,1,1,11,Eastside,Semi-Furnished,Yes,Yes,No,Yes,No,Yes,714043.72
2119,4,2,2,2,42,Uptown,Semi-Furnished,Yes,No,No,Yes,No,No,545304.47
820,2,3,1,3,16,Northend,Unfurnished,Yes,Yes,No,No,Yes,Yes,315055.03
1842,5,1,3,0,17,Uptown,Furnished,No,Yes,No,Yes,Yes,Yes,763850.92
2876,2,3,1,0,13,Midtown,Furnished,No,No,No,No,Yes,No,634729.9
3332,2,3,1,3,16,Rural,Unfurnished,Yes,No,No,Yes,Yes,Yes,470440.51
3324,5,1,3,0,14,Suburban,Unfurnished,Yes,Yes,No,No,No,No,596310.57
2494,6,2,1,0,11,Rural,Unfurnished,Yes,Yes,No,Yes,Yes,No,387051.67
3458,1,3,1,0,15,Eastside,Furnished,Yes,No,No,Yes,No,Yes,548590.52
2538,4,1,2,2,31,Northend,Furnished,Yes,No,No,No,Yes,No,470098.61
3990,2,2,3,2,22,Uptown,Unfurnished,Yes,No,No,Yes,Yes,Yes,1003489.3
4177,5,3,3,1,37,Downtown,Furnished,No,No,No,No,No,No,1065446.92
1618,3,3,2,0,33,Rural,Semi-Furnished,Yes,Yes,No,No,Yes,No,268522.88
2104,2,3,2,1,33,Midtown,Furnished,Yes,No,No,No,Yes,No,534701.53
4527,4,2,1,2,15,Lakeview,Furnished,Yes,Yes,No,No,Yes,No,1257862.1
735,1,3,1,0,33,Midtown,Unfurnished,Yes,No,No,Yes,Yes,No,216558.6
2469,2,2,1,1,39,Downtown,Semi-Furnished,Yes,No,Yes,No,No,No,631858.27
4929,2,4,2,0,6,Lakeview,Unfurnished,No,No,No,Yes,Yes,No,1239824.21
2408,6,3,3,0,32,Southend,Furnished,No,Yes,Yes,No,No,No,500390.53
875,5,4,1,3,3,Lakeview,Semi-Furnished,Yes,Yes,No,No,No,Yes,682140.87
4030,3,1,2,1,42,Midtown,Unfurnished,No,No,No,Yes,No,No,714911.26
3135,3,3,3,2,6,Suburban,Furnished,Yes,No,Yes,Yes,Yes,No,681046.26
2070,1,1,2,1,17,Southend,Semi-Furnished,No,No,No,Yes,Yes,Yes,416311.02
3060,4,1,1,1,3,Midtown,Unfurnished,Yes,Yes,Yes,No,Yes,Yes,863678.19
3891,1,1,2,1,48,Midtown,Semi-Furnished,Yes,No,No,Yes,Yes,No,714240.28
3465,2,4,2,3,10,Westside,Furnished,Yes,No,Yes,Yes,No,No,741211.94
4143,2,2,2,0,42,Northend,Unfurnished,No,No,No,Yes,Yes,Yes,548397.29
4350,3,4,2,2,19,Uptown,Furnished,Yes,No,No,Yes,Yes,No,1082020.9
1372,4,4,3,3,10,Northend,Semi-Furnished,Yes,Yes,Yes,Yes,No,Yes,476269.14
1752,5,1,1,2,14,Downtown,Furnished,Yes,No,No,No,No,Yes,692250.14
1814,4,3,3,3,45,Midtown,Semi-Furnished,Yes,No,Yes,Yes,No,No,581305.52
3398,2,2,2,0,16,Downtown,Unfurnished,Yes,Yes,No,Yes,Yes,No,826638.65
577,5,1,2,2,33,Rural,Furnished,Yes,No,No,Yes,No,Yes,205986.77
3121,4,2,1,1,49,Eastside,Unfurnished,Yes,No,No,Yes,Yes,No,437637.46
4727,4,4,1,3,47,Downtown,Unfurnished,Yes,No,No,No,No,No,1042175.95
1100,5,2,3,2,11,Uptown,Unfurnished,Yes,Yes,No,Yes,Yes,No,575504.84
1565,2,2,3,0,41,Downtown,Unfurnished,Yes,No,No,Yes,Yes,Yes,564804.12
2636,4,3,1,2,27,Westside,Furnished,Yes,No,No,No,No,No,543117.44
2949,5,1,3,3,47,Southend,Furnished,Yes,No,No,Yes,Yes,No,549295.42
2843,6,2,2,0,34,Rural,Unfurnished,Yes,Yes,No,Yes,No,No,364343.77
2363,6,2,2,1,7,Westside,Unfurnished,Yes,No,No,Yes,Yes,Yes,645725.32
1818,2,4,1,3,26,Midtown,Semi-Furnished,Yes,Yes,Yes,Yes,Yes,No,613190.76
4097,5,4,3,3,21,Westside,Unfurnished,Yes,No,No,No,Yes,Yes,855390.16
4262,6,2,2,0,23,Suburban,Semi-Furnished,Yes,No,No,No,No,No,711316.84
2690,5,1,1,3,1,Midtown,Semi-Furnished,Yes,No,No,No,Yes,No,743499.18
1492,4,2,3,2,30,Eastside,Unfurnished,Yes,Yes,No,No,Yes,No,356662.92
3212,2,2,2,1,21,Westside,Furnished,Yes,Yes,No,No,No,No,642693.22
2692,6,3,3,2,0,Southend,Semi-Furnished,Yes,No,No,No,No,No,586657.88
1748,4,1,3,0,13,Eastside,Furnished,Yes,No,Yes,Yes,Yes,Yes,462079.71
3554,1,3,3,3,24,Downtown,Unfurnished,Yes,No,Yes,Yes,Yes,Yes,1032388.2
4533,1,1,1,1,35,Westside,Unfurnished,Yes,No,No,Yes,Yes,Yes,746948.59
2497,2,1,2,0,35,Rural,Unfurnished,No,Yes,Yes,Yes,No,Yes,332061.09
4187,6,1,1,2,40,Northend,Unfurnished,Yes,No,No,Yes,No,Yes,572827.43
2651,6,3,2,3,2,Downtown,Semi-Furnished,Yes,Yes,No,No,Yes,No,946387.5
4518,6,3,2,3,4,Lakeview,Semi-Furnished,Yes,Yes,No,Yes,Yes,No,1390876.71
3610,5,3,1,0,0,Suburban,Furnished,Yes,No,No,No,No,No,641338.01
2470,4,4,1,2,18,Rural,Furnished,Yes,No,No,Yes,Yes,No,370452.92
697,6,3,2,3,32,Rural,Semi-Furnished,Yes,No,No,Yes,No,No,242351.3
3126,4,4,2,2,41,Eastside,Unfurnished,Yes,Yes,Yes,Yes,Yes,No,555434.11
1702,2,4,2,1,29,Northend,Furnished,No,Yes,No,Yes,No,No,330320.83
2535,6,4,3,3,11,Southend,Semi-Furnished,Yes,No,No,No,Yes,No,575309.12
977,2,2,2,1,9,Eastside,Furnished,Yes,No,No,No,No,Yes,370513.73
1754,6,2,1,3,33,Northend,Semi-Furnished,Yes,Yes,Yes,Yes,Yes,No,406023.1
1422,1,2,1,0,15,Westside,Unfurnished,Yes,Yes,No,No,Yes,No,351351.37
919,3,4,1,3,39,Suburban,Semi-Furnished,Yes,Yes,Yes,No,No,Yes,350837.79
2704,2,4,2,3,45,Downtown,Furnished,Yes,Yes,No,Yes,Yes,No,823553.78
3097,6,1,2,2,28,Rural,Semi-Furnished,Yes,No,No,Yes,No,Yes,408354.63
1620,3,4,3,2,14,Southend,Furnished,Yes,No,No,Yes,Yes,No,442704.85
3568,2,2,3,1,47,Eastside,Furnished,Yes,No,No,Yes,No,No,510084.75
1450,5,4,1,1,10,Suburban,Furnished,Yes,Yes,Yes,No,No,No,423880.21
2836,6,4,3,1,43,Downtown,Unfurnished,Yes,No,No,Yes,No,No,815308.28
2743,5,1,3,3,33,Suburban,Unfurnished,No,Yes,No,Yes,No,No,515140.42
3145,1,4,1,3,35,Rural,Semi-Furnished,No,No,Yes,Yes,Yes,No,401704.55
2357,6,3,2,1,29,Westside,Semi-Furnished,Yes,Yes,No,No,Yes,Yes,633789.03
2365,1,1,3,0,34,Southend,Furnished,Yes,No,No,Yes,No,No,377384.96
3412,3,4,2,0,8,Northend,Unfurnished,Yes,No,No,Yes,No,No,521768.96
3353,2,4,1,3,17,Lakeview,Semi-Furnished,Yes,No,No,Yes,Yes,No,975430.51
3728,4,1,1,0,18,Southend,Semi-Furnished,Yes,No,Yes,No,Yes,No,607259.58
4219,1,4,3,0,38,Northend,Unfurnished,Yes,No,Yes,No,Yes,No,578410.53
3728,4,2,1,1,3,Eastside,Furnished,Yes,Yes,No,No,Yes,No,639147.14
2871,4,3,1,0,5,Westside,Semi-Furnished,Yes,No,Yes,Yes,Yes,Yes,697388.19
3391,2,3,1,0,32,Northend,Furnished,Yes,No,No,Yes,No,Yes,470769.88
4256,3,2,3,3,31,Westside,Unfurnished,Yes,Yes,Yes,No,Yes,Yes,858451.75
4725,2,4,3,3,15,Suburban,Unfurnished,Yes,No,No,No,Yes,Yes,836299.5
594,6,4,3,3,10,Southend,Semi-Furnished,Yes,No,Yes,Yes,No,Yes,431084.82
3174,1,3,1,0,21,Southend,Semi-Furnished,Yes,No,No,Yes,Yes,No,527548.82
2455,4,4,2,1,35,Rural,Unfurnished,Yes,No,Yes,Yes,Yes,Yes,431942.12
1293,2,3,1,2,49,Southend,Furnished,Yes,No,No,Yes,Yes,No,280887.1
2334,2,3,3,3,22,Suburban,Furnished,No,No,No,No,No,No,490781.67
2616,2,2,2,3,25,Rural,Unfurnished,Yes,No,No,Yes,Yes,No,328813.3
4606,1,3,2,3,30,Westside,Semi-Furnished,Yes,Yes,No,No,Yes,No,804617.98
3825,3,4,3,1,28,Midtown,Unfurnished,Yes,No,No,Yes,No,Yes,894000.71
3419,2,4,2,2,4,Northend,Semi-Furnished,No,No,No,Yes,No,No,515202.51
3097,1,1,2,2,37,Downtown,Furnished,Yes,No,No,Yes,Yes,Yes,839379.58
3705,4,4,3,3,24,Westside,Semi-Furnished,Yes,No,No,Yes,Yes,No,769597.78
1314,6,1,2,0,33,Suburban,Furnished,Yes,No,No,No,Yes,No,344984.16
845,5,3,2,3,11,Westside,Unfurnished,No,No,Yes,No,Yes,No,396663.92
2849,1,4,3,3,21,Downtown,Semi-Furnished,Yes,Yes,No,No,No,No,847263.01
862,5,2,2,0,8,Suburban,Furnished,Yes,No,Yes,Yes,Yes,No,368562.57
2943,2,2,2,0,19,Southend,Semi-Furnished,Yes,No,No,Yes,No,Yes,533502.54
2765,2,2,2,3,28,Westside,Furnished,Yes,Yes,No,Yes,Yes,Yes,669070.57
2688,1,3,2,1,43,Northend,Furnished,Yes,No,No,Yes,Yes,No,397565.97
3505,5,3,3,1,28,Eastside,Unfurnished,Yes,No,Yes,Yes,No,No,592100.63
3781,2,1,1,0,44,Southend,Unfurnished,Yes,No,No,Yes,No,Yes,555198.04
1484,4,2,1,3,26,Southend,Semi-Furnished,Yes,No,No,Yes,No,No,334520.27
2139,3,1,2,1,16,Midtown,Furnished,Yes,No,No,Yes,Yes,No,588047.85
1327,3,1,3,3,4,Eastside,Unfurnished,Yes,No,No,Yes,No,Yes,391240.46
3230,2,4,3,3,44,Uptown,Semi-Furnished,Yes,No,Yes,No,Yes,No,854510.29
4031,5,4,2,3,12,Eastside,Unfurnished,Yes,Yes,No,Yes,No,No,682699.44
4951,6,2,1,1,41,Midtown,Semi-Furnished,Yes,No,No,Yes,Yes,Yes,1066864.9
3435,2,3,2,2,14,Lakeview,Unfurnished,Yes,No,No,No,No,Yes,978328.59
4376,6,4,3,3,14,Downtown,Unfurnished,Yes,Yes,No,Yes,No,No,1214755.78
626,6,3,3,1,17,Midtown,Furnished,No,Yes,Yes,No,Yes,No,515096.34
3677,5,1,1,2,49,Lakeview,Furnished,No,No,No,No,Yes,Yes,987941.55
3556,6,1,3,0,1,Rural,Unfurnished,Yes,No,No,Yes,No,No,479351.45
1103,4,1,3,1,22,Southend,Furnished,Yes,No,Yes,Yes,No,No,325130.37
3949,5,1,3,2,42,Uptown,Unfurnished,No,Yes,No,Yes,Yes,No,925431.15
4646,2,2,1,1,12,Midtown,Semi-Furnished,Yes,No,No,No,Yes,Yes,1001369.36
4033,4,1,3,2,42,Northend,Unfurnished,Yes,Yes,No,No,Yes,Yes,616378.89
3867,1,4,2,2,3,Uptown,Unfurnished,Yes,Yes,No,Yes,Yes,Yes,1065832.52
3868,3,1,1,1,46,Rural,Semi-Furnished,Yes,No,No,Yes,No,Yes,407474.92
4297,2,3,2,0,24,Suburban,Semi-Furnished,No,No,No,No,No,Yes,719389.45
2292,2,4,2,3,10,Northend,Furnished,No,No,No,No,No,No,398013.64
3361,2,3,1,2,49,Suburban,Semi-Furnished,Yes,No,No,No,No,Yes,563563.3
3976,4,3,2,3,47,Northend,Furnished,Yes,No,No,No,Yes,No,584910.98
3917,1,2,1,0,41,Uptown,Unfurnished,Yes,No,No,Yes,No,No,694529.54
2145,5,2,2,3,11,Northend,Semi-Furnished,Yes,No,No,No,Yes,No,411782.28
1705,1,3,1,3,12,Uptown,Unfurnished,Yes,No,No,Yes,No,No,517310.84
3530,4,3,3,1,8,Downtown,Furnished,No,Yes,No,Yes,Yes,No,1081231.2
3372,2,1,3,1,44,Suburban,Semi-Furnished,Yes,No,No,Yes,Yes,No,544931.33
3572,3,4,2,0,37,Westside,Furnished,Yes,No,No,No,No,No,600156.97
2354,2,1,3,1,5,Rural,Furnished,Yes,No,No,Yes,No,No,346202.39
4521,5,2,1,2,42,Northend,Semi-Furnished,No,No,Yes,No,Yes,No,596516.34
3208,6,2,2,0,42,Uptown,Semi-Furnished,Yes,Yes,No,Yes,Yes,Yes,878071.11
4002,3,1,3,1,9,Rural,Furnished,Yes,Yes,No,No,No,Yes,552088.68
1832,2,4,3,1,22,Lakeview,Semi-Furnished,Yes,No,Yes,Yes,No,No,719027.92
701,3,3,2,0,14,Eastside,Furnished,Yes,Yes,No,No,No,No,259265.16
4007,6,1,3,2,44,Northend,Unfurnished,Yes,Yes,No,No,No,No,549840.94
4712,1,2,3,0,22,Midtown,Unfurnished,No,No,No,Yes,Yes,Yes,977699.13
1074,4,4,2,1,39,Southend,Semi-Furnished,Yes,No,Yes,Yes,Yes,Yes,392942.32
1036,2,2,3,1,36,Westside,Semi-Furnished,Yes,No,No,No,No,No,302395.59
2125,5,4,3,0,33,Downtown,Unfurnished,No,No,No,Yes,No,Yes,733663.71
2622,1,4,3,2,15,Uptown,Furnished,Yes,No,No,Yes,No,No,759083.63
885,2,4,3,2,44,Uptown,Furnished,Yes,No,Yes,No,Yes,No,446816.7
3781,1,1,2,3,40,Eastside,Furnished,Yes,No,No,No,No,Yes,569964.37
974,5,1,1,2,46,Eastside,Semi-Furnished,No,No,Yes,Yes,No,No,215958.09
917,2,1,1,0,31,Westside,Furnished,Yes,Yes,No,Yes,No,No,277079.71
4100,6,4,3,2,37,Northend,Semi-Furnished,Yes,No,No,No,No,Yes,652118.09
1454,6,4,3,2,39,Suburban,Semi-Furnished,Yes,No,No,No,Yes,No,435455.08
1705,5,2,1,3,45,Eastside,Semi-Furnished,Yes,Yes,No,No,Yes,No,368681.05
4620,3,3,3,2,4,Lakeview,Unfurnished,Yes,Yes,No,Yes,No,Yes,1383525.76
2490,5,1,1,3,16,Eastside,Furnished,Yes,No,No,No,Yes,Yes,530501.47
4072,3,4,2,3,21,Midtown,Semi-Furnished,Yes,No,No,Yes,Yes,No,940161.34
4880,2,2,2,2,38,Lakeview,Furnished,Yes,Yes,No,Yes,Yes,No,1284784.57
4658,3,2,2,1,40,Suburban,Unfurnished,No,No,No,Yes,No,No,669765.47
3213,2,2,2,0,47,Midtown,Furnished,No,Yes,No,No,Yes,Yes,771416.2
2703,2,1,2,0,17,Midtown,Unfurnished,Yes,No,Yes,No,Yes,No,654692.13
3620,4,1,2,2,27,Westside,Semi-Furnished,Yes,No,No,No,Yes,Yes,725762.68
1466,2,3,1,0,12,Eastside,Semi-Furnished,Yes,Yes,No,No,Yes,No,319971.28
3932,3,2,3,0,49,Rural,Unfurnished,No,No,No,Yes,No,Yes,438830.25
1188,4,1,1,3,41,Lakeview,Semi-Furnished,Yes,No,No,Yes,No,Yes,500234.13
4743,4,2,2,1,0,Downtown,Furnished,No,No,No,Yes,No,No,1197688.44
4201,2,4,3,0,49,Rural,Furnished,Yes,Yes,Yes,Yes,Yes,Yes,535215.34
841,5,2,3,1,18,Southend,Unfurnished,Yes,No,No,No,No,Yes,330970.3
2224,5,3,2,0,33,Downtown,Furnished,Yes,No,No,Yes,No,Yes,732864.82
4922,6,1,2,1,3,Northend,Semi-Furnished,Yes,Yes,Yes,No,Yes,No,804933.77
2292,4,4,2,1,42,Suburban,Semi-Furnished,Yes,No,Yes,Yes,Yes,No,508055.58
2259,2,1,2,0,2,Westside,Semi-Furnished,Yes,No,No,No,No,No,498189.18
3712,5,4,2,3,40,Rural,Furnished,Yes,Yes,No,Yes,No,No,492001.79
1489,2,2,2,1,9,Eastside,Semi-Furnished,Yes,Yes,No,Yes,Yes,Yes,433207.69
2762,2,2,3,1,27,Suburban,Furnished,Yes,No,No,Yes,Yes,No,547655.73
2982,4,3,2,0,33,Midtown,Unfurnished,Yes,No,No,Yes,Yes,No,696194.88
1451,6,3,2,1,38,Lakeview,Semi-Furnished,Yes,No,No,Yes,No,No,600372.74
1222,4,4,3,1,46,Southend,Unfurnished,No,No,No,Yes,No,Yes,352661.39
3889,1,3,1,3,18,Westside,Furnished,Yes,No,Yes,Yes,Yes,Yes,807370.04
2579,5,3,2,1,41,Midtown,Furnished,Yes,No,No,Yes,No,Yes,750751.81
3217,5,3,3,3,45,Suburban,Unfurnished,Yes,No,No,No,No,Yes,608823.95
2832,5,3,3,1,35,Lakeview,Semi-Furnished,Yes,No,Yes,No,Yes,Yes,1001342.96
3876,3,2,1,1,42,Southend,Semi-Furnished,Yes,Yes,No,Yes,Yes,No,597866.6
2000,2,3,2,3,2,Midtown,Semi-Furnished,No,Yes,No,No,Yes,No,611005.31
785,4,2,2,3,22,Southend,Unfurnished,Yes,No,No,No,No,No,246026.03
3995,5,2,2,2,16,Suburban,Furnished,Yes,Yes,No,No,Yes,Yes,800869.27
2565,1,1,3,1,6,Eastside,Unfurnished,Yes,No,No,Yes,No,No,416648.68
1268,5,2,2,3,25,Uptown,Furnished,Yes,No,No,Yes,Yes,Yes,658063.8
3557,6,2,2,1,42,Northend,Semi-Furnished,No,Yes,Yes,No,No,Yes,596100.0
4789,2,3,2,1,17,Northend,Semi-Furnished,Yes,No,No,Yes,Yes,No,649740.18
2661,2,2,2,1,45,Midtown,Furnished,Yes,No,No,Yes,No,Yes,656654.61
3793,4,4,1,0,45,Midtown,Semi-Furnished,Yes,Yes,No,Yes,Yes,No,865267.12
1446,3,3,1,2,5,Northend,Unfurnished,Yes,No,Yes,Yes,Yes,No,323973.52
3835,4,3,1,0,30,Rural,Furnished,Yes,Yes,No,No,Yes,Yes,481247.12
4650,5,3,2,2,28,Eastside,Semi-Furnished,Yes,No,No,No,No,No,683151.18
1981,6,1,2,1,8,Northend,Semi-Furnished,Yes,No,Yes,Yes,No,Yes,520641.0
2401,1,3,3,1,34,Northend,Semi-Furnished,Yes,No,No,Yes,Yes,No,371210.69
3951,4,2,3,3,16,Lakeview,Semi-Furnished,No,Yes,No,Yes,No,No,1142100.32
4564,3,4,3,2,11,Midtown,Furnished,Yes,No,No,Yes,No,No,1068978.09
554,4,3,2,2,35,Southend,Furnished,Yes,No,No,Yes,Yes,No,292066.78
2323,2,3,1,0,47,Lakeview,Semi-Furnished,Yes,No,Yes,No,Yes,No,649361.96
3962,5,4,1,2,23,Midtown,Unfurnished,Yes,No,Yes,Yes,Yes,Yes,1002228.97
3579,5,3,1,1,9,Northend,Unfurnished,Yes,No,No,Yes,No,Yes,575572.62
1332,5,1,2,3,29,Westside,Unfurnished,Yes,No,No,Yes,Yes,No,392825.63
4908,5,2,1,0,28,Uptown,Unfurnished,No,No,No,Yes,Yes,No,995709.53
3306,5,4,3,3,38,Midtown,Furnished,No,No,No,Yes,Yes,No,853325.09
2990,5,4,3,2,9,Uptown,Furnished,No,No,No,Yes,No,Yes,972039.34
827,1,1,1,2,38,Downtown,Unfurnished,Yes,No,No,Yes,Yes,Yes,360138.34
3810,3,2,3,0,27,Eastside,Furnished,Yes,No,No,No,Yes,Yes,625673.09
3800,5,1,1,2,17,Northend,Unfurnished,No,No,Yes,Yes,No,No,553165.65
4175,3,2,1,3,40,Southend,Semi-Furnished,Yes,Yes,Yes,Yes,No,No,671753.42
3554,6,1,3,1,49,Rural,Semi-Furnished,Yes,Yes,No,No,No,No,477828.83
2643,5,3,3,0,16,Southend,Unfurnished,Yes,No,No,No,No,No,485743.7
1811,4,1,3,2,10,Lakeview,Furnished,Yes,Yes,No,Yes,Yes,Yes,875335.46
3691,5,4,3,3,0,Uptown,Unfurnished,Yes,No,No,Yes,Yes,No,1054810.48
3038,2,4,1,1,16,Lakeview,Furnished,No,No,Yes,No,No,No,907279.98
4483,1,4,3,2,35,Westside,Semi-Furnished,Yes,Yes,No,No,No,No,795435.18
664,4,1,3,0,35,Downtown,Furnished,Yes,No,No,Yes,Yes,No,417572.8
4777,4,4,2,2,45,Southend,Unfurnished,Yes,Yes,Yes,Yes,Yes,No,750091.81
1322,2,4,3,2,8,Southend,Semi-Furnished,Yes,No,Yes,Yes,Yes,No,392167.8
1443,5,3,3,2,44,Westside,Semi-Furnished,Yes,No,No,Yes,No,No,433182.9
4925,1,3,1,1,27,Northend,Furnished,Yes,No,No,No,Yes,No,663821.37
1274,4,2,1,1,47,Midtown,Semi-Furnished,Yes,Yes,Yes,Yes,No,Yes,470060.25
2698,1,2,2,2,32,Uptown,Semi-Furnished,Yes,Yes,No,Yes,Yes,Yes,756128.06
3656,4,2,3,2,2,Uptown,Furnished,Yes,No,Yes,Yes,Yes,Yes,1107568.14
4742,5,1,3,0,7,Eastside,Semi-Furnished,Yes,No,Yes,Yes,No,No,736395.2
4195,6,2,3,2,49,Eastside,Unfurnished,Yes,Yes,No,Yes,No,No,636299.12
3952,4,1,3,3,5,Eastside,Furnished,Yes,Yes,No,Yes,No,No,676722.74
1414,6,1,3,3,5,Uptown,Furnished,Yes,No,No,No,Yes,No,682392.49
1808,4,2,3,0,28,Midtown,Furnished,Yes,No,Yes,No,Yes,No,579148.64
4677,3,2,2,1,36,Northend,Furnished,Yes,No,No,Yes,Yes,No,644323.18
1013,5,1,3,2,11,Downtown,Unfurnished,Yes,Yes,No,Yes,No,No,556027.97
2420,2,3,3,0,8,Downtown,Furnished,Yes,Yes,No,Yes,No,No,803737.71
4094,6,4,3,1,40,Westside,Unfurnished,Yes,No,No,No,Yes,No,769643.87
1909,2,4,2,0,48,Suburban,Furnished,Yes,No,No,No,Yes,No,390306.26
3690,5,4,3,1,18,Rural,Furnished,Yes,No,No,Yes,No,No,554810.41
4991,2,3,2,2,16,Midtown,Semi-Furnished,No,No,No,Yes,No,No,1002273.23
2055,5,1,1,0,47,Suburban,Semi-Furnished,Yes,No,No,No,Yes,No,384496.31
1304,2,2,3,2,43,Lakeview,Unfurnished,Yes,Yes,No,Yes,Yes,Yes,631778.83
1779,6,1,2,0,31,Eastside,Semi-Furnished,Yes,No,Yes,No,No,No,354456.22
4077,3,1,1,1,34,Lakeview,Furnished,Yes,No,No,No,Yes,No,995475.6
3401,2,2,2,0,13,Downtown,Unfurnished,Yes,No,Yes,No,No,Yes,931891.91
1887,6,3,2,3,48,Rural,Semi-Furnished,Yes,No,No,Yes,No,No,298556.05
3261,4,4,1,3,15,Suburban,Furnished,Yes,No,No,Yes,No,No,644421.45
3179,5,4,3,0,20,Southend,Semi-Furnished,Yes,Yes,No,Yes,No,No,596319.57
2606,1,1,3,3,11,Northend,Semi-Furnished,Yes,No,Yes,No,No,Yes,501721.06
4723,1,3,2,2,23,Rural,Semi-Furnished,Yes,Yes,Yes,Yes,No,No,524912.91
3268,5,4,1,3,33,Uptown,Semi-Furnished,Yes,Yes,No,Yes,No,Yes,936459.87
4453,3,3,3,3,7,Rural,Furnished,Yes,No,No,Yes,No,No,570756.52
3686,2,2,2,2,43,Westside,Semi-Furnished,Yes,No,No,Yes,No,No,594409.96
3780,3,1,1,2,20,Uptown,Unfurnished,Yes,No,No,No,Yes,No,842390.44
3073,1,1,2,1,47,Suburban,Unfurnished,Yes,No,No,No,Yes,Yes,482248.57
3099,6,3,1,2,7,Lakeview,Semi-Furnished,Yes,No,Yes,No,Yes,No,1045111.39
4533,5,4,3,0,27,Northend,Unfurnished,Yes,Yes,No,No,No,No,654643.22
736,5,3,3,3,15,Westside,Semi-Furnished,Yes,Yes,Yes,Yes,No,No,421025.95
1804,3,2,2,1,9,Rural,Furnished,Yes,No,Yes,No,Yes,No,338768.42
3930,6,4,3,2,14,Downtown,Furnished,No,No,No,Yes,No,No,1118365.4
1801,3,4,3,3,3,Uptown,Unfurnished,No,No,No,Yes,Yes,No,669445.06
3041,2,3,1,0,25,Suburban,Unfurnished,No,No,No,Yes,No,Yes,513078.57
2551,4,2,3,0,14,Suburban,Semi-Furnished,Yes,No,Yes,No,Yes,No,587181.39
941,6,4,1,1,35,Southend,Semi-Furnished,No,Yes,No,Yes,No,No,330210.9
2576,4,1,1,0,31,Lakeview,Semi-Furnished,Yes,Yes,Yes,No,No,No,781993.21
3680,2,2,2,3,42,Eastside,Furnished,Yes,No,No,No,Yes,No,544486.07
3157,4,4,1,2,37,Westside,Semi-Furnished,No,No,No,Yes,No,No,585876.88
4298,1,3,3,0,3,Downtown,Furnished,No,No,No,Yes,Yes,No,1088288.97
1304,4,4,1,2,40,Lakeview,Unfurnished,Yes,No,No,No,Yes,No,459233.3
574,2,1,1,3,8,Suburban,Furnished,No,No,Yes,Yes,No,Yes,346439.02
2675,4,2,2,3,34,Eastside,Unfurnished,Yes,No,No,No,Yes,No,434133.89
4424,5,4,3,2,27,Rural,Furnished,Yes,No,No,Yes,No,Yes,573720.48
2589,3,1,3,3,36,Suburban,Furnished,Yes,No,No,No,Yes,Yes,525220.76
540,1,4,3,1,46,Westside,Semi-Furnished,No,No,No,No,Yes,No,218013.0
2581,5,4,1,0,8,Northend,Unfurnished,Yes,No,No,Yes,No,No,429639.16
2122,5,2,3,1,1,Northend,Furnished,No,Yes,No,Yes,No,No,450976.3
841,2,3,3,1,2,Suburban,Furnished,Yes,No,No,Yes,Yes,Yes,403241.73
4552,3,3,1,1,43,Westside,Unfurnished,Yes,Yes,No,Yes,Yes,Yes,820582.55
2574,3,1,2,2,47,Uptown,Furnished,Yes,Yes,No,No,No,No,647569.34
1145,6,1,2,2,4,Eastside,Unfurnished,Yes,No,No,Yes,Yes,Yes,358302.76
4763,1,1,1,3,9,Midtown,Unfurnished,Yes,Yes,No,No,No,No,918814.77
1109,2,2,2,2,27,Suburban,Unfurnished,Yes,Yes,No,No,No,No,300257.68
954,1,3,2,3,14,Lakeview,Furnished,Yes,No,No,No,Yes,No,516715.33
3453,6,1,2,2,13,Rural,Furnished,Yes,No,No,Yes,No,No,483999.12
2208,4,1,3,3,45,Southend,Semi-Furnished,Yes,Yes,No,Yes,No,Yes,481531.63
3972,5,4,2,0,22,Lakeview,Unfurnished,Yes,No,No,No,No,Yes,1127184.43
3469,1,4,3,3,12,Northend,Furnished,Yes,No,No,No,No,No,544509.67
3528,5,1,2,0,15,Southend,Furnished,Yes,No,No,Yes,No,No,615026.89
3181,2,4,3,3,29,Uptown,Unfurnished,No,No,No,Yes,No,No,753464.77
4129,4,4,1,2,39,Uptown,Unfurnished,No,Yes,No,Yes,No,No,883718.08
4725,2,4,1,2,7,Eastside,Unfurnished,Yes,No,Yes,No,Yes,No,692748.11
3567,4,2,2,0,16,Eastside,Semi-Furnished,Yes,Yes,Yes,No,Yes,No,586705.87
1886,4,1,3,1,29,Downtown,Semi-Furnished,Yes,No,No,Yes,Yes,No,616444.88
4276,5,1,1,1,16,Uptown,Semi-Furnished,Yes,Yes,No,No,Yes,No,997502.26
3366,2,4,1,3,34,Northend,Unfurnished,Yes,Yes,Yes,Yes,Yes,No,524442.6
3863,2,2,1,2,0,Eastside,Furnished,Yes,No,No,No,No,Yes,601834.19
4624,1,4,1,1,48,Suburban,Unfurnished,Yes,Yes,Yes,No,No,Yes,723708.57
648,2,2,2,2,23,Northend,Furnished,Yes,No,Yes,No,Yes,Yes,295594.53
4350,1,1,3,2,47,Suburban,Semi-Furnished,Yes,No,No,No,Yes,Yes,704118.63
2558,3,4,1,2,48,Lakeview,Semi-Furnished,No,Yes,No,Yes,No,No,724302.12
1636,3,1,2,3,24,Downtown,Semi-Furnished,Yes,No,No,No,Yes,Yes,650695.84
686,3,2,1,0,1,Rural,Furnished,Yes,No,Yes,No,Yes,No,206803.67
3354,6,3,1,3,24,Rural,Furnished,Yes,No,No,No,Yes,No,450260.69
1750,2,2,1,1,13,Westside,Unfurnished,Yes,No,No,Yes,Yes,Yes,423589.71
1833,6,3,1,0,38,Rural,Unfurnished,Yes,Yes,No,Yes,No,No,296177.45
4693,2,1,2,1,32,Eastside,Unfurnished,Yes,Yes,No,Yes,Yes,No,666784.29
4650,1,1,3,0,16,Northend,Semi-Furnished,Yes,No,No,Yes,Yes,No,627689.75
3211,6,4,2,0,30,Rural,Unfurnished,Yes,Yes,Yes,Yes,Yes,Yes,467662.64
2285,6,3,2,3,9,Southend,Semi-Furnished,Yes,No,Yes,Yes,Yes,No,579845.24
1250,6,2,2,2,5,Downtown,Furnished,Yes,Yes,Yes,No,No,No,701409.05
2262,4,1,1,2,38,Rural,Semi-Furnished,Yes,No,No,No,No,No,241078.77
4420,1,3,3,0,24,Rural,Semi-Furnished,Yes,No,No,Yes,No,No,474153.13
4960,3,2,1,3,37,Eastside,Semi-Furnished,Yes,No,No,Yes,No,Yes,726902.97
981,1,3,2,1,36,Uptown,Furnished,Yes,No,No,No,Yes,Yes,445813.23
653,4,2,1,1,29,Midtown,Furnished,Yes,No,No,Yes,Yes,Yes,417069.59
2024,2,2,3,2,33,Suburban,Unfurnished,Yes,No,Yes,No,No,Yes,431592.11
2620,1,2,3,2,17,Eastside,Unfurnished,No,No,Yes,No,No,No,426358.27
2843,6,2,1,1,23,Rural,Unfurnished,Yes,No,No,Yes,Yes,No,368270.25
1740,3,3,2,1,48,Eastside,Furnished,No,No,No,No,No,Yes,324654.21
560,3,3,1,3,26,Lakeview,Furnished,Yes,No,No,Yes,No,No,421272.18
1438,2,4,2,1,26,Eastside,Furnished,Yes,Yes,Yes,Yes,No,No,371001.77
2139,1,3,3,3,38,Suburban,Furnished,No,Yes,No,No,Yes,No,467294.68
4620,4,3,1,2,20,Eastside,Furnished,Yes,Yes,No,No,No,Yes,736595.32
4726,2,4,3,1,18,Westside,Semi-Furnished,Yes,No,Yes,No,No,Yes,931110.06
4069,1,3,2,2,38,Lakeview,Unfurnished,Yes,No,Yes,No,Yes,No,1006195.45
1752,5,2,2,0,22,Midtown,Semi-Furnished,No,No,No,No,No,No,455567.82
4703,3,1,1,0,38,Uptown,Unfurnished,Yes,No,No,No,Yes,No,931563.69
671,4,1,1,0,47,Northend,Semi-Furnished,Yes,Yes,No,No,Yes,No,167469.41
1958,6,4,1,1,43,Uptown,Furnished,Yes,No,No,No,No,No,572116.88
4049,4,3,3,2,46,Rural,Unfurnished,No,No,No,Yes,No,No,451013.46
4697,6,3,2,1,14,Suburban,Semi-Furnished,Yes,No,No,No,No,Yes,846543.39
2822,4,4,2,2,42,Westside,Unfurnished,No,Yes,No,Yes,No,Yes,586613.7
2136,3,1,3,3,1,Westside,Furnished,No,Yes,No,Yes,No,No,574375.82
3615,6,2,1,1,34,Eastside,Furnished,Yes,Yes,No,Yes,No,No,551276.16
4590,1,3,1,0,19,Northend,Unfurnished,Yes,No,Yes,Yes,No,Yes,614268.39
3504,6,4,3,3,27,Midtown,Unfurnished,Yes,No,No,Yes,Yes,No,923066.32
829,2,2,2,2,14,Northend,Furnished,Yes,No,Yes,Yes,No,No,259400.96
4140,1,4,2,1,15,Downtown,Furnished,Yes,No,No,Yes,No,Yes,1102649.91
4394,2,4,2,2,32,Westside,Furnished,Yes,Yes,No,Yes,No,Yes,874204.06
4607,4,4,2,2,46,Westside,Semi-Furnished,Yes,No,Yes,Yes,No,No,807502.05
1841,1,1,3,1,11,Rural,Unfurnished,No,No,Yes,No,Yes,Yes,297490.68
4163,4,1,2,1,38,Southend,Furnished,Yes,No,Yes,No,No,No,666954.87
715,5,4,3,2,38,Uptown,Unfurnished,Yes,No,No,Yes,No,Yes,454163.2
838,4,3,1,2,42,Downtown,Semi-Furnished,Yes,No,No,No,Yes,Yes,456060.76
4562,4,2,3,3,19,Eastside,Semi-Furnished,Yes,Yes,No,Yes,Yes,Yes,771627.09
3208,2,3,2,0,28,Lakeview,Furnished,Yes,No,No,Yes,No,No,869443.59
3652,6,1,1,2,42,Rural,Unfurnished,Yes,Yes,Yes,No,Yes,No,447966.44
2250,5,2,3,0,48,Lakeview,Semi-Furnished,Yes,Yes,Yes,No,No,No,756761.7
2921,4,4,3,3,2,Lakeview,Unfurnished,Yes,Yes,No,No,Yes,No,1035049.66
1209,4,3,3,0,47,Midtown,Unfurnished,Yes,Yes,No,Yes,No,No,396671.13
4226,5,3,1,0,4,Westside,Furnished,Yes,No,No,Yes,Yes,No,859967.59
4142,5,4,3,3,1,Northend,Semi-Furnished,Yes,No,No,Yes,Yes,Yes,740047.59
4493,1,3,2,2,22,Midtown,Semi-Furnished,No,No,Yes,Yes,Yes,Yes,1021619.9
988,2,1,1,0,25,Southend,Semi-Furnished,Yes,No,No,Yes,No,No,199513.04
546,5,4,1,2,25,Northend,Unfurnished,Yes,No,No,Yes,No,No,225723.48
3859,5,3,3,2,6,Lakeview,Semi-Furnished,Yes,Yes,No,Yes,No,No,1199105.97
900,3,4,2,1,9,Lakeview,Semi-Furnished,Yes,No,Yes,Yes,No,No,599295.78
4490,6,2,1,2,4,Westside,Unfurnished,Yes,No,No,Yes,No,No,833436.26
3657,5,4,3,2,46,Eastside,Semi-Furnished,Yes,No,No,Yes,No,Yes,619159.42
4845,2,3,2,0,11,Northend,Semi-Furnished,No,No,No,Yes,Yes,No,674185.07
890,6,1,3,2,31,Suburban,Unfurnished,Yes,No,No,No,Yes,No,325830.17
4353,6,4,3,2,41,Uptown,Semi-Furnished,Yes,No,Yes,No,Yes,No,1138657.81
4930,4,4,1,1,30,Eastside,Furnished,Yes,No,No,Yes,Yes,No,742092.05
1128,4,3,1,1,21,Northend,Unfurnished,Yes,No,No,Yes,Yes,No,255080.46
4732,4,1,3,0,16,Uptown,Semi-Furnished,No,No,No,Yes,Yes,No,1064938.57
3430,4,1,1,0,19,Rural,Furnished,Yes,No,Yes,Yes,No,Yes,467009.91
2021,3,2,1,1,19,Westside,Unfurnished,No,No,No,Yes,No,No,393242.82
1326,5,2,2,1,42,Uptown,Semi-Furnished,Yes,Yes,Yes,Yes,No,Yes,612954.21
2000,4,3,2,3,7,Northend,Unfurnished,No,Yes,No,Yes,No,Yes,429072.57
3794,1,1,3,2,46,Southend,Furnished,Yes,No,No,Yes,No,No,553259.92
2919,4,1,3,0,33,Southend,Unfurnished,Yes,Yes,Yes,Yes,Yes,Yes,577951.14
1434,5,2,3,0,48,Westside,Semi-Furnished,No,Yes,No,No,Yes,No,377158.38
3542,4,2,3,2,22,Midtown,Furnished,Yes,No,Yes,Yes,Yes,Yes,987466.77
4997,3,3,2,2,37,Midtown,Unfurnished,Yes,Yes,No,No,No,No,975309.17
1966,2,1,1,0,27,Southend,Semi-Furnished,Yes,No,Yes,No,Yes,No,351953.98
4061,2,4,2,1,12,Midtown,Semi-Furnished,Yes,No,No,Yes,Yes,No,896029.76
1114,5,2,3,1,28,Northend,Furnished,Yes,Yes,No,Yes,Yes,No,344553.15
1682,2,3,3,2,7,Southend,Furnished,No,No,Yes,Yes,Yes,No,445308.35
3723,2,1,2,0,10,Uptown,Unfurnished,Yes,Yes,No,Yes,No,Yes,907391.65
3167,1,1,2,2,46,Westside,Semi-Furnished,No,Yes,No,Yes,No,No,525752.47
630,5,2,3,1,44,Rural,Furnished,No,Yes,No,Yes,No,No,202234.8
3483,5,3,1,3,17,Uptown,Semi-Furnished,Yes,No,No,Yes,No,No,930230.5
4778,2,4,3,3,49,Uptown,Unfurnished,No,No,No,Yes,Yes,Yes,1069649.79
4959,2,2,2,1,24,Suburban,Furnished,Yes,No,No,Yes,Yes,No,800383.01
538,2,3,3,2,48,Lakeview,Unfurnished,Yes,No,No,No,No,No,281753.18
4459,6,1,3,3,21,Westside,Unfurnished,Yes,Yes,No,No,Yes,Yes,959110.08
4087,3,4,1,1,44,Southend,Furnished,Yes,No,Yes,No,Yes,Yes,733012.25
1420,4,3,3,0,34,Eastside,Unfurnished,Yes,No,Yes,Yes,No,Yes,352491.14
3269,3,4,3,2,28,Northend,Semi-Furnished,Yes,Yes,No,Yes,No,No,537626.74
4611,5,3,3,2,20,Suburban,Furnished,Yes,No,Yes,Yes,Yes,No,876225.75
992,1,3,2,3,6,Southend,Semi-Furnished,Yes,No,No,No,No,No,325201.31
1631,4,3,2,2,11,Rural,Unfurnished,No,No,No,No,Yes,No,261192.54
4021,1,3,1,3,35,Lakeview,Furnished,Yes,Yes,No,Yes,No,No,1065860.96
810,6,4,3,3,23,Uptown,Semi-Furnished,Yes,No,No,No,No,No,510691.97
1238,5,2,2,1,31,Eastside,Semi-Furnished,Yes,Yes,No,No,No,No,274165.74
3741,6,4,1,3,26,Midtown,Semi-Furnished,Yes,No,No,No,Yes,No,895262.54
1045,5,3,3,0,31,Eastside,Semi-Furnished,Yes,Yes,No,No,No,No,323482.4
2961,1,4,1,2,31,Northend,Semi-Furnished,Yes,No,No,Yes,Yes,Yes,504407.83
4846,1,4,1,3,31,Lakeview,Unfurnished,No,No,No,Yes,Yes,No,1143253.45
2304,1,4,1,2,25,Lakeview,Unfurnished,Yes,No,Yes,Yes,Yes,Yes,805830.81
3712,5,3,1,3,10,Midtown,Unfurnished,Yes,Yes,No,No,Yes,No,869409.41
4310,2,4,1,1,45,Uptown,Unfurnished,Yes,No,No,No,Yes,Yes,944968.37
1313,1,1,1,0,17,Rural,Unfurnished,No,No,No,No,Yes,No,155505.83
4624,6,3,1,2,38,Uptown,Unfurnished,Yes,No,No,Yes,Yes,Yes,1100023.22
2532,4,4,3,1,4,Northend,Unfurnished,Yes,Yes,No,Yes,No,No,505467.08
4913,5,1,3,2,15,Rural,Semi-Furnished,Yes,No,No,No,Yes,Yes,627820.09
744,6,4,1,1,10,Uptown,Unfurnished,Yes,Yes,No,Yes,Yes,No,509644.68
771,3,2,3,0,34,Lakeview,Semi-Furnished,Yes,No,No,Yes,No,Yes,459825.12
4011,3,4,1,3,47,Downtown,Furnished,Yes,No,Yes,No,Yes,Yes,1074719.06
2271,4,4,3,1,10,Suburban,Unfurnished,Yes,No,No,Yes,Yes,No,511460.29
1762,2,2,2,2,41,Rural,Semi-Furnished,Yes,No,No,No,Yes,No,218789.24
2924,1,3,1,2,22,Downtown,Furnished,Yes,No,No,Yes,Yes,No,821030.72
4861,5,2,2,1,33,Southend,Furnished,No,No,No,Yes,No,Yes,779196.01
1420,6,3,1,0,47,Southend,Semi-Furnished,Yes,Yes,No,Yes,Yes,Yes,428783.22
3930,1,2,1,0,16,Uptown,Semi-Furnished,Yes,Yes,No,No,Yes,Yes,958916.77
4935,6,4,2,3,9,Midtown,Semi-Furnished,No,Yes,No,No,Yes,Yes,1259796.84
4984,5,4,2,3,17,Uptown,Unfurnished,No,Yes,No,Yes,Yes,No,1215487.82
3124,3,3,2,2,43,Midtown,Furnished,No,No,Yes,Yes,Yes,No,775981.79
4260,1,3,1,2,7,Uptown,Unfurnished,Yes,No,Yes,Yes,Yes,No,998742.78
2550,4,1,2,3,25,Eastside,Unfurnished,Yes,Yes,Yes,No,No,Yes,536291.11
4000,2,1,2,3,2,Northend,Unfurnished,No,No,No,Yes,No,Yes,610636.1
1665,4,4,3,3,23,Suburban,Furnished,Yes,No,No,Yes,No,Yes,489065.55
875,2,4,3,1,2,Midtown,Furnished,Yes,No,Yes,Yes,No,Yes,595130.33
2533,6,1,2,3,37,Northend,Furnished,Yes,Yes,Yes,No,No,No,491270.99
645,1,1,2,1,1,Eastside,Semi-Furnished,Yes,Yes,No,Yes,Yes,No,224559.1
4888,1,3,2,1,34,Southend,Unfurnished,Yes,Yes,Yes,Yes,Yes,Yes,775907.85
931,2,2,2,3,16,Uptown,Semi-Furnished,Yes,No,Yes,Yes,Yes,No,509286.75
1204,3,3,3,0,8,Westside,Semi-Furnished,Yes,No,No,Yes,Yes,No,379460.61
3132,5,1,1,0,35,Northend,Unfurnished,Yes,No,No,Yes,No,Yes,470634.71
4994,4,4,2,2,21,Uptown,Furnished,Yes,No,Yes,Yes,No,No,1225810.14
1463,6,1,2,3,30,Southend,Unfurnished,Yes,No,No,Yes,Yes,No,364454.72
2734,4,4,3,2,33,Midtown,Semi-Furnished,No,No,No,No,Yes,Yes,830415.71
2541,4,4,2,3,23,Northend,Furnished,No,Yes,Yes,No,No,Yes,551564.7
2328,6,4,2,2,8,Rural,Furnished,Yes,No,Yes,Yes,No,No,413758.21
2608,6,4,3,1,45,Uptown,Semi-Furnished,No,No,Yes,Yes,Yes,Yes,849528.72
4568,1,2,2,3,42,Northend,Furnished,Yes,No,No,No,Yes,No,611501.02
1438,4,1,2,0,1,Lakeview,Furnished,Yes,No,Yes,Yes,Yes,No,728254.28
1306,5,3,3,3,20,Eastside,Unfurnished,Yes,No,No,No,No,No,339243.04
1963,5,4,1,2,33,Downtown,Unfurnished,No,No,No,No,Yes,No,623941.35
3915,2,4,2,2,26,Midtown,Semi-Furnished,Yes,No,Yes,Yes,No,Yes,929237.02
510,6,3,2,2,36,Suburban,Semi-Furnished,Yes,Yes,No,Yes,No,No,313044.99
2368,1,3,1,2,6,Suburban,Semi-Furnished,Yes,No,No,Yes,No,Yes,499005.5
1384,5,4,3,2,21,Eastside,Furnished,Yes,No,No,No,Yes,No,419993.88
4064,3,3,1,2,3,Rural,Semi-Furnished,Yes,No,No,No,No,No,517595.93
1889,1,3,2,0,13,Rural,Unfurnished,Yes,No,No,Yes,No,No,219546.06
3901,1,2,1,2,33,Westside,Furnished,No,Yes,No,No,Yes,No,670665.86
4821,5,3,3,0,22,Westside,Semi-Furnished,Yes,No,No,Yes,Yes,Yes,913925.75
1324,3,1,2,3,43,Downtown,Furnished,Yes,No,No,Yes,No,No,485021.46
2765,2,1,3,1,41,Downtown,Furnished,Yes,No,No,Yes,Yes,No,768455.71
1436,5,1,3,0,24,Westside,Furnished,Yes,Yes,No,Yes,No,No,439173.09
3300,3,4,1,3,0,Eastside,Semi-Furnished,No,Yes,No,Yes,No,No,588419.61
3053,1,1,1,1,47,Southend,Furnished,No,No,No,No,Yes,No,423960.39
4345,3,2,3,0,14,Midtown,Furnished,No,No,No,Yes,No,No,946147.85
2296,1,1,3,0,31,Lakeview,Furnished,Yes,Yes,No,No,Yes,No,733893.95
553,5,4,2,3,13,Westside,Unfurnished,Yes,No,Yes,No,Yes,No,394243.41
1226,6,2,3,2,40,Rural,Semi-Furnished,Yes,Yes,No,Yes,No,No,257726.78
3236,5,1,3,0,20,Midtown,Unfurnished,Yes,No,No,Yes,No,Yes,799205.0
3670,4,2,1,0,46,Southend,Furnished,No,No,Yes,Yes,No,No,523481.91
2413,4,2,3,3,6,Downtown,Furnished,Yes,No,No,Yes,No,No,807260.62
2096,4,4,3,2,35,Uptown,Unfurnished,Yes,No,No,No,Yes,Yes,705619.06
2414,5,4,1,1,20,Eastside,Furnished,No,Yes,No,No,No,No,500073.43
2966,2,2,2,2,49,Rural,Unfurnished,Yes,Yes,No,Yes,Yes,Yes,359837.59
3237,5,1,1,2,39,Suburban,Furnished,Yes,Yes,Yes,Yes,Yes,No,615704.55
1349,6,4,1,3,11,Suburban,Furnished,No,No,Yes,No,No,No,449126.94
2609,3,2,3,2,14,Downtown,Furnished,Yes,Yes,No,Yes,Yes,Yes,959332.85
502,5,3,3,3,14,Uptown,Furnished,Yes,No,Yes,Yes,Yes,No,556921.5
4755,5,3,2,1,16,Rural,Semi-Furnished,Yes,No,No,Yes,No,Yes,598241.37
4569,1,4,3,0,33,Eastside,Semi-Furnished,Yes,No,Yes,Yes,No,No,661388.87
1392,1,1,2,0,43,Downtown,Semi-Furnished,Yes,No,No,Yes,Yes,Yes,450403.36
2530,1,3,2,3,34,Southend,Unfurnished,Yes,No,No,No,No,No,379392.43
3660,5,3,2,3,38,Suburban,Unfurnished,Yes,Yes,No,Yes,Yes,No,668457.17
2876,2,3,2,2,37,Northend,Unfurnished,Yes,Yes,No,Yes,No,Yes,437927.63
2433,3,1,3,2,13,Lakeview,Unfurnished,Yes,No,No,Yes,Yes,No,818403.14
1880,3,1,1,0,4,Midtown,Semi-Furnished,Yes,No,No,Yes,Yes,No,538217.25
4181,6,4,1,0,29,Westside,Unfurnished,Yes,Yes,No,Yes,No,No,794437.73
1790,2,4,3,0,3,Southend,Unfurnished,Yes,No,No,Yes,Yes,No,429867.26
2140,2,3,3,3,14,Eastside,Unfurnished,Yes,No,No,Yes,Yes,No,430350.09
3182,3,1,2,1,38,Northend,Furnished,Yes,No,No,No,Yes,No,477364.41
1487,4,2,3,1,34,Eastside,Unfurnished,Yes,Yes,No,No,No,No,318538.27
1718,1,3,1,3,44,Suburban,Furnished,Yes,No,Yes,No,No,No,346005.94
1855,1,4,3,2,9,Southend,Unfurnished,No,No,No,No,No,Yes,392212.94
4765,3,1,3,1,1,Downtown,Unfurnished,No,Yes,No,No,Yes,Yes,1259719.17
4635,2,4,2,2,43,Suburban,Furnished,Yes,No,No,No,No,Yes,747142.01
2060,6,4,2,0,23,Rural,Unfurnished,Yes,No,No,No,No,Yes,331068.27
1918,4,1,2,0,27,Rural,Furnished,Yes,Yes,No,No,Yes,No,296692.31
1454,3,3,2,2,21,Lakeview,Unfurnished,Yes,No,No,Yes,No,Yes,647930.41
1483,1,1,1,0,43,Midtown,Unfurnished,Yes,No,No,No,No,No,244569.71
1474,5,3,3,3,31,Uptown,Furnished,Yes,No,No,Yes,No,No,577049.14
4633,2,4,3,2,30,Westside,Semi-Furnished,Yes,No,Yes,No,No,No,809990.43
4472,5,1,2,2,18,Downtown,Furnished,No,No,No,No,No,No,1114985.98
1413,6,2,1,2,20,Northend,Semi-Furnished,Yes,No,No,No,No,No,326838.95
536,3,3,1,1,2,Westside,Furnished,Yes,No,Yes,No,Yes,No,348138.99
3887,1,2,3,2,5,Lakeview,Semi-Furnished,Yes,No,Yes,Yes,No,No,1111145.96
2211,4,3,2,2,31,Southend,Unfurnished,No,No,Yes,No,No,No,434727.8
3520,5,1,3,2,1,Uptown,Semi-Furnished,Yes,No,No,No,Yes,No,966350.75
1295,4,2,3,1,23,Eastside,Unfurnished,Yes,No,No,No,Yes,No,321023.04
4536,6,1,1,0,44,Midtown,Furnished,Yes,No,No,Yes,Yes,Yes,996937.34
3611,1,3,1,1,26,Westside,Semi-Furnished,Yes,Yes,No,Yes,No,No,620559.92
1824,5,3,3,3,8,Westside,Unfurnished,No,No,No,Yes,No,No,518728.3
817,6,3,2,2,12,Midtown,Furnished,Yes,No,No,Yes,Yes,No,516857.59
2896,4,3,2,3,13,Westside,Semi-Furnished,No,No,No,Yes,Yes,Yes,689839.19
2662,4,4,3,1,10,Northend,Unfurnished,Yes,No,No,Yes,No,Yes,505248.92
3245,5,3,3,0,13,Uptown,Semi-Furnished,No,No,Yes,No,No,Yes,930655.16
2091,1,2,2,0,15,Suburban,Semi-Furnished,Yes,No,Yes,No,Yes,No,450889.27
3611,4,3,2,2,9,Southend,Unfurnished,Yes,No,No,No,No,No,608286.17
4430,3,1,2,0,19,Midtown,Unfurnished,Yes,No,Yes,Yes,No,No,906872.09
2496,6,4,3,1,15,Midtown,Furnished,Yes,No,Yes,Yes,Yes,No,836899.21
1812,5,2,1,1,33,Eastside,Unfurnished,Yes,No,No,Yes,Yes,No,345641.61
1785,2,4,2,0,15,Lakeview,Unfurnished,Yes,No,No,Yes,No,Yes,653492.68
4811,2,4,2,2,13,Lakeview,Semi-Furnished,No,No,No,No,No,No,1269858.98
2883,1,4,2,2,27,Westside,Unfurnished,Yes,No,No,Yes,Yes,No,575299.63
3739,3,1,3,1,17,Midtown,Semi-Furnished,Yes,No,Yes,Yes,No,No,873931.27
2639,4,4,1,0,25,Westside,Semi-Furnished,No,No,No,Yes,No,No,559124.09
2204,2,4,1,1,37,Rural,Unfurnished,Yes,No,No,No,Yes,No,275453.03
862,1,3,2,1,6,Eastside,Unfurnished,Yes,No,Yes,Yes,Yes,No,324210.28
3104,6,1,3,3,44,Westside,Unfurnished,No,No,No,No,No,No,621539.07
2216,3,2,1,1,33,Rural,Unfurnished,No,No,No,No,Yes,No,285516.03
4951,3,2,3,2,46,Downtown,Furnished,Yes,No,Yes,No,No,No,1179094.6
4786,1,2,1,0,48,Lakeview,Semi-Furnished,No,Yes,Yes,Yes,Yes,No,1106350.06
4238,1,1,2,0,44,Uptown,Furnished,Yes,No,No,Yes,No,No,836348.14
2969,4,2,3,3,6,Lakeview,Furnished,Yes,No,No,Yes,No,No,1029452.06
1056,1,1,2,3,32,Suburban,Semi-Furnished,Yes,No,No,Yes,No,No,234140.23
1325,4,3,1,2,34,Eastside,Furnished,Yes,No,Yes,No,No,No,322795.64
3308,4,3,1,3,49,Eastside,Unfurnished,Yes,No,No,No,Yes,No,433268.48
3219,5,1,2,1,38,Midtown,Unfurnished,Yes,No,Yes,Yes,Yes,Yes,788099.43
4008,3,2,1,1,20,Westside,Unfurnished,Yes,Yes,No,Yes,No,Yes,760942.95
4241,6,1,2,2,48,Downtown,Unfurnished,Yes,No,No,No,Yes,No,1001614.38
2074,3,1,2,0,27,Suburban,Semi-Furnished,Yes,No,No,No,Yes,Yes,467032.12
4498,3,4,2,2,31,Westside,Unfurnished,No,Yes,No,No,No,Yes,832882.33
2629,5,1,1,3,43,Suburban,Semi-Furnished,Yes,No,No,Yes,No,No,450379.87
2903,4,4,3,0,15,Midtown,Semi-Furnished,No,Yes,Yes,No,No,Yes,847981.08
3829,4,3,2,0,9,Midtown,Semi-Furnished,No,No,No,Yes,No,Yes,906652.38
1088,1,4,3,0,22,Lakeview,Semi-Furnished,Yes,No,No,Yes,No,Yes,607977.25
2512,5,1,1,3,47,Southend,Furnished,Yes,No,No,Yes,No,No,427887.98
2047,1,3,1,1,49,Lakeview,Furnished,Yes,No,No,No,No,No,541549.67
794,5,4,3,1,14,Eastside,Unfurnished,No,No,No,Yes,Yes,No,301588.62
2485,1,1,2,3,42,Eastside,Semi-Furnished,Yes,Yes,No,Yes,Yes,Yes,462988.75
3617,2,3,1,3,49,Downtown,Unfurnished,Yes,No,No,No,No,No,756063.31
2190,3,4,2,2,5,Uptown,Unfurnished,Yes,No,Yes,No,Yes,No,718402.53
1636,3,1,2,2,32,Rural,Unfurnished,Yes,Yes,No,Yes,No,Yes,288583.89
2564,6,1,3,1,38,Rural,Unfurnished,Yes,No,No,No,No,No,314696.68
4955,4,2,1,3,11,Westside,Semi-Furnished,Yes,No,No,Yes,Yes,No,917232.55
1507,6,2,3,2,35,Midtown,Semi-Furnished,Yes,Yes,No,Yes,Yes,No,588835.53
3014,2,4,1,3,30,Northend,Furnished,Yes,Yes,Yes,No,No,No,501295.14
4026,6,4,3,3,9,Midtown,Semi-Furnished,Yes,No,No,Yes,Yes,No,1046255.52
1747,3,4,1,1,33,Northend,Semi-Furnished,No,No,No,No,No,No,282455.77
4402,4,1,1,1,40,Midtown,Unfurnished,Yes,Yes,No,Yes,Yes,Yes,952689.35
1935,2,4,1,3,9,Rural,Semi-Furnished,Yes,No,No,No,No,Yes,344402.51
1071,3,1,2,0,10,Uptown,Unfurnished,No,No,No,No,Yes,No,417148.43
2882,1,4,2,0,13,Uptown,Semi-Furnished,Yes,No,No,Yes,Yes,Yes,798058.63
1745,5,1,3,3,2,Lakeview,Furnished,No,Yes,No,Yes,Yes,No,815072.97
2584,2,1,3,1,32,Lakeview,Unfurnished,Yes,No,No,No,Yes,Yes,781846.76
777,4,2,1,0,6,Downtown,Semi-Furnished,No,Yes,No,Yes,Yes,No,460826.56
2387,6,3,1,1,3,Northend,Semi-Furnished,Yes,No,Yes,Yes,Yes,No,492599.68
1765,6,1,2,0,38,Northend,Unfurnished,No,No,No,No,No,Yes,351551.34
1540,2,4,2,3,47,Northend,Furnished,Yes,No,Yes,Yes,Yes,No,349953.87
1417,4,2,2,2,9,Lakeview,Furnished,Yes,No,Yes,Yes,No,No,710062.59
1385,2,4,3,2,14,Midtown,Semi-Furnished,Yes,No,No,No,No,Yes,549519.29
3252,4,4,2,1,15,Southend,Semi-Furnished,Yes,No,No,No,Yes,Yes,636656.97
521,6,1,3,1,37,Lakeview,Semi-Furnished,Yes,No,Yes,No,No,No,443707.84
3691,3,1,2,0,3,Rural,Unfurnished,Yes,No,No,No,Yes,Yes,465352.52
2853,1,3,2,3,3,Eastside,Unfurnished,No,No,Yes,Yes,No,No,495955.77
1186,3,1,1,0,35,Westside,Unfurnished,Yes,Yes,No,No,No,No,271565.19
784,1,1,3,3,26,Southend,Semi-Furnished,Yes,Yes,No,No,No,No,274003.71
4247,6,3,2,3,21,Midtown,Furnished,Yes,No,No,Yes,Yes,No,1056636.43
1262,3,4,1,1,21,Midtown,Unfurnished,Yes,No,No,No,No,No,394043.79
2928,3,3,3,2,16,Westside,Furnished,No,No,No,Yes,No,Yes,718612.62
3007,2,3,3,2,44,Northend,Semi-Furnished,Yes,No,No,No,Yes,No,451713.78
528,5,3,2,1,33,Rural,Unfurnished,Yes,No,No,No,Yes,No,154703.02
1406,6,2,3,2,31,Northend,Unfurnished,Yes,No,Yes,Yes,No,No,312754.12
3604,4,4,1,1,5,Northend,Unfurnished,Yes,No,No,Yes,No,No,567753.44
4499,6,2,1,0,32,Eastside,Semi-Furnished,Yes,Yes,No,Yes,No,No,645548.84
3494,4,2,3,3,7,Eastside,Semi-Furnished,Yes,No,No,Yes,No,No,625296.75
3006,4,1,1,2,49,Uptown,Semi-Furnished,No,No,No,Yes,No,Yes,736432.13
4109,1,3,3,2,35,Suburban,Furnished,Yes,No,No,No,No,No,640561.12
4053,4,3,1,0,4,Suburban,Furnished,No,No,No,No,No,No,667683.12
1953,4,2,3,0,4,Lakeview,Unfurnished,No,No,No,No,No,No,691137.71
3856,2,1,3,2,46,Northend,Unfurnished,Yes,Yes,No,Yes,Yes,No,529525.4
1015,3,1,3,2,9,Westside,Semi-Furnished,No,Yes,No,Yes,Yes,Yes,452285.37
538,6,1,1,1,39,Northend,Semi-Furnished,Yes,No,No,Yes,No,No,187614.43
3842,6,4,3,1,6,Rural,Semi-Furnished,Yes,No,No,Yes,No,Yes,576340.9
1386,4,2,3,2,11,Downtown,Unfurnished,Yes,No,No,Yes,No,No,592064.44
3344,5,4,2,1,29,Westside,Semi-Furnished,Yes,No,No,No,Yes,No,712900.99
2704,6,1,2,0,24,Suburban,Furnished,Yes,Yes,No,No,No,Yes,585751.57
1598,4,1,3,3,27,Southend,Furnished,Yes,No,No,No,No,No,408403.68
2323,1,1,2,1,42,Uptown,Unfurnished,No,No,No,Yes,Yes,No,531787.05
3701,1,3,3,3,12,Uptown,Unfurnished,No,No,No,No,Yes,Yes,964329.96
3655,1,2,2,1,46,Lakeview,Furnished,Yes,No,No,Yes,Yes,Yes,1023730.33
3593,4,3,1,2,48,Northend,Semi-Furnished,Yes,No,No,Yes,Yes,No,494673.26
4030,2,4,1,1,21,Westside,Unfurnished,No,No,Yes,No,No,No,696511.66
4278,5,3,3,3,17,Rural,Unfurnished,No,No,No,Yes,Yes,No,542688.11
3396,4,2,3,3,26,Southend,Unfurnished,Yes,Yes,Yes,Yes,No,No,630151.75
3953,2,3,1,2,7,Lakeview,Furnished,Yes,Yes,No,Yes,No,No,1116256.08
4011,2,1,1,3,5,Midtown,Unfurnished,No,Yes,Yes,Yes,No,Yes,925103.48
1488,6,4,2,2,10,Lakeview,Furnished,No,Yes,Yes,Yes,No,No,838161.65
4616,4,4,3,2,28,Midtown,Furnished,Yes,No,No,No,No,Yes,1111156.88
4526,4,1,1,3,40,Suburban,Semi-Furnished,No,No,No,No,Yes,Yes,691558.71
4679,2,1,1,0,4,Rural,Semi-Furnished,Yes,Yes,No,No,No,Yes,556892.13
2182,2,1,3,3,6,Midtown,Semi-Furnished,No,Yes,Yes,Yes,Yes,No,705729.85
4463,2,2,2,3,21,Eastside,Unfurnished,Yes,No,No,No,No,No,603802.29
1433,6,3,2,1,46,Rural,Furnished,Yes,Yes,No,No,Yes,No,291704.0
4098,4,4,2,3,3,Northend,Unfurnished,Yes,Yes,No,Yes,No,No,630210.66
3733,2,3,2,1,31,Northend,Furnished,No,No,No,Yes,No,No,503454.86
2480,1,1,1,1,18,Lakeview,Unfurnished,Yes,Yes,Yes,Yes,Yes,No,733513.44
2355,4,1,3,3,44,Suburban,Furnished,No,No,No,No,Yes,No,484473.64
3556,6,3,3,2,32,Midtown,Semi-Furnished,Yes,Yes,No,No,No,Yes,941087.48
1292,1,4,1,0,0,Northend,Semi-Furnished,Yes,No,No,No,No,No,265058.46
1291,3,2,1,3,45,Downtown,Unfurnished,Yes,No,No,Yes,Yes,No,404488.34
2309,4,3,1,3,40,Downtown,Furnished,Yes,Yes,No,Yes,Yes,No,769575.38
2755,3,1,3,2,43,Midtown,Semi-Furnished,Yes,No,Yes,Yes,Yes,No,697090.65
4110,2,1,3,1,49,Suburban,Furnished,Yes,Yes,Yes,Yes,Yes,Yes,740015.04
2107,6,2,3,2,40,Downtown,Unfurnished,Yes,No,Yes,Yes,No,No,716628.42
1484,2,3,2,2,7,Northend,Semi-Furnished,Yes,No,No,No,No,No,260867.94
4176,6,2,1,1,31,Suburban,Unfurnished,Yes,Yes,Yes,Yes,Yes,No,716456.48
3880,5,2,1,3,29,Midtown,Unfurnished,Yes,No,No,Yes,No,Yes,910153.84
1019,2,4,1,2,45,Rural,Furnished,Yes,No,No,Yes,Yes,No,195086.09
1090,3,4,3,2,27,Suburban,Unfurnished,Yes,No,No,No,Yes,No,312107.08
1550,6,1,1,3,40,Northend,Unfurnished,Yes,No,No,No,Yes,No,326837.85
4133,2,3,1,3,31,Rural,Furnished,Yes,No,No,No,Yes,Yes,474929.95
4944,4,4,2,0,24,Southend,Furnished,Yes,No,No,Yes,Yes,No,762405.11
1459,6,1,3,2,33,Lakeview,Unfurnished,Yes,No,No,Yes,Yes,No,600269.66
1192,6,3,1,0,32,Uptown,Semi-Furnished,Yes,No,No,Yes,No,No,433519.93
4399,2,1,3,1,12,Southend,Semi-Furnished,Yes,No,No,No,Yes,No,711972.25
4973,5,4,3,3,24,Rural,Furnished,No,No,No,Yes,Yes,Yes,648369.57
3446,2,1,3,3,41,Uptown,Unfurnished,No,No,Yes,No,No,Yes,877420.27
1026,3,3,2,0,39,Lakeview,Semi-Furnished,Yes,No,No,No,No,No,362972.05
3724,3,3,3,2,38,Westside,Furnished,Yes,Yes,No,Yes,Yes,No,781192.17
2753,6,1,3,1,43,Southend,Furnished,Yes,Yes,No,Yes,Yes,Yes,587123.02
3844,6,3,3,2,48,Northend,Furnished,No,No,No,No,Yes,No,571190.04
4465,2,1,1,2,43,Suburban,Unfurnished,Yes,No,Yes,Yes,Yes,No,647482.88
2375,3,3,2,0,47,Suburban,Furnished,No,No,Yes,Yes,Yes,No,456230.56
2263,3,1,1,2,9,Uptown,Semi-Furnished,Yes,No,No,No,Yes,No,655605.9
1020,5,1,2,0,30,Uptown,Unfurnished,Yes,No,No,No,Yes,Yes,441037.28
1516,4,1,2,3,43,Uptown,Semi-Furnished,Yes,No,Yes,No,No,No,494153.0
616,5,2,3,3,10,Midtown,Semi-Furnished,Yes,Yes,No,Yes,Yes,No,519669.44
2933,1,3,3,3,24,Northend,Semi-Furnished,Yes,No,Yes,No,No,Yes,476285.3
1083,5,4,1,1,45,Uptown,Unfurnished,Yes,No,No,Yes,Yes,No,444122.14
894,2,1,2,1,44,Downtown,Semi-Furnished,No,No,No,Yes,Yes,No,341463.02
4288,4,2,3,2,33,Lakeview,Furnished,No,No,No,No,No,No,1134069.72
3268,2,4,3,0,19,Uptown,Furnished,Yes,No,Yes,No,Yes,Yes,984233.6
4667,1,1,3,2,6,Downtown,Semi-Furnished,Yes,No,Yes,Yes,Yes,No,1205173.83
4360,4,4,3,3,32,Midtown,Furnished,No,No,No,Yes,No,Yes,1037542.58
773,6,2,1,2,34,Downtown,Unfurnished,Yes,Yes,No,No,No,Yes,495588.65
2513,3,4,1,2,28,Westside,Unfurnished,Yes,Yes,No,Yes,No,Yes,577858.31
4933,5,1,3,2,11,Westside,Furnished,Yes,No,No,No,Yes,Yes,983474.55
1889,2,4,3,3,4,Downtown,Furnished,Yes,No,Yes,No,No,No,808341.81
4066,1,4,3,0,11,Northend,Unfurnished,No,No,No,No,Yes,No,542946.13
665,3,1,3,2,28,Midtown,Semi-Furnished,Yes,Yes,No,Yes,Yes,No,409200.92
2067,5,2,3,3,34,Suburban,Unfurnished,Yes,No,Yes,No,Yes,No,481035.38
1228,3,2,2,1,19,Downtown,Semi-Furnished,Yes,No,No,Yes,No,Yes,571684.46
2543,5,4,2,0,36,Rural,Furnished,Yes,Yes,No,Yes,No,No,356367.27
4697,6,3,2,3,0,Eastside,Furnished,No,No,No,No,No,Yes,790208.88
3996,4,4,2,2,15,Lakeview,Semi-Furnished,Yes,No,No,No,No,No,1139466.26
1278,3,3,3,3,29,Lakeview,Semi-Furnished,Yes,No,No,Yes,Yes,Yes,721138.39
713,3,4,2,0,8,Northend,Unfurnished,No,Yes,No,Yes,No,Yes,311176.65
4262,3,2,2,2,41,Uptown,Semi-Furnished,Yes,No,No,Yes,No,No,921474.34
2076,4,4,1,1,9,Eastside,Furnished,Yes,No,Yes,No,No,No,431656.3
2948,1,4,2,1,12,Suburban,Furnished,Yes,No,No,No,Yes,Yes,574531.02
3436,5,3,2,1,47,Midtown,Furnished,Yes,No,No,Yes,No,No,810587.52
3617,6,2,3,3,19,Westside,Semi-Furnished,Yes,No,No,Yes,No,No,753800.67
1091,3,3,2,0,28,Uptown,Semi-Furnished,Yes,Yes,No,Yes,Yes,No,496922.04
3220,4,4,2,1,3,Westside,Furnished,Yes,Yes,No,No,Yes,No,768976.2
1213,1,1,3,2,45,Suburban,Semi-Furnished,Yes,No,No,Yes,Yes,No,235563.62
1435,5,4,2,2,48,Eastside,Unfurnished,Yes,No,No,Yes,No,No,297527.94
4837,4,4,3,2,27,Northend,Unfurnished,Yes,Yes,No,No,Yes,Yes,752549.18
501,6,3,2,3,36,Southend,Semi-Furnished,Yes,No,No,No,Yes,Yes,288795.0
3348,6,1,1,0,12,Westside,Semi-Furnished,No,No,No,No,No,No,618929.15
4544,5,1,1,0,2,Eastside,Furnished,No,No,No,No,No,Yes,687898.0
2449,3,3,2,1,36,Downtown,Semi-Furnished,Yes,Yes,No,No,No,No,722803.77
1417,6,2,1,0,47,Southend,Furnished,No,No,No,No,No,No,268747.83
3674,1,1,3,2,18,Westside,Unfurnished,Yes,Yes,No,Yes,No,No,681928.16
2741,4,1,2,2,27,Midtown,Semi-Furnished,Yes,No,No,No,No,Yes,687927.02
589,1,3,3,3,18,Lakeview,Unfurnished,No,Yes,Yes,Yes,No,No,451760.54
2209,3,2,1,2,16,Southend,Semi-Furnished,Yes,No,No,Yes,No,No,412034.92
2669,1,2,3,0,17,Downtown,Semi-Furnished,Yes,No,Yes,No,Yes,Yes,857576.79
4738,1,4,1,2,17,Suburban,Furnished,Yes,No,Yes,No,Yes,No,793556.99
3541,2,4,1,1,22,Rural,Furnished,Yes,Yes,Yes,Yes,No,No,427780.07
605,1,3,1,3,39,Downtown,Semi-Furnished,Yes,No,No,Yes,No,Yes,379294.44
1386,5,2,3,3,49,Suburban,Semi-Furnished,Yes,Yes,No,Yes,No,No,408276.03
927,4,3,1,0,8,Suburban,Furnished,Yes,No,No,Yes,No,No,329947.47
2395,2,4,2,2,28,Eastside,Unfurnished,Yes,No,No,Yes,Yes,No,415398.51
816,4,3,1,2,41,Lakeview,Semi-Furnished,Yes,No,No,No,Yes,Yes,513190.19
1134,4,3,2,0,28,Westside,Furnished,Yes,Yes,No,No,No,No,391763.54
2425,3,1,2,0,1,Southend,Semi-Furnished,Yes,No,Yes,No,No,Yes,523397.07
2556,3,1,2,1,16,Uptown,Furnished,Yes,Yes,No,Yes,No,Yes,791790.08
3644,2,1,2,0,44,Southend,Unfurnished,No,No,Yes,Yes,Yes,Yes,562424.3
2770,6,4,3,2,30,Lakeview,Semi-Furnished,Yes,No,No,No,Yes,Yes,997232.77
1939,3,3,2,1,27,Southend,Semi-Furnished,Yes,Yes,No,Yes,Yes,Yes,480402.67
1052,3,1,1,3,42,Suburban,Unfurnished,No,Yes,No,No,Yes,No,274253.46
1215,3,1,2,2,47,Southend,Semi-Furnished,No,No,Yes,Yes,Yes,No,242670.65
4411,4,1,1,3,38,Rural,Semi-Furnished,Yes,Yes,No,No,No,No,434059.46
2213,2,4,3,3,29,Rural,Semi-Furnished,Yes,No,No,Yes,No,Yes,381478.49
3889,4,4,2,3,34,Southend,Furnished,Yes,No,No,Yes,Yes,No,719986.19
1607,5,3,1,2,47,Eastside,Furnished,Yes,Yes,Yes,Yes,No,No,418074.95
4706,4,3,3,3,19,Northend,Semi-Furnished,Yes,No,No,No,No,No,674076.82
750,5,3,3,2,15,Eastside,Unfurnished,Yes,No,No,No,No,No,297926.01
2930,1,1,1,3,33,Southend,Unfurnished,Yes,No,Yes,Yes,No,No,469292.0
2554,1,2,2,0,13,Northend,Semi-Furnished,Yes,No,Yes,Yes,No,Yes,426226.6
958,5,4,3,0,25,Midtown,Furnished,Yes,No,Yes,Yes,Yes,Yes,566248.83
707,5,1,1,2,19,Suburban,Furnished,No,Yes,No,Yes,No,Yes,345140.76
1399,4,1,2,3,41,Uptown,Semi-Furnished,No,No,Yes,Yes,No,No,455652.86
3961,5,3,3,3,23,Suburban,Furnished,Yes,Yes,No,Yes,No,Yes,827306.9
3885,2,3,1,3,42,Midtown,Furnished,Yes,No,No,Yes,Yes,No,816542.94
521,1,1,3,0,17,Suburban,Unfurnished,No,Yes,No,Yes,No,No,237673.5
909,1,4,3,3,42,Uptown,Semi-Furnished,Yes,No,No,No,Yes,No,411057.92
1394,6,4,1,3,8,Westside,Furnished,Yes,No,No,No,No,Yes,541166.8
1014,5,1,3,2,18,Downtown,Furnished,Yes,No,No,No,No,Yes,571035.97
4609,3,2,1,3,19,Northend,Furnished,Yes,No,Yes,Yes,No,No,671935.74
2634,3,2,2,0,41,Suburban,Semi-Furnished,Yes,No,Yes,Yes,No,No,474839.67
4095,5,4,1,3,29,Uptown,Semi-Furnished,No,No,No,Yes,No,Yes,1027027.29
3456,2,3,2,0,25,Northend,Furnished,Yes,No,No,Yes,No,Yes,529503.15
2060,3,2,3,0,30,Uptown,Unfurnished,No,No,Yes,No,No,Yes,614614.49
1766,6,2,1,1,34,Rural,Unfurnished,Yes,Yes,No,Yes,No,Yes,337077.82
2669,5,3,1,0,2,Westside,Semi-Furnished,Yes,No,No,No,Yes,No,635349.76
4138,2,2,1,1,39,Downtown,Unfurnished,Yes,No,No,Yes,Yes,Yes,965320.76
1249,2,1,1,1,28,Downtown,Furnished,Yes,No,No,Yes,No,Yes,505493.58
3927,4,2,2,3,5,Northend,Semi-Furnished,Yes,No,No,Yes,No,No,614200.08
2427,2,3,2,1,0,Eastside,Semi-Furnished,No,No,Yes,No,Yes,No,449993.73
4304,3,1,3,2,23,Lakeview,Unfurnished,Yes,No,No,Yes,Yes,No,1110860.96
4202,3,2,3,0,37,Lakeview,Semi-Furnished,Yes,Yes,No,Yes,Yes,Yes,1226364.35
2856,5,4,3,2,33,Rural,Unfurnished,Yes,Yes,No,Yes,No,No,386458.2
2835,5,1,3,1,6,Northend,Unfurnished,No,Yes,Yes,No,No,No,491322.04
806,2,1,1,3,10,Northend,Furnished,Yes,No,No,Yes,Yes,No,255013.39
4165,6,4,2,0,10,Downtown,Unfurnished,Yes,No,Yes,Yes,No,No,1140581.4
2489,1,4,2,2,35,Lakeview,Unfurnished,Yes,No,No,Yes,No,No,664919.84
1161,4,2,2,3,19,Eastside,Semi-Furnished,Yes,Yes,No,Yes,Yes,No,349366.5
811,1,2,2,1,15,Suburban,Furnished,Yes,Yes,No,Yes,Yes,No,278308.91
3420,2,3,3,3,4,Suburban,Furnished,No,No,No,Yes,Yes,No,691742.51
1582,2,3,1,2,23,Suburban,Unfurnished,Yes,No,No,Yes,No,No,323334.56
3471,1,1,2,3,29,Uptown,Semi-Furnished,Yes,Yes,No,Yes,No,No,777580.5
1254,4,4,1,2,29,Eastside,Semi-Furnished,No,No,No,Yes,Yes,No,295122.76
4630,1,4,1,3,38,Midtown,Semi-Furnished,No,Yes,No,Yes,Yes,No,890361.56
852,5,3,1,0,47,Midtown,Furnished,Yes,No,No,Yes,Yes,Yes,399000.87
1402,3,1,1,3,46,Southend,Furnished,Yes,Yes,No,No,No,No,263597.57
4388,6,1,2,0,36,Lakeview,Unfurnished,No,No,No,No,No,No,1080750.48
658,5,3,2,2,32,Southend,Unfurnished,Yes,Yes,No,No,Yes,Yes,334546.01
2477,3,3,2,0,19,Eastside,Semi-Furnished,No,No,No,No,No,No,406366.95
1456,6,3,3,3,21,Lakeview,Unfurnished,Yes,Yes,No,Yes,No,No,699731.79
2571,6,2,2,0,40,Midtown,Semi-Furnished,Yes,No,No,Yes,Yes,Yes,717806.47
903,6,1,3,2,20,Northend,Furnished,Yes,No,No,No,No,No,305582.62
3279,2,1,3,3,36,Lakeview,Unfurnished,No,No,No,No,Yes,Yes,933592.74
1887,6,1,3,0,26,Rural,Semi-Furnished,No,No,No,Yes,Yes,Yes,331293.57
3953,4,3,2,0,37,Rural,Furnished,Yes,No,Yes,Yes,Yes,No,479262.69
1455,1,3,2,1,34,Eastside,Semi-Furnished,Yes,No,No,No,No,Yes,296137.62
2212,4,3,2,0,37,Southend,Unfurnished,Yes,No,No,Yes,Yes,No,396588.92
1773,1,3,3,1,39,Midtown,Semi-Furnished,No,No,Yes,Yes,No,No,478987.45
4311,5,4,3,2,5,Midtown,Furnished,Yes,No,No,Yes,No,No,1099404.99
3125,5,3,1,1,31,Downtown,Unfurnished,No,No,No,Yes,No,No,796256.07
2882,1,2,3,2,15,Downtown,Furnished,Yes,No,No,No,No,Yes,881058.33
1941,4,4,3,0,27,Rural,Unfurnished,Yes,No,No,No,Yes,No,352508.72
3479,1,4,2,0,15,Eastside,Semi-Furnished,Yes,No,No,No,No,No,528102.15
2297,6,3,1,1,26,Southend,Furnished,Yes,No,Yes,Yes,No,No,510177.23
4890,2,1,1,2,2,Midtown,Furnished,Yes,No,No,No,Yes,No,1043538.06
4509,5,3,1,0,48,Suburban,Semi-Furnished,No,No,No,Yes,Yes,No,701688.29
1894,2,1,2,1,20,Westside,Furnished,Yes,Yes,No,No,Yes,No,492158.54
4781,6,3,1,1,37,Westside,Furnished,Yes,No,No,Yes,Yes,No,858777.17
1769,6,3,1,1,37,Southend,Furnished,No,No,No,No,Yes,Yes,424744.75
4214,5,1,2,0,29,Midtown,Furnished,No,Yes,No,No,No,Yes,935631.37
1029,5,1,1,2,21,Northend,Semi-Furnished,Yes,No,No,No,Yes,No,277993.24
4123,6,1,3,0,18,Rural,Furnished,Yes,No,No,No,Yes,No,541473.05
3458,3,1,3,3,30,Suburban,Furnished,Yes,No,No,Yes,No,No,637506.21
3414,2,2,3,3,19,Southend,Furnished,Yes,No,No,Yes,No,Yes,652361.51
4091,2,1,3,0,46,Westside,Unfurnished,Yes,No,Yes,Yes,Yes,No,701665.39
2647,3,3,3,2,18,Northend,Unfurnished,Yes,No,Yes,Yes,No,No,432915.83
3869,4,3,3,1,1,Lakeview,Semi-Furnished,Yes,Yes,No,No,Yes,No,1205049.31
1439,2,2,3,3,39,Southend,Semi-Furnished,No,Yes,Yes,Yes,No,Yes,392461.43
1025,1,1,3,3,38,Downtown,Semi-Furnished,No,No,No,Yes,Yes,No,425455.45
501,6,3,3,0,26,Downtown,Furnished,No,No,No,Yes,Yes,No,478272.91
874,6,2,2,3,7,Uptown,Unfurnished,No,Yes,No,Yes,No,No,510195.97
2840,3,3,2,3,44,Southend,Unfurnished,Yes,No,No,No,Yes,No,437757.68
4505,2,2,3,1,26,Eastside,Semi-Furnished,Yes,Yes,No,No,Yes,Yes,688056.62
3552,4,2,2,1,14,Eastside,Unfurnished,Yes,No,No,Yes,No,Yes,587662.72
2865,2,4,2,2,11,Suburban,Semi-Furnished,Yes,Yes,No,Yes,No,No,595313.34
2025,6,4,3,3,46,Rural,Furnished,Yes,No,No,No,Yes,No,335378.59
4976,5,1,3,2,13,Midtown,Unfurnished,Yes,Yes,No,Yes,Yes,Yes,1210043.25
2146,1,4,2,2,6,Suburban,Furnished,No,Yes,Yes,No,No,No,498105.87
513,3,2,3,1,16,Lakeview,Furnished,Yes,Yes,No,No,No,No,488618.16
2778,5,3,3,1,25,Southend,Unfurnished,No,Yes,No,No,No,No,499037.82
3655,4,3,3,0,36,Uptown,Semi-Furnished,Yes,Yes,Yes,No,No,No,952833.72
629,5,1,3,1,19,Eastside,Unfurnished,Yes,No,No,Yes,No,No,281149.39
4314,5,4,2,2,9,Southend,Furnished,Yes,No,Yes,No,Yes,Yes,855865.73
3716,4,1,1,3,18,Uptown,Semi-Furnished,Yes,No,No,Yes,No,Yes,935367.9
3438,5,2,2,2,17,Westside,Furnished,Yes,No,Yes,Yes,Yes,No,755386.8
4428,3,4,1,2,29,Midtown,Semi-Furnished,Yes,No,No,Yes,Yes,Yes,988699.92
2540,6,1,1,2,29,Northend,Unfurnished,Yes,No,No,Yes,Yes,No,402139.8
527,2,3,1,1,24,Downtown,Furnished,No,No,No,Yes,Yes,No,335602.43
2613,5,3,2,2,23,Downtown,Semi-Furnished,Yes,No,No,No,Yes,Yes,916251.08
1752,3,1,2,0,9,Uptown,Semi-Furnished,Yes,No,No,No,No,No,526436.19
4856,2,1,2,3,1,Lakeview,Unfurnished,No,No,No,No,Yes,No,1231632.09
2546,2,1,2,1,37,Southend,Semi-Furnished,Yes,No,Yes,Yes,No,Yes,448907.02
4523,5,2,2,2,31,Suburban,Semi-Furnished,Yes,No,No,Yes,No,Yes,778245.26
4896,3,2,1,0,34,Rural,Furnished,Yes,No,No,No,Yes,No,526020.0
3874,6,3,2,3,36,Northend,Unfurnished,Yes,Yes,No,No,No,No,568450.83
3966,5,2,1,2,6,Uptown,Unfurnished,Yes,Yes,No,No,Yes,No,1004592.77
3581,4,2,2,3,6,Rural,Furnished,Yes,No,Yes,No,Yes,No,500853.0
4278,2,4,2,1,26,Westside,Furnished,Yes,Yes,Yes,Yes,No,No,859410.45
1129,5,2,3,1,9,Westside,Furnished,Yes,Yes,No,Yes,Yes,No,491617.29
769,2,4,1,0,32,Uptown,Semi-Furnished,No,Yes,No,No,No,No,297793.11
3139,3,2,2,1,42,Uptown,Unfurnished,Yes,No,No,No,No,Yes,743724.12
2493,1,3,2,0,6,Westside,Unfurnished,No,No,No,Yes,Yes,No,510399.01
3391,5,1,2,2,5,Suburban,Unfurnished,Yes,No,No,Yes,No,No,638293.85
3932,6,3,3,3,5,Westside,Semi-Furnished,No,Yes,Yes,Yes,No,No,869830.75
1780,5,2,1,1,12,Suburban,Unfurnished,No,Yes,Yes,No,No,No,405164.71
2860,2,1,2,3,47,Rural,Unfurnished,Yes,Yes,Yes,Yes,Yes,No,362679.3
1075,3,1,2,3,12,Suburban,Unfurnished,No,No,No,No,No,Yes,321164.49
1807,4,1,2,2,1,Downtown,Unfurnished,Yes,No,No,Yes,Yes,No,665780.02
3692,6,4,3,2,18,Downtown,Furnished,Yes,No,No,Yes,No,No,1114964.87
3678,3,3,2,1,18,Southend,Semi-Furnished,Yes,No,Yes,Yes,Yes,Yes,676714.48
3234,5,4,1,2,49,Midtown,Unfurnished,No,No,No,No,No,No,659664.64
2712,4,1,1,3,37,Uptown,Unfurnished,No,No,No,Yes,Yes,Yes,694221.94
2852,3,3,1,0,1,Lakeview,Unfurnished,Yes,No,No,Yes,No,No,794431.62
4068,1,3,1,0,25,Eastside,Unfurnished,Yes,No,No,Yes,No,No,525513.37
2155,6,2,2,0,5,Suburban,Unfurnished,Yes,Yes,No,Yes,Yes,Yes,564407.59
2079,2,4,3,1,19,Lakeview,Furnished,Yes,Yes,No,Yes,Yes,Yes,898506.23
2703,3,4,3,2,22,Southend,Furnished,Yes,Yes,Yes,Yes,Yes,No,613370.47
1890,3,2,3,2,14,Midtown,Semi-Furnished,Yes,No,No,Yes,Yes,No,611553.42
2242,1,4,2,2,5,Lakeview,Semi-Furnished,Yes,No,Yes,Yes,No,Yes,880208.75
2425,5,1,3,2,27,Lakeview,Unfurnished,No,No,No,Yes,No,Yes,839463.31
1119,6,1,1,3,34,Downtown,Unfurnished,Yes,No,No,No,Yes,Yes,511129.71
1774,6,4,2,0,10,Northend,Furnished,No,No,No,Yes,No,No,389165.94
1456,2,2,3,3,7,Midtown,Semi-Furnished,Yes,Yes,Yes,No,Yes,No,633931.63
2439,3,3,1,1,49,Eastside,Unfurnished,No,No,No,Yes,No,No,313414.3
4453,4,4,1,0,48,Rural,Unfurnished,Yes,No,No,No,No,Yes,476677.77
2881,3,3,2,0,23,Southend,Unfurnished,Yes,No,No,Yes,No,No,455689.53
1468,2,2,2,3,20,Uptown,Semi-Furnished,Yes,Yes,No,Yes,No,No,561193.36
1816,3,3,3,1,48,Uptown,Furnished,No,No,Yes,Yes,No,Yes,617168.84
1543,1,2,3,1,35,Rural,Furnished,Yes,Yes,No,Yes,No,Yes,323679.06
781,3,2,3,0,6,Southend,Unfurnished,Yes,Yes,Yes,No,No,Yes,383357.15
3344,3,1,2,2,4,Rural,Unfurnished,Yes,No,No,No,No,No,411048.24
1558,4,1,3,1,28,Suburban,Unfurnished,Yes,Yes,Yes,No,Yes,No,430227.93
4793,1,2,3,3,15,Southend,Unfurnished,Yes,Yes,Yes,Yes,No,Yes,850628.69
3032,1,4,1,1,5,Southend,Unfurnished,Yes,No,No,Yes,Yes,No,504105.05
4328,3,1,1,0,13,Lakeview,Semi-Furnished,Yes,No,Yes,No,No,No,1099876.46
1508,6,2,1,2,1,Midtown,Furnished,Yes,Yes,No,No,No,No,601739.03
1729,4,3,3,1,24,Midtown,Semi-Furnished,Yes,Yes,No,Yes,No,Yes,628603.71
1535,3,3,2,0,30,Lakeview,Semi-Furnished,No,No,No,No,No,No,496182.89
775,3,4,1,1,49,Westside,Unfurnished,Yes,Yes,No,No,Yes,No,256593.87
3240,2,3,2,2,49,Southend,Semi-Furnished,Yes,No,No,Yes,Yes,No,550368.48
2789,2,3,3,3,12,Northend,Furnished,Yes,No,Yes,Yes,Yes,No,515560.38
1739,6,2,3,0,17,Lakeview,Unfurnished,Yes,No,No,Yes,Yes,No,709527.75
625,4,3,1,0,16,Rural,Furnished,Yes,Yes,No,No,No,No,194949.44
4565,5,3,2,2,44,Westside,Semi-Furnished,Yes,No,Yes,No,No,Yes,886746.36
4812,2,3,1,0,27,Eastside,Unfurnished,No,No,No,No,No,No,605147.4
4368,5,3,3,2,11,Westside,Furnished,No,No,No,No,No,No,835027.68
1708,1,2,2,0,34,Rural,Furnished,No,No,No,Yes,Yes,Yes,273654.17
3749,2,3,1,2,21,Southend,Unfurnished,Yes,Yes,Yes,Yes,Yes,No,589151.94
1418,2,4,3,1,38,Midtown,Furnished,Yes,Yes,No,No,Yes,Yes,597441.53
4423,4,1,1,1,0,Suburban,Unfurnished,No,No,No,No,Yes,No,668372.18
4903,6,4,2,1,36,Southend,Unfurnished,Yes,No,Yes,Yes,Yes,No,769650.86
2469,5,1,2,0,20,Rural,Semi-Furnished,Yes,No,No,Yes,Yes,No,357579.27
3293,2,4,2,2,0,Westside,Furnished,Yes,Yes,No,Yes,Yes,No,749369.13
1391,2,1,2,2,3,Uptown,Unfurnished,Yes,No,No,Yes,No,Yes,550527.01
4970,4,1,2,3,31,Suburban,Semi-Furnished,Yes,No,No,Yes,Yes,No,827609.82
2533,4,1,1,1,0,Downtown,Semi-Furnished,Yes,No,No,Yes,Yes,Yes,877888.2
1864,6,1,1,3,12,Southend,Unfurnished,Yes,No,No,Yes,Yes,No,414694.57
628,5,2,1,1,45,Rural,Unfurnished,No,No,Yes,No,Yes,Yes,180472.81
1514,1,4,1,3,46,Eastside,Furnished,Yes,No,No,No,No,Yes,298109.73
2299,6,1,3,1,16,Southend,Furnished,Yes,No,No,No,No,No,515850.22
2018,1,4,3,2,11,Southend,Furnished,Yes,No,No,No,Yes,No,473786.05
4681,3,3,1,1,6,Lakeview,Unfurnished,No,No,No,No,Yes,No,1152612.2
1698,2,1,3,0,2,Westside,Semi-Furnished,Yes,Yes,No,Yes,No,No,470408.8
4373,5,4,3,1,49,Northend,Semi-Furnished,Yes,No,No,Yes,Yes,Yes,635912.38
2974,6,2,2,1,25,Southend,Unfurnished,No,No,No,No,Yes,No,521100.02
3985,2,4,1,2,30,Rural,Furnished,Yes,No,No,Yes,No,Yes,516572.51
4549,5,1,3,0,35,Westside,Semi-Furnished,Yes,Yes,No,Yes,Yes,No,853565.56
4219,5,3,3,2,25,Uptown,Semi-Furnished,Yes,Yes,No,Yes,Yes,No,1107841.14
802,5,4,1,3,2,Eastside,Furnished,No,Yes,No,Yes,Yes,No,390398.31
4452,2,3,2,3,43,Eastside,Semi-Furnished,Yes,Yes,No,No,Yes,Yes,679054.94
1486,6,2,1,0,27,Southend,Furnished,Yes,Yes,No,No,Yes,No,344739.91
2363,4,4,2,3,43,Downtown,Semi-Furnished,Yes,Yes,No,Yes,Yes,No,801173.48
4940,2,4,3,0,16,Westside,Semi-Furnished,Yes,No,Yes,Yes,No,Yes,978971.08
3572,5,2,2,1,37,Uptown,Semi-Furnished,Yes,Yes,No,Yes,Yes,No,907961.47
3624,6,2,2,3,46,Midtown,Furnished,Yes,No,Yes,No,Yes,No,888596.83
1827,3,2,1,1,29,Lakeview,Semi-Furnished,No,Yes,No,Yes,No,No,601008.86
2908,1,1,3,2,1,Downtown,Semi-Furnished,No,No,No,Yes,No,No,817537.52
4173,5,1,1,3,7,Midtown,Semi-Furnished,Yes,No,No,Yes,Yes,Yes,1022128.37
3791,3,4,1,2,13,Lakeview,Unfurnished,Yes,Yes,Yes,Yes,No,Yes,1213382.08
4533,4,4,3,2,36,Eastside,Semi-Furnished,Yes,Yes,Yes,No,No,No,735558.33
1203,5,4,1,0,34,Midtown,Semi-Furnished,Yes,Yes,No,Yes,No,No,429527.76
1074,3,3,1,2,41,Downtown,Furnished,Yes,No,No,No,Yes,No,485584.66
3732,5,2,2,0,38,Lakeview,Furnished,Yes,No,No,No,Yes,No,1001881.59
3132,2,4,1,0,10,Downtown,Unfurnished,Yes,No,No,Yes,No,Yes,829328.49
4328,6,2,3,0,14,Downtown,Furnished,No,Yes,No,No,Yes,No,1174168.34
3730,3,1,1,0,1,Lakeview,Furnished,Yes,No,No,No,No,No,1028093.87
988,6,2,2,0,36,Uptown,Furnished,Yes,No,Yes,No,Yes,No,522574.33
1847,2,3,1,1,42,Eastside,Unfurnished,Yes,No,No,No,No,Yes,294651.03
4181,2,3,1,0,31,Southend,Unfurnished,Yes,No,No,No,Yes,Yes,615940.5
3673,6,2,1,3,39,Northend,Semi-Furnished,Yes,Yes,No,Yes,Yes,No,555211.97
2167,3,3,2,0,12,Suburban,Semi-Furnished,Yes,Yes,No,No,No,No,484175.15
2137,6,3,3,1,42,Southend,Furnished,Yes,No,No,Yes,No,Yes,483272.74
4614,6,1,3,3,16,Midtown,Semi-Furnished,Yes,No,No,Yes,Yes,Yes,1162017.64
4053,1,4,2,3,14,Lakeview,Semi-Furnished,Yes,Yes,No,Yes,Yes,No,1174008.99
1500,3,3,2,1,32,Uptown,Unfurnished,Yes,Yes,No,Yes,Yes,No,502979.73
1350,1,4,1,3,15,Uptown,Unfurnished,Yes,No,No,Yes,Yes,Yes,537233.14
1888,5,2,3,1,12,Midtown,Semi-Furnished,Yes,No,No,Yes,Yes,No,627958.26
4212,6,2,2,2,21,Westside,Semi-Furnished,Yes,Yes,No,No,No,Yes,873019.59
1867,5,3,3,2,22,Downtown,Semi-Furnished,Yes,No,No,No,No,Yes,745398.06
1321,3,2,1,0,35,Suburban,Furnished,Yes,No,Yes,Yes,No,Yes,414506.41
954,6,1,2,0,42,Midtown,Unfurnished,Yes,No,No,Yes,No,No,333300.3
2124,5,3,3,0,49,Midtown,Semi-Furnished,No,No,No,Yes,No,No,548490.47
3272,4,3,3,0,49,Northend,Semi-Furnished,No,No,No,No,No,No,445640.18
4226,2,3,1,1,9,Southend,Furnished,Yes,No,Yes,Yes,No,Yes,746985.16
3647,6,2,2,2,16,Midtown,Unfurnished,Yes,No,Yes,Yes,Yes,Yes,974849.28
4589,2,2,3,1,29,Westside,Furnished,Yes,No,No,No,No,No,816542.9
2690,1,3,1,3,12,Midtown,Furnished,No,No,No,No,No,No,638516.7
1416,5,4,3,3,29,Midtown,Semi-Furnished,Yes,No,No,Yes,Yes,Yes,623651.97
4486,1,2,1,3,45,Southend,Furnished,Yes,Yes,No,No,Yes,No,599586.79
3375,6,2,3,3,29,Midtown,Furnished,Yes,Yes,No,No,Yes,No,893903.75
1940,2,3,3,3,6,Westside,Semi-Furnished,Yes,No,No,Yes,Yes,No,537631.12
4900,2,4,1,2,9,Southend,Unfurnished,Yes,Yes,No,Yes,Yes,Yes,816252.51
1235,5,3,2,1,34,Rural,Semi-Furnished,No,No,No,Yes,No,Yes,236500.45
4068,6,2,1,3,1,Eastside,Unfurnished,Yes,Yes,No,No,No,No,623182.7
3838,4,3,2,0,29,Eastside,Furnished,Yes,No,Yes,Yes,Yes,No,677508.94
3515,4,3,3,2,18,Downtown,Furnished,Yes,No,No,Yes,Yes,Yes,1120273.78
3389,5,3,3,0,38,Suburban,Semi-Furnished,Yes,No,No,No,No,Yes,630235.54
1461,6,4,1,2,36,Uptown,Semi-Furnished,Yes,Yes,No,Yes,Yes,No,593722.28
3489,5,3,1,2,2,Northend,Semi-Furnished,Yes,No,No,No,No,No,531698.14
4348,6,2,2,0,24,Westside,Furnished,Yes,No,Yes,No,Yes,Yes,937883.47
1526,1,3,2,0,33,Eastside,Furnished,Yes,No,No,No,Yes,No,290222.6
4365,5,4,2,3,21,Rural,Unfurnished,Yes,No,No,Yes,Yes,No,524360.83
3363,6,1,1,0,37,Westside,Semi-Furnished,Yes,No,Yes,No,No,No,611336.81
3001,4,4,3,1,13,Southend,Furnished,Yes,No,No,Yes,Yes,No,601285.46
2447,6,3,1,2,38,Rural,Unfurnished,Yes,No,No,Yes,No,Yes,333521.27
1677,6,1,3,2,1,Westside,Semi-Furnished,Yes,No,Yes,No,No,No,554685.38
511,5,3,1,3,31,Eastside,Semi-Furnished,Yes,No,No,No,Yes,No,250446.91
4899,1,4,1,2,42,Uptown,Unfurnished,Yes,No,No,Yes,No,No,928329.83
3864,1,1,2,0,2,Lakeview,Unfurnished,Yes,No,Yes,Yes,No,No,1005242.89
3522,1,1,3,2,40,Northend,Unfurnished,No,Yes,No,Yes,Yes,No,474115.91
3871,1,3,1,2,7,Northend,Furnished,Yes,No,Yes,Yes,No,Yes,615869.93
3330,3,3,1,0,25,Westside,Semi-Furnished,Yes,Yes,No,No,Yes,Yes,709649.69
542,5,4,3,0,31,Eastside,Semi-Furnished,Yes,No,No,Yes,No,No,284082.98
1443,2,3,1,2,10,Rural,Unfurnished,Yes,Yes,No,Yes,No,No,260860.74
2890,5,1,3,1,49,Eastside,Furnished,Yes,No,No,No,No,No,459745.06
3045,3,2,2,0,0,Eastside,Unfurnished,Yes,No,Yes,Yes,Yes,Yes,569145.29
2911,1,2,2,1,14,Midtown,Furnished,No,No,No,Yes,Yes,Yes,725100.43
1504,3,4,3,1,3,Lakeview,Semi-Furnished,Yes,No,No,No,No,Yes,739989.27
520,4,3,2,3,3,Midtown,Semi-Furnished,No,Yes,No,Yes,No,No,440407.08
906,4,4,3,1,27,Rural,Furnished,Yes,No,No,Yes,No,Yes,258729.81
1514,5,2,1,3,9,Lakeview,Semi-Furnished,Yes,No,No,No,No,No,660943.98
4931,5,2,1,1,10,Eastside,Semi-Furnished,Yes,No,Yes,Yes,No,Yes,780392.87
2338,2,3,3,3,49,Uptown,Unfurnished,Yes,No,Yes,No,No,No,584225.6
3688,2,1,1,0,22,Rural,Furnished,Yes,No,Yes,No,No,No,421297.74
1214,4,3,2,2,46,Westside,Semi-Furnished,Yes,No,No,No,Yes,No,328665.46
4646,1,2,1,2,2,Westside,Semi-Furnished,Yes,Yes,Yes,Yes,No,No,877994.74
4354,3,1,1,3,38,Westside,Furnished,No,No,No,Yes,No,Yes,757513.77
4919,2,4,3,0,38,Suburban,Semi-Furnished,Yes,No,No,Yes,No,Yes,756656.79
640,6,2,2,3,16,Lakeview,Furnished,Yes,Yes,No,Yes,No,Yes,659565.17
1463,2,4,1,3,21,Eastside,Furnished,Yes,No,Yes,Yes,Yes,Yes,397224.7
872,1,1,1,0,26,Eastside,Unfurnished,No,Yes,No,Yes,No,No,181735.2
4135,1,4,3,1,15,Lakeview,Furnished,No,No,No,Yes,No,Yes,1219512.42
3041,5,2,3,1,15,Midtown,Unfurnished,Yes,No,No,No,Yes,No,753971.25
4110,3,3,2,0,39,Westside,Semi-Furnished,Yes,Yes,No,Yes,No,No,753002.93
2192,1,4,1,3,2,Midtown,Furnished,Yes,Yes,Yes,No,No,Yes,739795.31
605,2,2,3,2,46,Midtown,Unfurnished,Yes,Yes,Yes,Yes,Yes,Yes,402697.65
2181,2,2,3,3,32,Westside,Furnished,Yes,No,No,No,No,Yes,524707.33
4597,4,1,3,1,41,Southend,Semi-Furnished,Yes,No,No,No,No,No,628211.91
4516,1,2,2,0,1,Eastside,Unfurnished,No,No,No,Yes,Yes,Yes,681523.96
3136,6,3,3,0,38,Suburban,Unfurnished,No,No,No,Yes,No,Yes,626254.51
2637,5,3,2,0,45,Westside,Unfurnished,Yes,No,Yes,No,Yes,No,532651.64
3916,3,4,2,1,47,Uptown,Semi-Furnished,Yes,No,No,Yes,Yes,No,887543.44
4945,6,4,1,3,26,Westside,Unfurnished,Yes,No,No,Yes,Yes,Yes,936857.01
4030,5,4,1,0,14,Northend,Semi-Furnished,Yes,No,No,Yes,Yes,No,594971.93
1786,2,4,2,2,6,Northend,Semi-Furnished,No,Yes,Yes,Yes,No,Yes,415768.49
3679,6,3,1,0,44,Rural,Furnished,Yes,Yes,No,Yes,No,No,477572.65
4154,5,1,1,3,41,Southend,Semi-Furnished,Yes,No,No,Yes,No,No,592041.14
2859,2,4,3,1,8,Westside,Unfurnished,Yes,Yes,Yes,No,Yes,No,676556.91
944,2,1,1,2,40,Eastside,Unfurnished,No,No,No,Yes,No,No,189418.5
535,2,2,2,2,5,Southend,Semi-Furnished,Yes,Yes,No,No,Yes,No,285575.64
1975,2,2,1,0,11,Eastside,Semi-Furnished,Yes,No,No,Yes,No,No,343532.68
4457,2,4,3,3,29,Lakeview,Furnished,Yes,No,No,No,Yes,Yes,1318146.62
2298,4,2,2,0,19,Southend,Furnished,Yes,No,No,Yes,Yes,No,446311.86
2345,6,1,1,2,19,Downtown,Unfurnished,Yes,No,No,No,No,No,639158.1
1908,5,1,2,0,45,Downtown,Semi-Furnished,Yes,Yes,No,Yes,Yes,No,613603.65
2208,4,2,1,3,26,Rural,Unfurnished,No,Yes,No,No,No,Yes,332805.41
3438,4,4,3,1,19,Southend,Semi-Furnished,No,No,No,Yes,Yes,No,626170.98
1800,1,1,1,2,6,Downtown,Unfurnished,Yes,No,No,Yes,Yes,No,498349.17
1743,1,1,2,3,39,Downtown,Unfurnished,Yes,No,Yes,Yes,Yes,Yes,577835.29
4476,1,3,2,0,39,Uptown,Unfurnished,No,No,Yes,No,No,No,884476.97
3597,3,4,2,2,29,Northend,Semi-Furnished,Yes,Yes,No,Yes,No,No,546291.41
509,1,3,1,0,7,Suburban,Furnished,Yes,No,Yes,No,Yes,No,291205.35
2925,5,2,1,0,1,Midtown,Furnished,Yes,No,No,Yes,No,Yes,828922.55
2160,4,2,1,1,13,Westside,Semi-Furnished,Yes,No,No,Yes,No,No,510281.71
3131,5,3,3,0,9,Downtown,Furnished,Yes,Yes,No,No,Yes,Yes,1115659.35
1572,6,4,3,0,49,Midtown,Unfurnished,Yes,No,No,Yes,Yes,No,510970.22
3725,1,1,3,3,17,Midtown,Semi-Furnished,Yes,No,No,Yes,No,No,810249.3
1816,3,2,2,0,17,Southend,Semi-Furnished,Yes,No,Yes,Yes,No,No,403542.71
4645,6,4,2,1,15,Southend,Furnished,Yes,Yes,Yes,Yes,Yes,No,868682.46
4183,3,4,2,0,4,Westside,Furnished,Yes,Yes,No,Yes,No,No,867643.0
3773,6,2,2,0,30,Northend,Unfurnished,No,No,No,Yes,No,No,508636.47
645,4,2,2,0,36,Lakeview,Semi-Furnished,Yes,Yes,Yes,Yes,Yes,No,487493.03
3540,5,4,1,2,19,Midtown,Furnished,Yes,No,No,Yes,Yes,Yes,927359.96
1962,2,1,2,1,22,Lakeview,Semi-Furnished,Yes,No,No,Yes,No,No,597909.22
2084,5,3,1,2,31,Northend,Unfurnished,Yes,No,No,Yes,Yes,No,373550.72
982,1,2,3,1,41,Rural,Unfurnished,Yes,No,Yes,Yes,No,Yes,217459.6
3679,2,3,3,1,16,Suburban,Unfurnished,No,Yes,Yes,Yes,No,Yes,722941.82
1749,3,4,3,3,12,Westside,Semi-Furnished,Yes,No,No,No,Yes,No,506863.09
1130,4,3,3,2,48,Uptown,Semi-Furnished,Yes,Yes,No,Yes,Yes,No,498935.49
1161,4,1,3,1,49,Northend,Semi-Furnished,Yes,Yes,No,No,No,No,239342.85
4003,3,4,2,1,12,Downtown,Semi-Furnished,No,Yes,No,Yes,Yes,No,1123339.13
3352,1,1,2,3,16,Lakeview,Semi-Furnished,Yes,No,Yes,Yes,No,No,917456.63
2966,3,4,2,2,14,Rural,Unfurnished,Yes,No,No,Yes,Yes,No,445656.61
1487,6,1,3,0,25,Eastside,Unfurnished,Yes,No,No,Yes,Yes,No,360403.14
2046,1,4,3,3,43,Lakeview,Unfurnished,Yes,Yes,No,Yes,Yes,No,638083.1
1149,2,1,1,1,27,Midtown,Furnished,Yes,No,Yes,No,No,No,368179.06
1468,3,4,2,2,41,Lakeview,Unfurnished,Yes,Yes,No,Yes,No,No,560369.5
3137,1,1,3,1,44,Uptown,Semi-Furnished,Yes,Yes,No,Yes,No,No,706642.05
1600,2,4,3,3,29,Northend,Unfurnished,Yes,No,No,Yes,Yes,No,305156.04
940,3,1,3,3,42,Downtown,Furnished,Yes,No,No,No,No,No,398015.85
1269,4,2,1,2,34,Downtown,Furnished,Yes,No,No,Yes,No,No,487306.24
1843,3,3,3,3,21,Eastside,Furnished,Yes,No,Yes,Yes,No,No,417848.52
4858,5,4,1,3,9,Southend,Furnished,Yes,Yes,No,Yes,Yes,No,869768.2
4229,3,1,1,0,10,Midtown,Furnished,No,No,No,No,No,Yes,910494.32
4406,5,2,2,1,37,Northend,Semi-Furnished,Yes,No,No,Yes,Yes,No,622749.11
2077,2,4,3,0,32,Lakeview,Unfurnished,Yes,Yes,No,Yes,No,Yes,735126.71
4508,3,4,1,0,5,Eastside,Semi-Furnished,Yes,No,No,No,No,No,628954.26
3851,2,4,3,2,36,Suburban,Semi-Furnished,Yes,No,No,Yes,No,Yes,713779.4
2849,2,3,2,3,6,Uptown,Furnished,Yes,No,No,No,No,Yes,867922.54
4102,1,1,2,1,43,Southend,Unfurnished,Yes,No,No,No,No,Yes,535268.04
1741,2,1,1,1,11,Southend,Unfurnished,Yes,No,No,Yes,No,Yes,348050.27
1625,2,4,2,1,6,Rural,Unfurnished,Yes,No,No,Yes,Yes,Yes,323195.81
3101,3,4,2,3,1,Rural,Furnished,Yes,No,Yes,No,Yes,No,452139.41
1690,3,4,2,1,0,Suburban,Semi-Furnished,Yes,No,Yes,Yes,Yes,No,433903.39
4631,4,2,3,1,22,Eastside,Unfurnished,Yes,Yes,No,Yes,No,No,659001.81
4948,1,4,3,3,24,Westside,Semi-Furnished,Yes,No,No,No,Yes,Yes,954674.7
572,2,3,1,2,17,Uptown,Unfurnished,Yes,Yes,No,Yes,No,No,302039.84
2414,1,1,1,1,43,Eastside,Unfurnished,Yes,No,No,No,Yes,No,330232.69
2972,5,3,2,3,6,Midtown,Unfurnished,No,Yes,No,Yes,No,Yes,864332.43
3546,2,4,2,0,2,Uptown,Unfurnished,Yes,Yes,No,Yes,No,No,880339.1
1207,1,2,1,3,28,Southend,Furnished,Yes,Yes,No,Yes,No,No,324980.9
2304,4,4,2,0,9,Southend,Furnished,No,Yes,Yes,Yes,Yes,No,525355.93
4213,4,4,1,3,42,Midtown,Semi-Furnished,Yes,Yes,No,No,No,No,883919.23
3064,2,4,3,1,4,Westside,Furnished,Yes,No,No,Yes,Yes,No,705311.16
2975,5,4,2,2,33,Suburban,Unfurnished,Yes,No,No,No,Yes,Yes,599736.33
4110,4,4,2,2,7,Rural,Semi-Furnished,No,No,No,Yes,Yes,No,523984.38
4755,4,1,2,1,13,Southend,Semi-Furnished,Yes,No,Yes,Yes,No,No,763426.63
3323,5,3,3,0,39,Westside,Semi-Furnished,Yes,No,No,Yes,No,No,632956.77
2235,1,2,3,3,5,Northend,Unfurnished,Yes,No,Yes,Yes,Yes,No,464916.33
2085,4,4,2,1,0,Uptown,Unfurnished,No,No,No,Yes,No,No,636645.97
566,3,2,1,3,32,Suburban,Semi-Furnished,Yes,Yes,No,Yes,Yes,No,257111.23
3561,6,1,3,1,39,Eastside,Furnished,Yes,Yes,Yes,No,Yes,No,639712.0
2928,6,3,2,1,10,Westside,Unfurnished,Yes,No,Yes,Yes,Yes,No,691616.11
4653,4,4,2,3,49,Suburban,Unfurnished,No,No,Yes,Yes,No,No,699397.06
841,1,1,3,2,23,Westside,Furnished,Yes,Yes,No,Yes,Yes,Yes,408152.13
3274,1,1,1,2,9,Northend,Semi-Furnished,Yes,No,Yes,Yes,Yes,Yes,521624.75
3317,2,3,2,0,43,Downtown,Furnished,Yes,Yes,Yes,No,Yes,Yes,1006218.48
3161,3,4,1,3,22,Midtown,Unfurnished,Yes,No,No,Yes,Yes,Yes,838644.09
1732,1,3,1,0,15,Downtown,Semi-Furnished,Yes,No,No,Yes,Yes,No,547810.93
4374,5,3,3,1,36,Suburban,Semi-Furnished,Yes,No,No,No,Yes,No,732671.37
2901,3,2,2,0,15,Downtown,Furnished,No,No,No,Yes,Yes,No,841870.73
1994,6,2,2,1,43,Westside,Unfurnished,Yes,No,No,Yes,No,No,455116.27
4711,3,3,1,3,30,Westside,Unfurnished,No,Yes,No,No,Yes,No,813690.12
1161,5,2,3,3,5,Downtown,Semi-Furnished,Yes,No,No,Yes,Yes,Yes,752739.07
4383,4,1,3,3,29,Midtown,Unfurnished,Yes,No,Yes,Yes,Yes,No,988502.2
4119,5,3,3,3,36,Midtown,Semi-Furnished,Yes,No,No,No,Yes,Yes,1014367.85
2368,5,4,1,0,0,Northend,Semi-Furnished,Yes,No,No,Yes,Yes,Yes,508762.57
2834,4,4,1,1,41,Westside,Semi-Furnished,Yes,Yes,No,Yes,Yes,No,577779.32
3874,4,1,2,2,24,Suburban,Unfurnished,Yes,No,No,Yes,Yes,No,659260.88
1516,4,4,3,3,45,Uptown,Furnished,Yes,Yes,No,Yes,Yes,No,625185.72
4906,4,4,1,3,20,Midtown,Semi-Furnished,Yes,Yes,No,No,No,No,1067543.59
707,4,3,3,1,34,Lakeview,Furnished,Yes,No,No,No,Yes,No,486415.79
3165,5,1,1,2,37,Midtown,Furnished,No,No,No,Yes,Yes,No,727381.21
2993,2,3,2,3,4,Northend,Furnished,No,No,No,No,Yes,Yes,554613.41
1132,2,1,3,2,48,Uptown,Furnished,Yes,No,No,Yes,No,No,407148.65
2602,1,3,1,3,49,Rural,Furnished,Yes,No,No,No,Yes,No,296640.22
3459,2,3,3,0,11,Lakeview,Semi-Furnished,Yes,No,No,No,Yes,No,986241.48
3583,6,2,1,0,4,Midtown,Unfurnished,Yes,No,Yes,Yes,No,No,872903.03
2431,2,4,1,2,8,Downtown,Furnished,Yes,No,No,Yes,Yes,No,826620.89
4219,5,1,1,1,43,Westside,Unfurnished,Yes,Yes,No,No,No,Yes,739214.39
3062,4,4,3,1,8,Lakeview,Unfurnished,No,No,No,No,No,No,939198.42
2179,4,2,1,0,34,Midtown,Semi-Furnished,Yes,No,No,No,No,No,479466.08
736,5,1,2,1,0,Westside,Furnished,Yes,No,No,Yes,No,No,364516.03
4943,6,2,3,1,46,Suburban,Unfurnished,Yes,Yes,No,Yes,Yes,No,805947.48
2040,2,4,2,1,9,Uptown,Unfurnished,Yes,No,Yes,Yes,No,No,649784.86
4443,5,3,2,2,45,Southend,Furnished,Yes,No,No,Yes,No,No,697381.72
863,1,2,3,2,38,Northend,Semi-Furnished,No,No,Yes,No,Yes,No,221682.79
2868,4,2,1,1,35,Rural,Semi-Furnished,No,No,No,No,Yes,No,305589.56
785,3,3,2,0,36,Downtown,Furnished,No,No,No,Yes,Yes,No,368978.86
648,1,4,3,1,47,Lakeview,Unfurnished,No,No,No,Yes,Yes,No,340891.07
4537,6,2,1,3,34,Rural,Semi-Furnished,No,No,No,Yes,Yes,Yes,545102.9
2266,1,4,3,0,16,Northend,Semi-Furnished,No,Yes,Yes,Yes,No,No,422460.09
1512,5,3,3,2,12,Rural,Unfurnished,Yes,No,No,Yes,No,Yes,335121.53
3331,2,1,3,3,5,Uptown,Unfurnished,Yes,Yes,Yes,No,Yes,No,972672.69
3007,4,2,1,1,36,Suburban,Unfurnished,Yes,Yes,No,No,Yes,No,507438.07
2023,6,4,2,1,47,Downtown,Unfurnished,Yes,No,No,Yes,No,No,637636.93
3285,6,3,2,0,31,Lakeview,Furnished,Yes,Yes,No,No,Yes,No,1017498.36
3056,3,3,3,0,10,Uptown,Unfurnished,No,No,No,Yes,Yes,No,784538.67
4225,1,2,3,1,16,Uptown,Semi-Furnished,Yes,No,No,Yes,Yes,Yes,1058166.07
2101,3,1,1,1,4,Westside,Unfurnished,Yes,No,No,Yes,Yes,No,481129.25
2908,2,2,3,0,5,Suburban,Unfurnished,Yes,Yes,No,Yes,No,Yes,610689.12
840,2,4,3,3,9,Southend,Furnished,Yes,Yes,Yes,No,No,No,390985.2
3317,3,3,3,2,32,Suburban,Furnished,Yes,Yes,Yes,No,No,Yes,703446.34
2996,4,1,2,0,29,Suburban,Unfurnished,Yes,Yes,No,Yes,No,No,538838.29
2225,2,4,3,3,20,Uptown,Furnished,Yes,No,No,No,Yes,No,757887.4
2189,3,2,2,1,41,Southend,Furnished,Yes,No,No,Yes,No,Yes,439335.11
3767,1,3,1,2,16,Midtown,Furnished,Yes,No,No,No,Yes,No,825901.29
4906,3,2,1,3,26,Westside,Furnished,Yes,No,No,No,Yes,No,853201.57
761,3,1,2,2,2,Suburban,Unfurnished,Yes,No,No,Yes,Yes,No,289435.45
1942,5,1,2,2,28,Midtown,Furnished,Yes,No,Yes,Yes,No,Yes,690085.01
905,2,1,2,2,1,Southend,Furnished,Yes,Yes,No,No,No,No,318229.62
2690,4,1,2,3,28,Suburban,Semi-Furnished,Yes,No,No,Yes,Yes,Yes,578093.26
4937,4,1,3,3,48,Downtown,Unfurnished,Yes,Yes,No,Yes,Yes,Yes,1250837.63
743,5,2,2,1,35,Midtown,Furnished,Yes,No,No,No,No,No,292062.92
4607,6,1,2,2,33,Midtown,Semi-Furnished,No,Yes,No,Yes,No,No,967332.53
1060,4,1,2,0,36,Downtown,Furnished,Yes,No,No,No,No,No,409996.84
4637,3,3,3,0,41,Midtown,Unfurnished,Yes,Yes,Yes,No,Yes,No,996770.48
3225,5,1,3,0,0,Rural,Semi-Furnished,No,Yes,No,No,Yes,No,485260.39
1093,1,3,3,3,25,Suburban,Semi-Furnished,No,No,No,Yes,Yes,Yes,372473.0
2326,2,3,1,1,0,Lakeview,Unfurnished,Yes,Yes,No,No,Yes,Yes,826560.75
3729,2,3,3,3,3,Midtown,Semi-Furnished,No,Yes,No,Yes,Yes,No,950210.48
3787,2,2,2,2,38,Northend,Semi-Furnished,No,No,Yes,Yes,Yes,Yes,569332.35
4573,3,2,3,0,13,Eastside,Furnished,Yes,No,Yes,Yes,No,No,757078.44
633,1,4,3,3,45,Southend,Semi-Furnished,Yes,No,No,Yes,No,No,246805.93
3638,5,4,2,0,17,Northend,Unfurnished,Yes,No,Yes,Yes,No,Yes,586798.33
4419,5,3,3,3,33,Downtown,Furnished,Yes,No,No,Yes,No,No,1157319.91
572,2,2,1,0,0,Suburban,Semi-Furnished,Yes,Yes,No,Yes,Yes,Yes,362216.94
4994,1,1,3,2,21,Suburban,Furnished,Yes,No,Yes,Yes,Yes,No,831373.41
4725,1,4,1,0,15,Northend,Unfurnished,No,No,No,Yes,No,No,589516.79
3478,1,2,1,2,21,Midtown,Semi-Furnished,No,Yes,No,Yes,Yes,No,747985.32
4861,4,1,1,2,49,Southend,Unfurnished,No,Yes,No,No,Yes,No,693712.58
2485,4,1,2,3,15,Suburban,Unfurnished,Yes,No,No,No,Yes,Yes,548106.25
1292,2,2,3,3,27,Midtown,Semi-Furnished,Yes,No,No,Yes,Yes,No,484168.22
4759,1,4,1,3,27,Downtown,Semi-Furnished,No,Yes,Yes,No,Yes,No,1133752.03
594,6,2,1,2,21,Rural,Furnished,Yes,Yes,No,No,Yes,Yes,243962.28
1633,1,4,3,1,5,Westside,Unfurnished,Yes,No,No,Yes,No,No,474819.19
737,5,3,2,1,24,Southend,Semi-Furnished,No,Yes,Yes,No,Yes,Yes,353574.94
3446,5,2,2,2,41,Downtown,Unfurnished,Yes,No,Yes,No,Yes,Yes,995612.62
3030,2,2,1,2,1,Uptown,Semi-Furnished,Yes,No,No,Yes,Yes,No,817430.74
2460,6,4,2,3,6,Suburban,Unfurnished,Yes,No,No,Yes,Yes,No,591956.59
1548,1,4,3,3,16,Eastside,Furnished,Yes,Yes,Yes,No,Yes,Yes,502673.81
3029,6,2,2,3,34,Midtown,Unfurnished,Yes,Yes,Yes,Yes,Yes,No,781669.84
3464,2,1,3,1,19,Uptown,Semi-Furnished,Yes,No,Yes,Yes,Yes,No,912890.41
1463,5,1,1,1,43,Northend,Furnished,Yes,No,No,Yes,No,No,226034.43
1036,5,1,3,2,1,Suburban,Furnished,No,No,No,Yes,Yes,No,426556.75
4723,4,3,1,1,6,Rural,Semi-Furnished,Yes,Yes,No,No,Yes,No,621513.54
4179,2,3,3,3,31,Uptown,Furnished,Yes,Yes,No,Yes,No,Yes,1124969.0
4687,2,4,3,3,48,Lakeview,Unfurnished,Yes,No,No,Yes,No,No,1136747.63
4224,1,3,2,3,18,Midtown,Unfurnished,Yes,No,No,No,No,No,849469.97
1042,1,1,3,3,11,Uptown,Semi-Furnished,No,No,No,No,Yes,Yes,503740.43
1345,4,2,1,3,8,Rural,Unfurnished,Yes,No,Yes,No,Yes,No,254545.66
4103,3,3,3,0,26,Southend,Semi-Furnished,Yes,Yes,No,Yes,Yes,No,681638.65
3536,6,3,1,2,13,Northend,Furnished,Yes,No,Yes,No,No,No,565113.56
2994,3,1,1,2,1,Westside,Unfurnished,Yes,Yes,No,Yes,Yes,No,614383.25
4985,3,3,3,1,20,Downtown,Semi-Furnished,No,Yes,No,No,Yes,No,1254324.35
3219,2,4,2,3,3,Midtown,Unfurnished,No,Yes,No,Yes,No,No,813409.96
2384,6,2,3,0,20,Eastside,Furnished,Yes,No,No,No,No,Yes,525810.48
4638,2,1,3,3,47,Lakeview,Furnished,No,Yes,Yes,No,No,Yes,1266670.94
4849,6,4,2,3,21,Uptown,Unfurnished,Yes,No,Yes,Yes,No,No,1159073.61
3701,5,1,1,1,48,Midtown,Furnished,Yes,No,No,Yes,No,No,746451.52
3210,2,4,3,0,1,Southend,Semi-Furnished,Yes,Yes,No,No,Yes,Yes,664663.37
2453,2,2,2,0,16,Northend,Unfurnished,Yes,No,No,No,Yes,No,343426.48
4350,2,2,2,2,18,Rural,Unfurnished,Yes,No,No,Yes,Yes,No,458561.73
1189,4,4,1,3,39,Westside,Furnished,No,No,No,Yes,Yes,No,396238.65
2450,2,4,2,0,23,Midtown,Semi-Furnished,Yes,No,No,No,Yes,No,618717.21
956,1,4,1,2,19,Eastside,Unfurnished,Yes,Yes,No,Yes,Yes,No,246710.35
2630,1,4,3,0,37,Downtown,Unfurnished,Yes,Yes,No,Yes,Yes,No,754278.91
4476,6,4,2,3,11,Downtown,Furnished,Yes,Yes,No,No,No,No,1299393.62
4744,5,4,3,2,24,Westside,Furnished,Yes,No,Yes,Yes,No,No,953604.56
1679,4,2,2,0,22,Lakeview,Semi-Furnished,Yes,No,No,Yes,No,No,577075.45
4785,6,4,2,1,49,Eastside,Semi-Furnished,Yes,No,No,Yes,Yes,No,733195.04
4065,1,3,3,0,33,Southend,Furnished,Yes,Yes,No,No,No,No,663267.95
1382,4,2,2,3,31,Eastside,Semi-Furnished,Yes,No,No,Yes,Yes,No,358879.42
899,4,1,3,1,23,Southend,Furnished,Yes,Yes,No,Yes,No,Yes,396520.16
1108,5,2,3,0,41,Lakeview,Unfurnished,Yes,No,Yes,Yes,No,No,502852.57
2138,4,1,1,0,24,Southend,Furnished,Yes,No,No,Yes,Yes,Yes,463407.57
2648,2,1,3,2,2,Northend,Furnished,No,Yes,No,Yes,No,No,503876.28
1882,4,3,1,3,24,Eastside,Furnished,Yes,No,No,Yes,Yes,No,417949.77
1903,5,4,3,0,27,Rural,Unfurnished,Yes,No,No,Yes,No,Yes,321021.19
1319,6,4,2,0,11,Rural,Semi-Furnished,Yes,No,No,Yes,Yes,No,281907.38
3792,5,2,3,0,25,Uptown,Semi-Furnished,Yes,No,Yes,Yes,Yes,Yes,1084573.71
1319,5,4,2,3,47,Eastside,Semi-Furnished,Yes,No,No,Yes,No,Yes,404280.0
919,1,3,1,1,43,Lakeview,Furnished,Yes,No,Yes,No,Yes,Yes,507208.62
4719,2,2,2,3,7,Eastside,Furnished,Yes,No,No,No,Yes,No,765584.62
3802,1,2,3,2,4,Downtown,Semi-Furnished,Yes,Yes,Yes,No,No,Yes,1096484.25
2008,6,2,2,2,10,Northend,Unfurnished,No,No,No,No,Yes,Yes,412898.04
1267,3,4,1,3,41,Downtown,Unfurnished,Yes,No,Yes,Yes,No,Yes,541845.11
2544,6,4,2,0,34,Midtown,Unfurnished,No,Yes,No,Yes,Yes,No,636567.84
2639,2,4,2,0,26,Suburban,Unfurnished,No,No,Yes,Yes,Yes,No,488322.99
3529,4,2,3,1,40,Uptown,Furnished,Yes,No,No,Yes,No,No,881061.76
2049,5,2,3,3,43,Westside,Semi-Furnished,No,No,No,No,Yes,Yes,497064.49
2264,3,1,2,3,37,Midtown,Unfurnished,Yes,No,No,No,Yes,No,551041.72
3145,2,1,1,0,18,Midtown,Furnished,No,No,No,No,Yes,No,642854.96
4216,1,4,2,2,47,Eastside,Furnished,Yes,Yes,Yes,No,No,No,609106.71
4981,5,2,1,2,31,Midtown,Furnished,Yes,No,No,Yes,No,Yes,1088956.7
2793,6,4,1,1,45,Suburban,Semi-Furnished,Yes,Yes,No,Yes,Yes,Yes,601982.21
3208,1,4,1,1,27,Midtown,Furnished,Yes,Yes,No,Yes,No,Yes,818300.17
1400,2,1,2,2,35,Eastside,Semi-Furnished,Yes,Yes,No,Yes,No,No,284096.73
3584,2,3,1,3,17,Downtown,Semi-Furnished,No,No,No,Yes,No,No,901950.85
2509,6,4,2,1,9,Midtown,Semi-Furnished,No,No,No,Yes,No,No,737622.24
741,3,3,1,0,31,Westside,Semi-Furnished,Yes,No,No,No,Yes,No,258634.25
2885,6,3,1,3,17,Northend,Furnished,Yes,No,Yes,Yes,No,No,581832.76
4768,4,2,2,0,11,Northend,Furnished,Yes,Yes,No,Yes,No,No,679657.88
1171,1,2,3,1,7,Southend,Furnished,No,No,No,No,Yes,No,312039.65
663,3,4,3,2,32,Uptown,Unfurnished,Yes,No,No,Yes,No,Yes,423332.49
964,5,1,2,1,45,Suburban,Unfurnished,No,Yes,No,Yes,No,Yes,342271.35
3542,4,1,2,2,37,Rural,Semi-Furnished,Yes,No,No,Yes,No,Yes,456429.75
2942,3,4,3,3,13,Suburban,Semi-Furnished,Yes,Yes,No,Yes,Yes,Yes,723921.32
2855,1,4,3,1,1,Southend,Semi-Furnished,Yes,No,No,No,Yes,Yes,611018.12
4778,2,1,3,1,8,Westside,Semi-Furnished,Yes,No,No,Yes,No,No,838937.86
3057,5,3,2,1,43,Downtown,Semi-Furnished,Yes,No,No,Yes,No,No,808281.72
1045,6,4,1,3,4,Rural,Unfurnished,Yes,Yes,No,Yes,No,No,263955.33
4335,1,3,2,0,33,Eastside,Semi-Furnished,Yes,No,No,No,Yes,No,626822.65
1093,4,4,3,0,18,Eastside,Furnished,Yes,No,No,Yes,Yes,No,356384.09
4304,4,4,1,2,6,Uptown,Semi-Furnished,Yes,No,Yes,No,No,Yes,1127136.79
1959,2,3,2,1,38,Rural,Furnished,Yes,No,Yes,No,No,Yes,292826.97
3993,2,3,3,0,41,Eastside,Furnished,Yes,No,No,Yes,No,Yes,653867.54
3101,5,1,2,3,16,Uptown,Furnished,Yes,Yes,No,Yes,No,No,912955.84
2944,6,4,1,1,25,Westside,Furnished,Yes,Yes,No,No,Yes,No,693469.64
3172,5,2,3,2,45,Rural,Semi-Furnished,Yes,No,No,No,Yes,Yes,399837.43
4700,2,2,2,0,26,Westside,Semi-Furnished,Yes,No,No,Yes,No,No,779047.08
516,2,4,1,3,42,Eastside,Semi-Furnished,No,Yes,Yes,Yes,No,Yes,256612.34
3691,4,4,1,3,27,Northend,Semi-Furnished,Yes,Yes,No,No,No,No,548265.38
892,2,4,2,2,19,Suburban,Semi-Furnished,No,Yes,No,Yes,Yes,No,360018.4
924,3,3,1,0,5,Suburban,Unfurnished,No,No,No,No,No,Yes,275075.3
1071,1,2,3,1,7,Westside,Furnished,Yes,No,No,No,No,No,332383.61
4131,2,2,1,3,31,Northend,Furnished,Yes,No,Yes,Yes,No,No,547048.25
1620,5,2,2,2,18,Uptown,Unfurnished,Yes,No,No,No,Yes,No,545143.72
741,6,4,3,3,31,Downtown,Unfurnished,Yes,No,No,No,Yes,No,482046.36
4397,6,3,1,3,18,Downtown,Semi-Furnished,Yes,No,No,Yes,Yes,No,1192131.91
4595,6,4,1,0,23,Lakeview,Semi-Furnished,Yes,Yes,Yes,Yes,No,No,1283280.24
2779,3,1,3,0,23,Southend,Furnished,Yes,Yes,No,No,Yes,Yes,578253.19
1288,5,1,3,1,16,Midtown,Semi-Furnished,No,No,No,Yes,No,No,454585.67
1214,3,2,1,3,17,Lakeview,Furnished,Yes,No,No,No,Yes,No,588824.61
3349,2,4,3,2,11,Downtown,Semi-Furnished,Yes,No,No,Yes,Yes,Yes,1068711.8
1275,1,1,2,3,40,Northend,Semi-Furnished,Yes,No,Yes,No,Yes,No,260273.83
4526,6,1,1,2,22,Suburban,Furnished,Yes,Yes,No,No,Yes,No,823182.01
2747,5,4,2,3,47,Suburban,Unfurnished,Yes,Yes,No,Yes,Yes,No,537365.99
578,6,3,1,2,17,Downtown,Unfurnished,Yes,No,Yes,Yes,Yes,Yes,557480.46
4426,3,4,2,3,15,Downtown,Semi-Furnished,Yes,No,No,Yes,No,No,1141819.93
1355,4,4,2,3,15,Southend,Unfurnished,Yes,No,Yes,No,No,Yes,445507.44
2648,2,3,3,1,35,Downtown,Semi-Furnished,Yes,No,No,No,No,No,664891.27
1531,1,2,1,0,22,Westside,Unfurnished,Yes,Yes,No,No,Yes,No,362600.35
3771,2,2,3,0,21,Eastside,Unfurnished,No,No,No,Yes,No,No,513819.58
4076,4,2,3,2,38,Midtown,Furnished,Yes,Yes,No,Yes,Yes,No,971323.24
4682,1,3,1,3,32,Uptown,Unfurnished,Yes,No,No,Yes,Yes,Yes,1025923.3
3956,4,1,2,3,23,Midtown,Semi-Furnished,Yes,No,No,Yes,No,No,892250.2
4006,2,3,1,0,19,Midtown,Furnished,Yes,No,Yes,Yes,No,No,896454.83
907,3,4,1,2,32,Lakeview,Unfurnished,Yes,No,No,Yes,Yes,Yes,537298.95
3211,2,3,1,1,30,Downtown,Furnished,Yes,No,No,No,No,No,798332.41
3588,2,1,3,1,39,Westside,Unfurnished,No,No,No,Yes,Yes,No,595250.97
2168,2,1,1,1,7,Lakeview,Semi-Furnished,Yes,No,No,No,Yes,No,643035.91
647,5,4,1,3,9,Lakeview,Semi-Furnished,Yes,No,No,Yes,No,No,525299.93
4827,4,2,1,2,0,Eastside,Furnished,Yes,No,No,No,Yes,Yes,813518.92
4397,4,1,2,0,20,Eastside,Unfurnished,Yes,No,No,No,No,No,614181.18
2450,6,1,2,3,24,Northend,Unfurnished,Yes,No,No,No,Yes,Yes,455237.06
865,4,1,2,3,31,Eastside,Furnished,Yes,No,No,Yes,Yes,No,348392.67
2174,6,4,2,1,45,Westside,Furnished,Yes,No,No,No,No,Yes,586442.9
4994,5,1,3,2,45,Northend,Semi-Furnished,Yes,Yes,No,Yes,Yes,No,678834.99
3046,3,2,3,2,9,Rural,Furnished,Yes,Yes,No,Yes,No,No,433881.28
1062,6,4,1,1,47,Southend,Unfurnished,Yes,No,No,No,Yes,No,251381.0
4062,2,2,3,1,8,Rural,Furnished,Yes,Yes,No,No,Yes,No,519113.02
2989,3,1,2,1,19,Midtown,Semi-Furnished,Yes,No,No,Yes,Yes,No,737040.11
1272,5,1,1,3,47,Lakeview,Furnished,Yes,No,No,Yes,Yes,No,538034.16
2537,4,2,1,3,19,Westside,Unfurnished,No,No,Yes,Yes,Yes,No,594629.43
3923,6,4,2,3,39,Northend,Furnished,No,No,No,No,Yes,Yes,678299.68
3067,2,4,2,0,6,Rural,Furnished,Yes,No,No,No,No,No,432795.72
2073,1,2,2,0,10,Lakeview,Furnished,Yes,No,Yes,Yes,No,No,758224.81
4194,1,1,3,2,20,Westside,Semi-Furnished,Yes,Yes,No,No,Yes,No,770210.5
3791,3,3,1,1,37,Uptown,Semi-Furnished,No,No,No,Yes,Yes,No,832155.21
1746,4,2,2,1,46,Uptown,Semi-Furnished,No,Yes,Yes,No,No,Yes,569560.31
4219,1,2,1,3,18,Uptown,Semi-Furnished,Yes,No,No,No,Yes,No,941810.58
4339,3,2,1,0,45,Southend,Unfurnished,Yes,No,No,Yes,Yes,No,588737.34
859,5,1,3,1,14,Eastside,Unfurnished,Yes,No,No,No,Yes,No,325349.3
2876,3,4,1,2,5,Southend,Semi-Furnished,Yes,No,Yes,Yes,No,No,556341.85
3509,3,1,2,1,9,Southend,Semi-Furnished,No,No,No,Yes,Yes,No,558993.63
3493,3,2,2,3,45,Westside,Semi-Furnished,Yes,No,No,No,Yes,No,601452.56
1462,2,1,1,3,15,Westside,Furnished,Yes,No,Yes,Yes,No,No,448379.8
4132,3,1,1,0,44,Midtown,Unfurnished,Yes,No,No,Yes,No,No,731399.93
2327,6,2,3,2,10,Northend,Furnished,Yes,No,No,No,No,No,468492.61
2113,3,1,2,2,34,Suburban,Semi-Furnished,Yes,No,No,Yes,Yes,Yes,472272.06
2140,2,3,2,1,7,Uptown,Unfurnished,Yes,Yes,No,Yes,No,No,616974.13
2716,2,1,1,2,27,Downtown,Semi-Furnished,Yes,Yes,Yes,Yes,Yes,No,759669.44
4812,5,1,1,1,2,Lakeview,Furnished,Yes,No,No,No,No,No,1307301.34
877,4,4,1,1,1,Suburban,Unfurnished,No,No,No,No,Yes,No,315123.76
4714,1,4,2,0,13,Downtown,Furnished,No,No,No,Yes,No,No,1122294.57
4785,1,2,1,2,28,Westside,Unfurnished,Yes,No,No,No,Yes,No,750588.47
869,3,2,3,3,46,Suburban,Semi-Furnished,Yes,No,No,No,Yes,No,263646.44
2696,5,4,3,1,2,Midtown,Unfurnished,Yes,Yes,No,No,Yes,No,796632.19
4247,3,3,1,1,0,Uptown,Furnished,Yes,No,No,Yes,Yes,No,1037224.6
1151,1,1,3,1,14,Eastside,Furnished,No,No,No,No,No,No,290205.57
1269,2,3,3,2,19,Lakeview,Furnished,Yes,No,Yes,No,No,Yes,721981.3
2921,4,3,3,2,21,Downtown,Furnished,No,Yes,No,No,No,Yes,963574.72
1280,5,4,3,2,33,Uptown,Semi-Furnished,Yes,No,No,Yes,Yes,No,582604.21
2216,2,2,3,1,49,Midtown,Furnished,Yes,No,Yes,Yes,Yes,Yes,642757.11
4483,4,1,2,3,32,Eastside,Semi-Furnished,Yes,No,No,Yes,No,No,660303.12
1811,5,2,1,3,8,Lakeview,Unfurnished,No,No,No,No,No,No,623741.71
3859,5,3,3,2,2,Eastside,Furnished,Yes,Yes,No,No,No,Yes,750160.73
1022,1,3,1,3,1,Northend,Unfurnished,No,No,Yes,No,Yes,Yes,302327.95
1021,2,2,3,1,3,Midtown,Unfurnished,Yes,Yes,Yes,Yes,Yes,No,537233.97
2820,5,2,2,2,15,Midtown,Semi-Furnished,Yes,Yes,No,Yes,Yes,No,818537.37
1435,6,4,2,2,32,Lakeview,Furnished,Yes,No,No,Yes,Yes,No,720536.08
2730,5,2,3,1,8,Uptown,Semi-Furnished,Yes,No,No,Yes,No,Yes,874366.38
4540,4,2,3,2,39,Uptown,Furnished,Yes,No,Yes,Yes,No,No,1076609.58
4197,1,4,3,1,37,Rural,Unfurnished,Yes,No,No,No,Yes,No,457638.84
3337,3,2,2,2,17,Uptown,Semi-Furnished,Yes,No,No,Yes,No,No,812598.44
4583,1,3,2,3,15,Uptown,Furnished,Yes,No,No,Yes,No,Yes,1146138.98
2961,3,2,1,2,7,Northend,Unfurnished,Yes,No,No,Yes,No,Yes,485101.73
3743,2,1,2,2,22,Eastside,Semi-Furnished,Yes,No,Yes,Yes,Yes,No,588927.6
3859,2,3,3,2,35,Northend,Semi-Furnished,Yes,Yes,No,Yes,Yes,No,582188.1
1185,5,4,1,0,2,Uptown,Semi-Furnished,No,No,No,No,No,Yes,592673.67
2660,6,3,2,3,14,Suburban,Semi-Furnished,Yes,No,No,Yes,Yes,Yes,651259.15
4488,2,4,2,1,37,Northend,Unfurnished,Yes,No,No,Yes,No,No,603574.11
4566,5,1,3,0,32,Southend,Unfurnished,Yes,No,No,Yes,Yes,Yes,754472.31
2067,1,1,1,3,17,Suburban,Unfurnished,Yes,No,Yes,No,No,Yes,453268.88
538,2,3,2,2,22,Downtown,Unfurnished,Yes,No,No,No,Yes,Yes,410065.57
3044,1,2,2,2,42,Westside,Furnished,Yes,Yes,No,Yes,Yes,Yes,625413.79
1756,1,3,3,1,2,Rural,Unfurnished,Yes,No,No,No,No,Yes,311740.99
3490,6,3,1,1,29,Downtown,Semi-Furnished,Yes,Yes,No,Yes,No,No,933960.07
2696,2,1,1,3,44,Westside,Semi-Furnished,Yes,Yes,No,No,No,Yes,500429.08
3968,1,4,1,3,16,Northend,Semi-Furnished,Yes,No,Yes,Yes,Yes,Yes,630005.62
3208,6,3,1,1,49,Southend,Semi-Furnished,Yes,No,No,Yes,No,No,478646.03
801,6,2,3,3,31,Westside,Furnished,Yes,Yes,No,Yes,Yes,No,457457.3
1146,2,1,2,1,45,Westside,Semi-Furnished,Yes,No,No,Yes,No,No,235375.15
2259,6,3,2,2,6,Downtown,Semi-Furnished,No,No,No,Yes,No,No,754718.93
4851,2,3,1,1,38,Uptown,Semi-Furnished,Yes,Yes,No,Yes,Yes,Yes,1098022.85
1097,2,2,1,0,13,Rural,Unfurnished,Yes,No,No,Yes,Yes,No,204027.36
1161,3,3,1,1,14,Eastside,Unfurnished,No,No,No,Yes,Yes,No,263414.9
4830,1,3,2,1,43,Southend,Furnished,No,No,No,No,No,No,666761.82
1868,4,3,2,0,11,Westside,Furnished,Yes,No,No,No,No,Yes,555161.57
3081,2,3,1,0,7,Uptown,Furnished,No,No,No,Yes,No,Yes,834728.29
4368,1,2,3,0,15,Eastside,Semi-Furnished,Yes,No,No,Yes,Yes,Yes,669877.4
4037,6,3,2,0,40,Southend,Furnished,No,Yes,No,Yes,Yes,No,688334.33
4808,5,3,2,1,33,Uptown,Unfurnished,Yes,No,Yes,Yes,Yes,Yes,1137539.14
782,2,3,1,3,45,Uptown,Unfurnished,Yes,No,No,Yes,No,No,270554.03
4178,6,1,3,0,23,Lakeview,Unfurnished,Yes,No,No,Yes,No,No,1131192.43
1986,6,2,1,2,28,Midtown,Semi-Furnished,No,No,No,Yes,No,No,528678.42
4582,6,1,1,1,15,Uptown,Semi-Furnished,Yes,Yes,No,No,No,Yes,1143140.87
4683,6,1,3,3,4,Eastside,Furnished,Yes,Yes,No,No,Yes,Yes,814940.83
960,6,2,3,2,4,Rural,Furnished,Yes,No,Yes,No,No,No,320119.23
2825,2,1,3,1,29,Midtown,Furnished,Yes,No,No,No,Yes,Yes,732263.17
4254,4,1,2,1,49,Southend,Furnished,Yes,No,No,No,No,No,601115.52
2968,3,1,1,2,49,Suburban,Semi-Furnished,Yes,No,No,Yes,Yes,Yes,513368.3
2224,6,2,2,0,4,Northend,Unfurnished,Yes,No,No,Yes,No,No,420520.95
1876,6,3,3,0,42,Southend,Semi-Furnished,Yes,No,Yes,No,No,No,411232.66
3243,3,4,2,2,12,Uptown,Furnished,Yes,No,Yes,Yes,No,No,930840.67
1014,2,4,3,3,34,Eastside,Semi-Furnished,Yes,No,Yes,Yes,Yes,No,305300.79
1202,1,2,3,0,48,Westside,Unfurnished,No,Yes,No,Yes,Yes,No,269007.97
2153,5,4,1,1,24,Downtown,Semi-Furnished,Yes,No,No,Yes,No,No,693407.46
2566,5,2,1,1,49,Northend,Unfurnished,Yes,No,No,Yes,No,No,348359.77
522,1,2,1,3,13,Southend,Furnished,Yes,No,Yes,No,Yes,No,273528.95
2960,2,4,2,1,43,Lakeview,Semi-Furnished,Yes,Yes,No,Yes,Yes,Yes,951812.9
1804,5,1,1,0,45,Downtown,Furnished,Yes,No,No,Yes,Yes,Yes,639960.36
3800,3,3,3,3,25,Northend,Furnished,Yes,No,No,No,No,No,593213.9
861,1,4,1,0,17,Rural,Unfurnished,Yes,No,No,Yes,No,Yes,153605.06
4227,4,4,2,3,19,Westside,Unfurnished,Yes,No,No,No,No,No,760035.78
1784,2,4,1,2,33,Lakeview,Furnished,Yes,Yes,No,No,Yes,Yes,782026.26
1014,1,4,1,1,6,Northend,Unfurnished,Yes,Yes,No,Yes,No,Yes,319235.0
948,5,2,1,3,46,Uptown,Unfurnished,No,Yes,Yes,No,Yes,Yes,476211.29
2355,2,2,2,2,9,Northend,Furnished,Yes,No,No,Yes,Yes,Yes,490861.86
4062,3,3,3,0,14,Eastside,Furnished,Yes,Yes,No,No,Yes,Yes,708468.67
3020,2,3,3,2,16,Eastside,Unfurnished,No,Yes,No,No,No,No,509226.3
3581,2,4,3,0,10,Eastside,Furnished,Yes,No,No,No,No,No,568251.47
1928,3,4,1,3,33,Southend,Furnished,Yes,No,No,No,Yes,Yes,466924.92
4467,6,4,1,3,26,Westside,Unfurnished,Yes,No,No,Yes,Yes,No,839901.44
1422,3,3,2,1,20,Westside,Semi-Furnished,Yes,No,No,No,No,No,396196.56
3637,2,4,3,1,30,Southend,Semi-Furnished,Yes,Yes,No,Yes,Yes,Yes,725540.86
2659,3,1,1,3,49,Westside,Furnished,Yes,No,Yes,Yes,Yes,Yes,598984.54
3047,6,3,1,0,3,Eastside,Unfurnished,Yes,No,No,No,Yes,Yes,538838.74
3479,1,1,1,0,40,Eastside,Furnished,Yes,Yes,No,No,Yes,No,485094.89
2781,3,4,2,3,48,Suburban,Unfurnished,Yes,No,Yes,Yes,No,No,503866.39
3149,3,2,3,0,16,Northend,Furnished,Yes,No,No,No,Yes,No,462287.78
813,2,1,2,3,48,Westside,Furnished,Yes,No,Yes,No,Yes,No,280056.91
3113,1,3,3,1,47,Midtown,Unfurnished,Yes,Yes,No,Yes,Yes,No,691425.64
3583,4,1,3,0,19,Eastside,Furnished,No,No,Yes,Yes,No,Yes,654246.27
2756,4,3,1,1,24,Northend,Semi-Furnished,Yes,No,No,No,Yes,No,457689.09
1537,5,4,1,2,39,Downtown,Semi-Furnished,Yes,Yes,No,Yes,No,No,616776.9
3989,3,1,1,1,22,Lakeview,Unfurnished,Yes,No,No,No,Yes,No,964914.27
3134,3,2,1,2,14,Midtown,Furnished,No,No,No,No,Yes,Yes,782679.21
4483,1,1,1,1,32,Midtown,Semi-Furnished,No,Yes,No,No,Yes,No,808615.33
2278,6,2,3,1,18,Lakeview,Unfurnished,No,No,No,Yes,Yes,No,802098.92
4395,4,3,1,0,14,Southend,Unfurnished,Yes,Yes,No,Yes,Yes,No,686666.21
1624,5,4,1,1,40,Westside,Unfurnished,Yes,No,No,Yes,No,No,359907.41
1197,1,4,2,3,4,Midtown,Semi-Furnished,Yes,No,No,Yes,Yes,No,465715.75
2679,3,2,2,0,15,Downtown,Semi-Furnished,Yes,No,Yes,No,Yes,Yes,870530.88
1904,4,3,3,0,44,Northend,Semi-Furnished,Yes,Yes,Yes,Yes,Yes,No,380001.71
1543,5,4,3,0,47,Southend,Semi-Furnished,Yes,Yes,No,Yes,No,No,359999.09
2429,2,3,2,1,31,Uptown,Furnished,Yes,No,No,No,Yes,No,693596.77
1513,4,2,2,0,21,Uptown,Semi-Furnished,No,No,Yes,No,Yes,Yes,606481.04
726,5,2,1,2,42,Lakeview,Unfurnished,Yes,No,Yes,Yes,Yes,No,424170.5
2328,1,1,1,2,31,Northend,Furnished,Yes,No,Yes,Yes,No,Yes,423590.67
2523,2,4,3,1,12,Northend,Semi-Furnished,Yes,No,Yes,No,Yes,No,467748.01
2952,5,4,2,0,37,Uptown,Furnished,Yes,Yes,Yes,Yes,Yes,Yes,966205.25
2585,5,1,3,3,25,Midtown,Unfurnished,Yes,No,No,No,Yes,No,692488.53
4783,3,2,1,3,16,Westside,Semi-Furnished,Yes,No,No,No,Yes,Yes,878042.02
1580,6,2,3,2,4,Lakeview,Furnished,Yes,Yes,No,No,No,No,803907.19
2820,4,2,3,1,48,Uptown,Semi-Furnished,Yes,Yes,No,Yes,No,No,693632.91
3690,3,2,3,1,32,Northend,Furnished,Yes,No,No,Yes,No,No,515726.17
3130,2,3,1,1,26,Southend,Furnished,Yes,No,Yes,No,No,No,512124.55
3063,6,4,3,1,4,Downtown,Unfurnished,No,No,No,No,Yes,No,963304.37
3792,5,4,1,1,36,Southend,Unfurnished,No,No,No,No,No,No,535222.02
4086,3,2,2,0,6,Southend,Semi-Furnished,Yes,No,No,Yes,No,No,650809.06
4931,6,2,3,0,47,Westside,Semi-Furnished,Yes,No,Yes,Yes,Yes,No,892684.08
3447,4,2,3,0,17,Lakeview,Furnished,Yes,No,No,Yes,Yes,Yes,1127863.91
4459,2,4,1,3,30,Uptown,Unfurnished,Yes,No,No,Yes,Yes,No,992341.95
3313,1,4,3,0,5,Eastside,Unfurnished,No,No,No,No,No,No,538468.52
3083,3,2,1,1,1,Northend,Furnished,Yes,No,No,Yes,No,No,462126.71
661,2,3,3,1,12,Southend,Unfurnished,Yes,No,No,Yes,Yes,No,282753.21
1093,1,1,2,3,41,Southend,Unfurnished,Yes,No,No,No,No,Yes,287979.71
3759,3,1,2,3,10,Lakeview,Furnished,Yes,Yes,No,No,No,No,1120229.37
4655,2,1,2,2,25,Rural,Semi-Furnished,Yes,No,No,No,No,No,498826.97
3462,2,4,3,3,20,Northend,Semi-Furnished,Yes,No,No,No,No,Yes,540446.71
4388,6,4,3,2,1,Downtown,Semi-Furnished,Yes,Yes,No,Yes,No,Yes,1393617.33
3890,3,1,2,0,39,Eastside,Furnished,Yes,No,Yes,Yes,No,No,600892.94
1163,2,1,2,1,19,Uptown,Semi-Furnished,Yes,No,Yes,No,No,No,445111.79
1632,5,3,1,2,16,Suburban,Furnished,No,No,No,No,No,No,423449.9
1041,3,4,1,2,15,Suburban,Furnished,Yes,No,No,Yes,Yes,No,383866.14
3474,2,4,2,2,41,Northend,Unfurnished,Yes,No,No,Yes,No,No,479355.39
1367,6,1,2,3,4,Uptown,Unfurnished,Yes,Yes,Yes,Yes,No,No,657366.52
2566,1,3,3,3,13,Rural,Semi-Furnished,No,Yes,No,No,Yes,No,344134.03
931,1,3,2,3,23,Downtown,Furnished,Yes,No,Yes,No,Yes,Yes,637439.67
4778,5,1,1,2,3,Eastside,Semi-Furnished,No,Yes,No,Yes,Yes,No,756805.52
1706,3,1,1,0,47,Rural,Semi-Furnished,Yes,Yes,No,Yes,Yes,No,247779.66
3028,6,4,1,1,23,Eastside,Unfurnished,Yes,No,No,No,No,Yes,547580.57
1669,2,1,1,3,46,Suburban,Semi-Furnished,Yes,Yes,No,No,Yes,No,291490.16
1330,2,2,1,0,8,Midtown,Semi-Furnished,No,Yes,No,Yes,Yes,No,399082.79
2151,1,3,1,3,2,Suburban,Unfurnished,Yes,No,No,No,No,Yes,480182.4
1636,6,1,2,3,8,Midtown,Semi-Furnished,Yes,Yes,No,Yes,Yes,No,639187.3
3310,5,2,1,2,17,Uptown,Semi-Furnished,Yes,Yes,No,Yes,Yes,Yes,984232.07
975,1,3,1,2,35,Northend,Furnished,Yes,No,No,No,Yes,Yes,260007.69
3310,1,2,1,3,18,Suburban,Semi-Furnished,No,No,No,No,No,No,513082.98
1826,5,2,1,1,23,Lakeview,Unfurnished,Yes,No,Yes,Yes,Yes,Yes,758202.48
1519,3,1,2,3,3,Rural,Unfurnished,No,Yes,No,No,Yes,No,269716.51
2336,2,3,3,1,8,Lakeview,Furnished,Yes,No,No,No,Yes,No,819338.67
4756,3,2,3,0,32,Uptown,Unfurnished,Yes,No,Yes,No,No,No,998076.29
2948,6,4,3,3,0,Southend,Unfurnished,Yes,No,No,No,No,No,624170.76
4793,4,3,3,1,34,Lakeview,Unfurnished,Yes,Yes,No,Yes,Yes,No,1281400.79
1783,4,4,1,0,9,Uptown,Semi-Furnished,Yes,Yes,No,No,No,Yes,618452.23
1159,4,1,3,0,11,Southend,Furnished,Yes,No,No,Yes,Yes,No,360746.12
2510,5,4,3,2,17,Midtown,Furnished,Yes,No,No,Yes,Yes,No,782232.61
898,1,3,2,0,13,Lakeview,Furnished,No,Yes,No,Yes,Yes,Yes,597529.74
2233,3,2,2,2,9,Uptown,Furnished,Yes,No,Yes,No,No,No,729279.92
2625,2,2,2,0,9,Southend,Unfurnished,Yes,No,No,Yes,No,No,456521.47
2671,4,3,1,0,17,Midtown,Semi-Furnished,No,No,Yes,Yes,No,No,659423.11
574,3,2,1,1,23,Uptown,Unfurnished,Yes,No,No,No,No,Yes,317484.01
3971,4,4,1,1,0,Uptown,Unfurnished,Yes,No,No,No,No,Yes,986968.46
1336,4,2,2,2,29,Midtown,Unfurnished,Yes,No,No,Yes,Yes,Yes,506499.01
999,2,2,3,3,14,Midtown,Unfurnished,Yes,No,No,No,No,Yes,424766.36
637,6,4,2,1,7,Uptown,Furnished,No,No,No,No,Yes,Yes,560498.43
2597,6,4,1,0,34,Westside,Furnished,Yes,No,No,No,Yes,No,551462.18
4196,6,4,2,2,17,Eastside,Semi-Furnished,Yes,No,No,Yes,Yes,No,731386.49
2385,5,1,3,2,40,Westside,Unfurnished,Yes,No,No,No,Yes,No,478385.51
3257,1,4,1,2,15,Downtown,Furnished,Yes,Yes,Yes,Yes,No,No,933511.22
4420,5,4,3,0,20,Suburban,Semi-Furnished,Yes,No,No,No,Yes,No,789428.27
2400,3,1,3,1,14,Eastside,Unfurnished,Yes,Yes,No,No,Yes,No,470086.3
3110,5,2,1,3,4,Rural,Unfurnished,Yes,No,No,No,Yes,No,404818.21
4486,3,4,3,2,44,Lakeview,Furnished,No,Yes,No,No,No,No,1211753.73
1949,3,3,2,0,6,Suburban,Unfurnished,Yes,No,No,No,No,No,402157.38
1046,1,4,3,1,47,Westside,Unfurnished,Yes,No,Yes,No,Yes,Yes,385702.65
2503,2,4,3,1,6,Midtown,Furnished,Yes,Yes,No,Yes,No,No,750136.94
2596,1,1,3,3,26,Uptown,Semi-Furnished,Yes,No,No,No,No,No,619764.83
1203,6,3,2,2,24,Westside,Semi-Furnished,Yes,No,No,Yes,No,No,397650.45
2903,6,2,3,0,21,Rural,Furnished,Yes,No,No,Yes,No,No,414397.9
2125,5,2,3,1,47,Downtown,Furnished,Yes,No,No,No,Yes,No,703524.73
3831,3,3,2,0,12,Rural,Semi-Furnished,No,No,Yes,No,No,No,470666.21
3478,4,4,1,1,16,Rural,Semi-Furnished,Yes,Yes,No,Yes,No,No,475639.59
3339,4,1,1,2,40,Westside,Furnished,No,No,Yes,No,No,No,593915.51
3884,3,3,1,2,43,Midtown,Furnished,No,No,Yes,No,No,No,775595.65
3159,1,3,3,3,12,Eastside,Furnished,Yes,No,Yes,No,No,No,580002.0
2361,2,2,1,1,25,Suburban,Unfurnished,No,No,No,Yes,No,Yes,436280.01
3356,1,1,2,0,8,Midtown,Furnished,Yes,No,No,No,No,Yes,788202.42
1185,3,3,3,1,4,Northend,Unfurnished,Yes,No,Yes,No,Yes,No,330046.56
4783,3,1,3,0,38,Westside,Semi-Furnished,Yes,Yes,No,Yes,No,Yes,855190.15
2119,2,4,3,3,32,Lakeview,Semi-Furnished,Yes,No,No,No,Yes,Yes,806032.41
1931,5,2,1,1,3,Rural,Furnished,No,No,No,Yes,No,No,325135.93
1375,5,4,1,2,27,Lakeview,Furnished,Yes,No,No,Yes,Yes,Yes,747104.09
2961,2,1,1,0,25,Suburban,Semi-Furnished,Yes,No,No,Yes,No,Yes,538398.72
1865,5,4,3,2,3,Rural,Semi-Furnished,Yes,No,No,Yes,Yes,Yes,410216.23
1743,4,2,2,3,15,Downtown,Semi-Furnished,Yes,No,No,Yes,Yes,No,678893.43
662,5,1,3,3,36,Downtown,Semi-Furnished,Yes,Yes,No,No,Yes,Yes,513550.63
2474,5,3,2,0,21,Suburban,Furnished,No,Yes,No,No,No,No,523048.2
3791,5,4,3,1,35,Rural,Unfurnished,No,Yes,No,Yes,No,No,476225.55
769,4,2,2,2,37,Southend,Semi-Furnished,Yes,No,No,Yes,Yes,Yes,294793.98
1131,5,3,3,2,34,Northend,Semi-Furnished,Yes,No,No,Yes,Yes,Yes,388459.92
1405,6,2,3,0,24,Southend,Unfurnished,Yes,No,No,Yes,Yes,No,354060.35
3971,4,1,2,0,7,Eastside,Furnished,Yes,Yes,Yes,No,Yes,Yes,729262.74
3753,2,1,2,0,16,Eastside,Unfurnished,Yes,No,Yes,Yes,No,No,548359.05
2514,1,4,2,3,17,Uptown,Furnished,No,No,Yes,Yes,Yes,Yes,823480.29
2141,2,2,2,3,49,Eastside,Furnished,Yes,No,Yes,No,No,Yes,417991.17
704,1,2,2,2,11,Midtown,Furnished,Yes,No,No,No,Yes,Yes,438536.16
1081,2,2,2,1,32,Uptown,Furnished,Yes,No,No,Yes,No,No,400549.02
1340,6,1,2,0,22,Downtown,Furnished,Yes,No,Yes,No,Yes,No,589806.31
2219,1,4,2,3,11,Midtown,Semi-Furnished,Yes,No,No,Yes,Yes,No,646981.82
3143,1,2,3,1,10,Rural,Furnished,No,Yes,Yes,No,No,No,447736.79
2797,3,2,2,0,12,Suburban,Semi-Furnished,Yes,No,No,Yes,Yes,No,553247.29
1374,1,3,2,1,34,Suburban,Furnished,Yes,No,No,No,Yes,No,338029.23
1189,1,2,3,0,26,Northend,Semi-Furnished,Yes,No,No,Yes,Yes,Yes,281857.43
4500,3,4,3,1,24,Downtown,Unfurnished,No,No,No,Yes,No,Yes,1161193.67
3641,5,3,1,2,39,Northend,Unfurnished,Yes,No,No,No,Yes,No,475529.47
1922,5,3,1,0,2,Southend,Semi-Furnished,Yes,No,No,Yes,Yes,No,445345.28
1171,3,3,2,0,48,Westside,Furnished,Yes,No,Yes,Yes,No,No,318954.97
1671,4,1,2,2,24,Downtown,Semi-Furnished,Yes,Yes,No,Yes,No,No,626356.26
4226,1,3,1,0,44,Lakeview,Semi-Furnished,Yes,No,No,Yes,No,Yes,1018184.59
1443,1,2,1,0,9,Eastside,Furnished,No,Yes,No,No,Yes,Yes,320116.24
1949,3,1,2,3,16,Uptown,Unfurnished,Yes,Yes,Yes,Yes,No,Yes,705568.91
4237,3,1,1,2,2,Southend,Semi-Furnished,Yes,No,No,Yes,No,Yes,680249.74
3039,4,1,2,3,44,Eastside,Unfurnished,Yes,Yes,No,Yes,No,Yes,500632.39
4459,6,1,3,2,21,Uptown,Unfurnished,Yes,Yes,No,No,No,Yes,1134200.95
4760,5,1,3,1,37,Suburban,Unfurnished,Yes,No,No,Yes,No,No,742237.44
2861,2,1,1,2,13,Midtown,Semi-Furnished,Yes,Yes,No,No,No,Yes,745143.71
4152,6,1,3,2,26,Suburban,Semi-Furnished,Yes,Yes,No,Yes,No,No,719778.81
4170,5,3,3,3,41,Southend,Furnished,Yes,Yes,No,Yes,No,Yes,763020.94
2253,1,4,3,0,19,Suburban,Furnished,No,No,No,No,No,Yes,487421.41
2852,6,2,3,2,47,Suburban,Semi-Furnished,Yes,Yes,No,No,No,No,526607.77
2438,3,2,2,0,17,Suburban,Furnished,No,No,No,No,Yes,Yes,521898.91
870,4,3,2,2,12,Downtown,Unfurnished,Yes,No,No,No,No,No,469422.65
4979,5,3,1,3,41,Southend,Unfurnished,Yes,Yes,Yes,Yes,Yes,No,764129.55
2431,4,1,3,2,5,Northend,Semi-Furnished,Yes,Yes,No,Yes,Yes,No,504799.1
924,5,4,3,1,9,Suburban,Unfurnished,Yes,No,Yes,Yes,Yes,No,383380.06
1394,6,1,3,2,36,Suburban,Semi-Furnished,Yes,No,No,Yes,Yes,No,423890.94
1097,1,3,1,2,28,Uptown,Semi-Furnished,Yes,Yes,No,Yes,Yes,Yes,498635.39
3562,2,1,2,0,5,Midtown,Semi-Furnished,Yes,Yes,Yes,Yes,No,No,829149.43
2836,4,2,3,0,38,Suburban,Unfurnished,Yes,No,No,No,Yes,No,505856.08
2187,4,2,2,1,10,Northend,Semi-Furnished,Yes,No,No,Yes,No,No,450302.82
1072,2,1,1,2,47,Northend,Semi-Furnished,No,Yes,No,No,Yes,Yes,266453.85
2590,4,4,2,0,24,Midtown,Furnished,Yes,Yes,No,Yes,No,Yes,779795.29
4169,4,1,3,2,43,Midtown,Unfurnished,Yes,No,No,No,Yes,No,872491.7
4772,5,1,2,3,43,Southend,Semi-Furnished,Yes,No,Yes,Yes,No,No,775758.37
2133,5,4,2,3,29,Midtown,Furnished,Yes,Yes,No,No,Yes,No,695720.85
2017,2,4,1,1,19,Lakeview,Semi-Furnished,Yes,Yes,No,Yes,Yes,Yes,806536.32
4793,1,4,1,3,36,Southend,Unfurnished,Yes,No,No,Yes,No,Yes,687700.91
3157,6,2,1,0,15,Rural,Furnished,No,Yes,No,Yes,Yes,Yes,466750.97
4148,6,1,1,0,30,Suburban,Furnished,Yes,Yes,No,No,No,Yes,734186.94
4088,4,3,2,1,28,Northend,Semi-Furnished,Yes,No,Yes,No,Yes,No,599404.87
2037,1,4,2,2,5,Rural,Semi-Furnished,Yes,No,Yes,Yes,Yes,No,375250.35
3637,2,4,1,0,28,Suburban,Unfurnished,No,No,No,Yes,Yes,No,520834.84
597,2,1,1,3,31,Northend,Unfurnished,Yes,No,No,No,Yes,Yes,201656.4
3715,5,3,3,0,8,Northend,Semi-Furnished,Yes,No,No,No,Yes,No,598772.91
4250,4,1,3,1,36,Uptown,Furnished,Yes,Yes,Yes,Yes,No,Yes,1110578.01
3657,3,1,1,3,22,Southend,Unfurnished,Yes,Yes,No,No,No,No,578737.06
843,2,4,2,3,15,Westside,Unfurnished,Yes,Yes,Yes,Yes,No,Yes,455049.95
1110,4,4,1,3,17,Uptown,Furnished,Yes,No,No,No,No,No,508010.25
2227,1,2,2,1,18,Rural,Semi-Furnished,Yes,No,No,No,Yes,Yes,338932.16
2790,5,3,2,1,43,Eastside,Unfurnished,No,Yes,No,Yes,Yes,No,462332.07
2354,6,3,3,2,1,Southend,Furnished,Yes,Yes,No,Yes,No,No,607620.86
3108,1,4,1,2,9,Midtown,Unfurnished,Yes,No,No,No,Yes,No,737341.45
2579,2,4,1,2,11,Eastside,Furnished,Yes,Yes,No,No,No,Yes,548258.51
2824,2,4,2,1,45,Rural,Unfurnished,Yes,No,No,No,No,No,354046.46
1677,1,3,1,3,17,Suburban,Semi-Furnished,Yes,No,Yes,Yes,Yes,No,430067.42
1591,2,2,3,3,18,Downtown,Furnished,Yes,Yes,No,No,Yes,Yes,711647.42
3291,4,3,3,0,37,Westside,Unfurnished,No,Yes,No,No,Yes,No,641984.07
2249,2,4,1,2,36,Uptown,Unfurnished,Yes,Yes,Yes,No,No,Yes,665458.52
3175,5,4,1,3,26,Suburban,Furnished,Yes,Yes,No,Yes,Yes,Yes,738240.8
1281,4,2,3,3,47,Rural,Furnished,Yes,No,No,Yes,Yes,No,252636.08
3548,3,1,1,3,13,Southend,Semi-Furnished,Yes,Yes,No,Yes,Yes,No,587911.91
2605,2,1,2,3,44,Rural,Furnished,Yes,No,No,Yes,Yes,No,336884.83
4367,2,3,1,1,33,Eastside,Unfurnished,Yes,No,No,No,No,No,551597.57
2613,5,1,2,2,1,Downtown,Semi-Furnished,Yes,No,Yes,Yes,No,No,883822.7
4470,5,1,1,3,43,Eastside,Furnished,No,No,No,Yes,No,No,625683.97
2491,6,3,1,3,32,Southend,Unfurnished,Yes,Yes,No,No,No,No,483112.64
1567,1,4,3,3,18,Northend,Furnished,Yes,Yes,No,Yes,No,Yes,428269.06
2077,1,1,2,3,26,Eastside,Unfurnished,Yes,No,No,No,No,Yes,385766.45
1511,1,4,3,0,47,Lakeview,Unfurnished,No,Yes,No,Yes,No,No,476046.82
2774,5,3,1,3,29,Northend,Semi-Furnished,Yes,Yes,No,Yes,Yes,No,487026.68
2314,1,4,3,3,6,Midtown,Semi-Furnished,No,No,No,Yes,Yes,No,669195.95
2926,1,4,1,3,26,Suburban,Furnished,Yes,Yes,No,No,Yes,No,554992.41
4902,3,3,1,0,20,Southend,Semi-Furnished,No,Yes,No,No,No,Yes,749121.25
3051,1,4,1,1,6,Rural,Furnished,Yes,No,No,No,Yes,No,417702.46
4157,2,1,2,0,47,Midtown,Semi-Furnished,Yes,Yes,No,Yes,Yes,Yes,906512.56
507,6,1,2,3,24,Eastside,Semi-Furnished,No,Yes,No,Yes,No,Yes,321792.65
3055,5,1,2,1,37,Suburban,Furnished,Yes,Yes,No,Yes,Yes,No,595802.12
975,4,1,3,3,17,Northend,Semi-Furnished,Yes,No,No,No,No,Yes,324898.8
2711,6,4,1,1,32,Lakeview,Semi-Furnished,No,No,No,No,Yes,No,835720.76
984,3,1,3,3,32,Northend,Semi-Furnished,Yes,No,No,No,No,Yes,290693.15
2785,5,4,3,3,31,Uptown,Semi-Furnished,Yes,Yes,Yes,Yes,No,No,877475.93
4025,5,2,1,1,24,Southend,Furnished,Yes,Yes,No,Yes,Yes,No,673488.34
3839,2,4,3,1,13,Northend,Unfurnished,Yes,No,No,Yes,Yes,No,577827.63
3322,6,1,1,3,37,Downtown,Furnished,No,No,Yes,Yes,Yes,No,922959.4
3424,6,2,1,0,37,Southend,Furnished,Yes,No,No,Yes,No,Yes,588343.85
758,1,3,1,0,3,Uptown,Furnished,Yes,No,No,Yes,Yes,No,393864.37
782,2,4,1,0,43,Southend,Semi-Furnished,No,No,No,Yes,No,Yes,247804.39
2398,1,1,3,0,17,Southend,Semi-Furnished,No,Yes,No,Yes,No,No,453393.79
4635,1,1,3,1,9,Lakeview,Unfurnished,Yes,Yes,No,No,Yes,No,1192389.58
3476,5,1,3,1,34,Lakeview,Semi-Furnished,Yes,No,Yes,Yes,No,No,1011059.26
2767,6,3,2,0,34,Rural,Unfurnished,Yes,Yes,No,Yes,Yes,Yes,434503.7
3700,1,2,3,2,39,Northend,Unfurnished,No,No,No,No,No,Yes,479368.33
1112,3,2,3,2,22,Eastside,Semi-Furnished,Yes,No,No,No,Yes,No,311542.72
1187,3,1,2,2,24,Eastside,Unfurnished,No,No,Yes,Yes,Yes,Yes,373994.4
4190,6,4,1,3,0,Lakeview,Furnished,No,Yes,Yes,No,No,No,1336070.3
1112,3,1,1,0,17,Suburban,Furnished,Yes,No,Yes,Yes,No,No,319366.4
2807,5,1,1,3,14,Suburban,Furnished,Yes,Yes,Yes,Yes,No,Yes,664181.35
3513,2,4,2,1,24,Suburban,Unfurnished,Yes,No,No,Yes,Yes,No,591863.54
2281,4,1,3,1,31,Suburban,Unfurnished,Yes,Yes,No,Yes,No,No,462291.01
3091,1,3,3,2,19,Midtown,Furnished,Yes,No,No,No,Yes,No,771743.77
3196,4,1,3,2,16,Eastside,Semi-Furnished,Yes,Yes,No,No,Yes,Yes,574301.69
4458,2,3,3,1,10,Suburban,Furnished,Yes,No,Yes,Yes,No,No,807596.36
1074,2,1,2,2,12,Uptown,Semi-Furnished,No,Yes,No,Yes,No,Yes,487383.68
2410,5,2,3,2,24,Eastside,Semi-Furnished,Yes,No,Yes,Yes,Yes,No,522083.39
4104,3,4,1,1,19,Southend,Unfurnished,Yes,No,Yes,Yes,No,No,649073.84
1169,3,2,2,3,24,Northend,Unfurnished,No,Yes,No,Yes,Yes,No,288663.01
4864,2,1,2,2,41,Southend,Semi-Furnished,Yes,No,Yes,Yes,Yes,No,715553.14
1783,5,1,1,3,44,Eastside,Semi-Furnished,Yes,No,No,Yes,No,No,311382.11
1423,5,3,1,2,48,Rural,Semi-Furnished,Yes,Yes,Yes,No,Yes,Yes,293158.43
1625,6,1,3,0,30,Downtown,Unfurnished,No,No,No,Yes,No,Yes,625458.17
2029,1,1,1,3,0,Lakeview,Furnished,Yes,Yes,No,No,No,Yes,790403.59
2094,3,1,2,3,15,Eastside,Semi-Furnished,Yes,No,Yes,Yes,No,No,404790.01
746,2,2,2,2,47,Westside,Unfurnished,No,No,No,No,No,No,185122.53
4211,6,3,2,3,27,Suburban,Furnished,Yes,No,No,Yes,Yes,No,791018.49
2060,4,2,3,0,20,Downtown,Unfurnished,Yes,Yes,Yes,Yes,No,Yes,796035.44
2900,3,3,3,1,29,Lakeview,Furnished,Yes,Yes,No,Yes,Yes,Yes,1045939.81
2743,1,2,1,0,2,Midtown,Unfurnished,Yes,No,No,No,No,No,586228.88
4364,5,1,3,1,33,Midtown,Furnished,Yes,No,Yes,No,Yes,No,1012798.06
2439,2,2,3,0,5,Westside,Semi-Furnished,Yes,No,No,Yes,Yes,Yes,634608.73
3569,3,2,2,0,42,Uptown,Unfurnished,No,Yes,No,Yes,No,No,764053.31
726,4,3,2,3,28,Southend,Furnished,No,Yes,No,Yes,Yes,Yes,390436.8
4047,1,3,1,0,2,Northend,Furnished,Yes,No,No,No,No,No,591449.73
764,1,2,2,2,32,Southend,Furnished,Yes,No,No,No,Yes,No,248365.03
1895,6,3,3,2,10,Lakeview,Semi-Furnished,Yes,Yes,No,Yes,No,No,852322.98
4057,3,3,1,2,44,Eastside,Unfurnished,Yes,No,No,Yes,No,No,504043.65
1145,4,3,1,2,4,Southend,Furnished,Yes,Yes,No,No,Yes,Yes,416092.06
3490,1,4,2,3,49,Rural,Semi-Furnished,Yes,No,No,Yes,Yes,No,405630.14
2399,2,3,2,2,31,Southend,Semi-Furnished,Yes,No,No,Yes,Yes,No,438428.85
3004,1,4,2,0,46,Suburban,Semi-Furnished,Yes,No,Yes,Yes,No,No,486669.55
3272,4,4,1,2,17,Southend,Semi-Furnished,Yes,No,No,Yes,No,No,582992.52
1654,5,3,2,3,46,Westside,Semi-Furnished,Yes,No,No,Yes,No,No,434992.93
1087,5,2,3,1,19,Midtown,Semi-Furnished,Yes,No,No,No,No,No,457087.52
2321,6,3,1,0,38,Suburban,Semi-Furnished,Yes,Yes,No,No,Yes,Yes,520663.95
1485,3,1,2,0,48,Lakeview,Unfurnished,Yes,No,No,No,No,No,430218.57
4579,4,2,3,3,39,Rural,Unfurnished,Yes,No,Yes,No,No,Yes,551737.59
3848,6,4,3,1,27,Uptown,Semi-Furnished,Yes,Yes,No,Yes,Yes,Yes,1146408.32
4331,1,4,2,2,12,Southend,Furnished,Yes,No,Yes,Yes,No,No,721136.5
1741,1,2,3,1,25,Eastside,Furnished,Yes,No,No,Yes,No,No,323635.52
689,5,2,1,0,15,Rural,Furnished,Yes,Yes,No,No,Yes,No,226794.91
1480,6,3,1,0,24,Midtown,Semi-Furnished,Yes,No,Yes,Yes,Yes,No,596633.77
2198,5,4,3,0,9,Suburban,Furnished,Yes,No,Yes,No,Yes,Yes,653352.86
2215,2,1,1,1,28,Northend,Unfurnished,Yes,Yes,No,Yes,No,Yes,365079.78
3093,5,3,2,2,45,Westside,Unfurnished,Yes,No,No,Yes,Yes,No,613216.3
4636,2,2,3,0,37,Rural,Unfurnished,No,No,Yes,Yes,Yes,Yes,523070.36
4933,1,4,1,3,19,Uptown,Unfurnished,No,Yes,Yes,No,Yes,Yes,1192614.96
1598,6,2,2,2,25,Uptown,Semi-Furnished,Yes,No,No,Yes,Yes,Yes,711901.96
2826,2,2,2,0,31,Downtown,Unfurnished,Yes,No,No,No,No,No,643611.05
3747,6,2,1,2,38,Uptown,Furnished,Yes,No,No,Yes,No,No,905154.6
1395,6,3,3,3,37,Westside,Furnished,Yes,No,No,Yes,No,No,474516.73
2174,2,1,2,1,48,Lakeview,Unfurnished,No,No,No,Yes,No,No,499435.13
3409,3,1,2,0,23,Lakeview,Unfurnished,Yes,No,Yes,No,No,Yes,959609.79
1430,5,4,2,3,30,Suburban,Unfurnished,Yes,No,No,Yes,Yes,Yes,453169.94
4884,2,2,2,0,39,Rural,Furnished,Yes,No,No,Yes,No,Yes,524267.05
1223,1,1,3,0,11,Lakeview,Furnished,Yes,No,No,Yes,Yes,No,575457.56
3440,6,2,1,1,35,Uptown,Unfurnished,Yes,No,No,Yes,No,No,783242.94
1589,4,4,1,1,9,Rural,Furnished,Yes,No,No,Yes,No,Yes,330492.28
1435,2,2,1,2,5,Uptown,Furnished,Yes,No,Yes,No,No,No,529002.8
2795,5,1,2,3,6,Uptown,Semi-Furnished,No,No,No,No,Yes,No,782183.6
655,6,2,3,3,30,Northend,Unfurnished,Yes,Yes,No,Yes,No,Yes,307049.24
1570,3,1,1,1,26,Lakeview,Unfurnished,No,No,No,No,No,No,427834.81
2458,1,4,3,0,7,Southend,Semi-Furnished,No,No,No,Yes,Yes,Yes,505778.71
3001,3,2,1,2,2,Northend,Semi-Furnished,No,Yes,Yes,Yes,No,No,527068.91
4719,4,1,2,1,39,Rural,Furnished,Yes,No,No,No,No,Yes,564497.32
4330,2,4,1,2,46,Downtown,Semi-Furnished,Yes,Yes,No,Yes,No,Yes,1070366.18
1354,6,2,2,2,20,Rural,Unfurnished,Yes,No,No,No,Yes,No,249070.34
1139,2,4,2,3,0,Downtown,Unfurnished,No,Yes,No,No,Yes,No,553005.77
2738,5,1,1,2,44,Southend,Unfurnished,No,Yes,No,Yes,No,Yes,481852.8
2102,2,2,3,3,49,Rural,Furnished,Yes,Yes,No,Yes,No,No,308912.21
941,1,2,2,0,14,Northend,Furnished,Yes,No,No,Yes,No,Yes,248577.98
1836,4,2,3,0,6,Westside,Unfurnished,Yes,Yes,No,Yes,Yes,No,477590.99
4200,3,4,1,1,14,Rural,Unfurnished,Yes,No,No,Yes,Yes,Yes,522744.89
1448,4,4,2,0,24,Southend,Furnished,No,Yes,No,Yes,No,Yes,441005.46
3873,6,1,3,3,2,Northend,Furnished,No,No,No,Yes,No,Yes,706431.23
959,2,3,2,2,29,Rural,Semi-Furnished,Yes,No,No,No,No,Yes,210365.02
892,6,2,1,2,13,Eastside,Furnished,Yes,No,No,No,Yes,No,346868.19
4438,3,2,2,0,3,Uptown,Furnished,Yes,Yes,Yes,Yes,Yes,Yes,1220932.27
2287,6,1,1,3,35,Suburban,Unfurnished,Yes,Yes,Yes,Yes,Yes,No,483175.95
2757,5,2,3,2,2,Northend,Unfurnished,No,No,No,No,Yes,No,525824.33
1638,4,4,2,0,4,Downtown,Unfurnished,No,No,No,Yes,Yes,Yes,667548.77
4308,3,4,3,3,24,Midtown,Semi-Furnished,Yes,No,No,No,No,Yes,1019725.05
2954,3,2,1,3,30,Midtown,Furnished,Yes,Yes,No,Yes,No,No,706741.79
1966,3,2,1,2,10,Lakeview,Semi-Furnished,Yes,No,Yes,No,No,Yes,791630.35
4174,1,4,3,1,7,Uptown,Furnished,No,Yes,Yes,No,Yes,No,1117997.65
1877,4,2,3,1,25,Midtown,Furnished,Yes,No,No,Yes,No,No,541373.26
3097,6,4,1,3,1,Downtown,Unfurnished,Yes,No,No,No,Yes,No,951522.81
641,3,3,3,3,27,Eastside,Furnished,Yes,No,No,No,No,No,288183.18
3159,4,3,1,0,47,Lakeview,Semi-Furnished,No,No,No,No,Yes,No,768747.2
1339,3,2,3,3,9,Suburban,Unfurnished,Yes,Yes,Yes,No,No,No,390869.77
4118,5,2,1,0,49,Lakeview,Semi-Furnished,Yes,No,No,Yes,No,No,967597.04
4417,5,2,1,0,38,Rural,Semi-Furnished,Yes,Yes,No,No,Yes,Yes,515220.04
1095,5,4,2,0,36,Uptown,Unfurnished,Yes,Yes,No,No,No,No,453247.35
2404,2,3,1,3,38,Northend,Furnished,Yes,No,No,Yes,Yes,Yes,438052.44
780,3,3,1,3,20,Lakeview,Semi-Furnished,Yes,No,No,No,Yes,No,448919.69
923,2,1,2,0,27,Northend,Furnished,Yes,No,Yes,No,Yes,No,269163.54
4865,4,1,2,2,37,Suburban,Unfurnished,Yes,No,No,Yes,No,No,716876.92
4749,2,2,3,3,32,Southend,Furnished,Yes,Yes,Yes,Yes,Yes,No,770462.34
2250,4,4,3,1,10,Westside,Furnished,No,Yes,Yes,No,No,Yes,672156.89
2467,4,2,1,2,44,Southend,Unfurnished,Yes,No,Yes,Yes,Yes,No,424164.64
4588,4,3,3,1,43,Midtown,Furnished,No,No,No,Yes,No,No,989375.24
4678,6,2,3,3,0,Rural,Semi-Furnished,Yes,Yes,No,Yes,No,No,616340.54
3446,2,2,1,2,46,Uptown,Semi-Furnished,Yes,No,No,No,Yes,No,703186.86
1949,6,3,2,3,32,Uptown,Semi-Furnished,Yes,No,No,Yes,Yes,No,670349.47
2831,3,3,2,3,2,Midtown,Furnished,Yes,No,Yes,No,Yes,Yes,913176.39
2720,2,3,1,2,25,Eastside,Semi-Furnished,Yes,No,No,Yes,No,No,428215.01
4289,3,3,1,3,14,Northend,Furnished,Yes,No,No,No,No,Yes,678566.48
3310,3,1,1,2,40,Uptown,Furnished,Yes,No,No,Yes,Yes,Yes,854082.78
2031,4,4,1,3,13,Southend,Furnished,No,Yes,No,Yes,No,No,489386.98
3490,2,4,1,0,22,Eastside,Furnished,Yes,Yes,No,Yes,Yes,No,583138.99
4993,3,3,1,1,7,Eastside,Unfurnished,Yes,No,No,No,Yes,Yes,773683.91
1643,5,4,3,0,35,Northend,Semi-Furnished,Yes,No,No,Yes,No,Yes,408473.31
1433,3,4,3,3,19,Midtown,Semi-Furnished,No,No,Yes,Yes,No,No,533177.34
1960,5,4,3,3,5,Lakeview,Furnished,Yes,No,No,Yes,Yes,No,895522.59
3223,2,4,2,3,32,Westside,Unfurnished,Yes,Yes,No,Yes,Yes,Yes,716709.79
3012,6,3,1,0,27,Uptown,Furnished,Yes,No,Yes,Yes,No,No,819979.59
785,2,2,1,3,49,Downtown,Semi-Furnished,No,No,No,No,No,No,233157.7
764,6,2,3,2,37,Southend,Semi-Furnished,Yes,No,No,Yes,Yes,No,328135.32
2867,6,2,2,1,29,Suburban,Unfurnished,No,No,No,No,No,No,491585.49
3947,2,1,3,3,45,Westside,Furnished,Yes,No,No,Yes,Yes,No,730104.13
2262,3,4,1,3,42,Northend,Unfurnished,Yes,No,Yes,No,Yes,No,390666.59
3548,1,3,1,1,16,Rural,Furnished,Yes,Yes,No,Yes,Yes,No,444937.87
2881,3,3,3,1,8,Uptown,Unfurnished,Yes,No,Yes,No,No,No,823455.9
2769,3,1,3,1,27,Eastside,Semi-Furnished,Yes,No,No,No,Yes,No,469380.51
540,4,3,1,0,6,Midtown,Unfurnished,Yes,No,Yes,Yes,Yes,No,399332.48
567,4,2,3,0,45,Uptown,Semi-Furnished,Yes,Yes,Yes,Yes,Yes,No,381210.82
1487,3,1,1,3,27,Downtown,Semi-Furnished,Yes,No,No,No,Yes,Yes,576480.82
4508,5,3,3,1,16,Midtown,Furnished,Yes,Yes,Yes,Yes,Yes,No,1116278.29
3698,6,1,2,3,39,Eastside,Unfurnished,Yes,Yes,Yes,Yes,Yes,Yes,657408.59
3024,4,1,1,3,47,Lakeview,Unfurnished,Yes,Yes,No,Yes,No,Yes,845259.93
1585,3,3,2,3,43,Eastside,Unfurnished,Yes,No,Yes,No,Yes,No,313371.77
2979,1,2,3,0,43,Lakeview,Unfurnished,Yes,Yes,No,No,No,No,737729.49
2193,5,3,2,1,4,Lakeview,Furnished,Yes,No,No,Yes,Yes,No,914078.66
2815,2,4,3,3,4,Midtown,Furnished,No,Yes,No,Yes,Yes,No,842359.81
1278,3,4,2,0,13,Westside,Furnished,Yes,No,Yes,No,Yes,No,462115.46
2085,3,3,2,2,5,Uptown,Semi-Furnished,Yes,No,Yes,No,No,Yes,736252.2
1992,6,2,2,2,6,Downtown,Semi-Furnished,Yes,Yes,No,Yes,Yes,No,845770.08
1160,5,4,1,3,16,Northend,Semi-Furnished,Yes,Yes,No,Yes,No,No,344377.92
1848,4,4,2,3,8,Eastside,Furnished,Yes,Yes,No,Yes,No,Yes,538613.4
1799,4,3,3,1,30,Uptown,Semi-Furnished,No,No,Yes,Yes,No,Yes,665912.31
4440,4,3,3,1,21,Lakeview,Unfurnished,Yes,Yes,No,No,No,No,1208148.01
2486,2,3,1,3,44,Lakeview,Semi-Furnished,Yes,No,Yes,No,No,Yes,757844.26
2544,5,1,1,0,8,Eastside,Furnished,Yes,Yes,Yes,Yes,Yes,No,534100.71
4016,5,1,3,3,15,Lakeview,Furnished,Yes,No,No,No,Yes,No,1220953.53
1558,4,1,2,1,35,Rural,Furnished,Yes,No,No,No,Yes,No,288287.4
1476,4,3,3,1,33,Northend,Furnished,No,Yes,No,Yes,No,Yes,425021.9
1227,6,2,1,0,44,Uptown,Unfurnished,No,No,No,No,No,Yes,426928.33
3027,1,4,1,3,12,Suburban,Semi-Furnished,Yes,No,Yes,Yes,Yes,No,573535.23
3636,1,1,3,1,18,Suburban,Semi-Furnished,Yes,Yes,No,Yes,No,No,607731.3
842,3,2,2,3,11,Midtown,Furnished,Yes,No,No,Yes,Yes,No,449765.73
1947,3,3,2,1,35,Eastside,Semi-Furnished,Yes,No,No,Yes,Yes,No,393019.03
2879,5,1,1,2,9,Lakeview,Unfurnished,No,No,No,No,No,No,806939.63
4159,5,3,3,2,15,Midtown,Furnished,Yes,No,No,No,No,Yes,1065481.32
1026,2,2,3,2,27,Southend,Semi-Furnished,Yes,No,Yes,Yes,No,Yes,399790.36
2396,2,1,1,1,18,Suburban,Semi-Furnished,No,No,No,Yes,No,No,401241.32
2573,1,1,3,0,39,Westside,Semi-Furnished,Yes,No,Yes,Yes,No,No,466743.56
905,3,1,1,2,5,Midtown,Semi-Furnished,Yes,No,No,No,No,No,375370.62
2073,1,1,2,1,3,Westside,Furnished,Yes,Yes,No,No,Yes,No,498665.06
4240,1,2,2,3,29,Lakeview,Furnished,Yes,Yes,No,No,Yes,No,1120354.79
4774,3,1,3,2,38,Southend,Unfurnished,Yes,No,Yes,No,No,Yes,739503.68
4727,2,4,2,0,30,Lakeview,Furnished,Yes,No,No,Yes,Yes,No,1260886.03
2346,6,4,2,0,45,Southend,Semi-Furnished,Yes,No,No,Yes,Yes,No,453965.83
1978,6,3,1,0,26,Southend,Semi-Furnished,Yes,No,No,Yes,Yes,No,436575.67
2895,6,1,1,3,44,Southend,Semi-Furnished,Yes,No,No,No,Yes,No,485987.96
1271,3,4,3,3,20,Rural,Unfurnished,No,No,No,No,Yes,No,259190.92
1078,4,4,1,0,36,Southend,Furnished,Yes,Yes,No,Yes,Yes,Yes,403379.8
3401,4,4,3,0,8,Rural,Furnished,No,No,No,Yes,No,No,477079.85
693,4,2,3,0,34,Lakeview,Furnished,Yes,Yes,Yes,No,Yes,No,543386.6
2507,5,1,1,3,41,Rural,Semi-Furnished,Yes,No,No,Yes,No,No,310383.02
1685,2,2,2,3,46,Uptown,Semi-Furnished,Yes,No,No,Yes,No,No,491376.08
2894,2,2,2,1,20,Westside,Semi-Furnished,Yes,No,No,Yes,No,No,592087.52
3498,5,4,2,2,16,Southend,Unfurnished,No,Yes,No,Yes,Yes,No,643782.21
2292,1,4,2,3,23,Downtown,Unfurnished,Yes,No,Yes,No,Yes,No,733302.3
1610,6,3,3,0,30,Northend,Semi-Furnished,Yes,No,No,Yes,Yes,Yes,433629.87
4505,4,1,2,2,5,Midtown,Unfurnished,Yes,Yes,No,No,No,No,964018.23
2761,6,1,3,3,34,Lakeview,Unfurnished,Yes,No,No,Yes,Yes,No,877134.86
4236,4,4,1,2,49,Eastside,Unfurnished,No,Yes,No,Yes,No,No,593854.69
4293,6,4,1,1,36,Westside,Furnished,No,Yes,No,No,No,No,804652.11
2436,1,1,3,3,12,Westside,Unfurnished,Yes,No,No,Yes,Yes,No,516097.59
4857,6,3,2,0,24,Eastside,Semi-Furnished,Yes,Yes,No,Yes,Yes,Yes,789898.33
1229,6,4,3,0,31,Midtown,Furnished,Yes,No,No,Yes,No,Yes,599064.31
4878,3,3,2,1,0,Westside,Unfurnished,Yes,No,No,Yes,No,No,851917.24
3951,6,2,2,1,48,Rural,Semi-Furnished,Yes,No,Yes,No,No,No,452732.75
4957,3,4,3,1,34,Uptown,Unfurnished,Yes,No,No,Yes,Yes,No,1082290.41
2640,2,2,3,1,18,Suburban,Semi-Furnished,Yes,Yes,Yes,Yes,No,No,565404.03
2144,5,4,2,1,11,Rural,Semi-Furnished,Yes,Yes,No,No,Yes,No,400091.94
3300,6,2,3,3,39,Southend,Unfurnished,Yes,Yes,No,No,Yes,No,550490.26
641,2,4,2,3,39,Westside,Unfurnished,Yes,No,No,Yes,Yes,Yes,300252.59
1955,3,3,3,2,46,Rural,Furnished,Yes,No,Yes,Yes,No,No,307025.22
2596,6,3,1,1,42,Suburban,Unfurnished,Yes,Yes,No,Yes,No,No,501376.95
1825,6,3,2,0,19,Uptown,Semi-Furnished,Yes,No,Yes,Yes,No,Yes,702530.77
1713,1,2,1,0,32,Lakeview,Furnished,Yes,No,No,Yes,Yes,No,551738.08
1659,2,3,3,1,28,Uptown,Semi-Furnished,Yes,No,No,No,No,No,539079.14
4999,4,2,1,1,15,Downtown,Semi-Furnished,Yes,Yes,No,Yes,Yes,Yes,1312764.04
840,4,4,3,1,13,Rural,Unfurnished,No,No,No,No,Yes,Yes,268928.31
4328,1,2,2,1,6,Eastside,Semi-Furnished,Yes,No,Yes,Yes,No,Yes,693216.46
2468,3,4,3,1,5,Southend,Unfurnished,Yes,No,No,No,Yes,Yes,524022.2
1203,4,1,3,0,20,Uptown,Semi-Furnished,No,No,Yes,Yes,No,No,475203.31
4913,4,1,2,2,35,Midtown,Furnished,Yes,No,No,No,Yes,No,1028251.82
2929,5,1,3,1,21,Rural,Unfurnished,Yes,Yes,No,Yes,Yes,No,427352.91
2300,2,2,2,1,39,Lakeview,Furnished,Yes,No,No,Yes,Yes,Yes,793176.99
1355,3,1,3,1,18,Southend,Unfurnished,Yes,Yes,No,No,No,No,323390.29
2312,6,1,2,3,24,Eastside,Furnished,Yes,Yes,No,Yes,Yes,No,518600.28
3366,2,1,1,0,2,Eastside,Unfurnished,Yes,No,No,No,Yes,Yes,538357.3
4142,3,4,3,0,35,Northend,Furnished,Yes,No,No,No,No,No,548102.59
682,4,3,3,2,44,Lakeview,Furnished,Yes,No,Yes,Yes,No,No,486057.12
3612,5,2,3,3,33,Downtown,Unfurnished,Yes,Yes,No,No,Yes,No,987060.73
4992,2,1,2,3,10,Midtown,Unfurnished,Yes,No,Yes,Yes,Yes,No,1035600.4
2017,4,4,3,3,47,Uptown,Semi-Furnished,Yes,No,No,Yes,Yes,No,643715.11
1856,3,3,2,2,41,Uptown,Semi-Furnished,Yes,No,No,No,No,Yes,598286.48
2674,2,3,3,2,46,Downtown,Unfurnished,Yes,No,No,No,Yes,No,726564.76
4129,6,3,1,2,26,Rural,Unfurnished,Yes,No,No,Yes,No,Yes,501415.32
4128,2,4,3,3,41,Suburban,Furnished,Yes,Yes,Yes,No,No,No,729020.47
4596,4,1,1,0,1,Eastside,Furnished,Yes,Yes,No,Yes,Yes,No,739825.7
3739,2,3,2,3,5,Uptown,Semi-Furnished,Yes,Yes,No,No,No,No,945628.06
4191,6,4,1,2,45,Rural,Semi-Furnished,Yes,No,No,Yes,No,No,502574.38
518,5,4,3,3,1,Northend,Semi-Furnished,No,No,Yes,Yes,No,No,326180.79
3903,5,2,3,1,41,Downtown,Furnished,No,No,No,Yes,No,No,976554.13
3504,4,4,2,3,16,Downtown,Furnished,Yes,Yes,Yes,Yes,Yes,No,1130175.47
1632,3,3,3,3,39,Westside,Furnished,Yes,No,No,No,No,No,468223.01
3839,4,3,3,0,47,Downtown,Semi-Furnished,Yes,Yes,No,Yes,No,No,962766.99
3811,5,4,2,0,13,Midtown,Unfurnished,Yes,No,No,No,No,No,831720.64
3872,1,3,2,0,9,Westside,Semi-Furnished,Yes,No,No,Yes,Yes,No,754622.55
1487,1,4,1,1,44,Downtown,Furnished,Yes,Yes,No,Yes,No,Yes,575904.55
3821,2,3,2,0,32,Southend,Semi-Furnished,Yes,No,No,Yes,Yes,No,589147.48
673,6,2,3,1,41,Midtown,Semi-Furnished,No,No,No,Yes,Yes,Yes,374569.79
4241,2,1,2,2,11,Southend,Semi-Furnished,Yes,No,No,Yes,No,No,636882.37
3552,1,2,3,0,31,Southend,Semi-Furnished,Yes,No,No,Yes,Yes,No,547818.78
1226,5,2,1,3,48,Westside,Furnished,Yes,Yes,Yes,Yes,No,No,380814.91
4260,2,1,2,3,23,Eastside,Semi-Furnished,Yes,No,No,Yes,Yes,No,613456.2
2375,4,3,3,1,13,Downtown,Furnished,Yes,No,No,No,Yes,No,804354.53
4533,6,1,2,0,4,Uptown,Semi-Furnished,No,No,No,Yes,No,Yes,1137379.19
1489,4,4,2,3,4,Rural,Furnished,No,No,No,No,Yes,Yes,372782.37
4244,6,1,2,2,46,Lakeview,Unfurnished,Yes,Yes,Yes,Yes,No,No,1150205.38
3186,5,2,2,0,31,Lakeview,Furnished,Yes,No,No,No,Yes,No,950154.17
919,2,1,1,2,44,Westside,Furnished,Yes,Yes,No,Yes,No,No,255456.64
1093,6,3,3,3,48,Midtown,Unfurnished,No,Yes,No,Yes,No,No,471430.22
2274,4,2,2,0,32,Southend,Unfurnished,No,Yes,No,No,Yes,No,411839.3
2959,2,4,3,1,45,Eastside,Unfurnished,Yes,No,No,Yes,No,No,399940.23
1435,2,3,1,3,3,Midtown,Unfurnished,Yes,Yes,No,Yes,No,No,508129.82
4308,4,2,3,2,29,Westside,Unfurnished,Yes,No,No,Yes,No,No,751453.4
831,1,4,3,0,40,Suburban,Unfurnished,Yes,No,No,No,No,No,202866.12
3949,6,3,1,2,16,Rural,Semi-Furnished,No,Yes,Yes,Yes,No,No,525296.3
3202,4,4,2,2,2,Eastside,Semi-Furnished,Yes,No,No,Yes,Yes,No,604908.71
4506,5,1,3,1,12,Midtown,Unfurnished,No,No,Yes,Yes,No,Yes,1079119.03
4368,3,1,3,1,43,Lakeview,Furnished,Yes,Yes,No,Yes,Yes,Yes,1244220.08
4700,4,4,2,3,47,Eastside,Furnished,Yes,Yes,No,No,Yes,No,744733.7
701,2,1,2,1,35,Southend,Unfurnished,Yes,No,No,No,Yes,No,173346.94
2997,2,4,3,1,17,Uptown,Semi-Furnished,Yes,No,No,Yes,Yes,No,845610.81
2342,4,3,1,3,22,Downtown,Semi-Furnished,Yes,Yes,Yes,Yes,Yes,No,803760.95
2366,3,2,2,3,34,Uptown,Furnished,Yes,No,No,No,Yes,No,645865.72
2496,4,4,2,3,48,Westside,Unfurnished,Yes,No,No,Yes,No,No,512107.59
1409,3,2,1,3,32,Suburban,Semi-Furnished,Yes,No,No,Yes,Yes,Yes,364772.82
4805,3,2,3,2,35,Northend,Unfurnished,Yes,No,No,Yes,Yes,Yes,698299.94
3689,5,4,2,2,16,Suburban,Unfurnished,No,No,No,Yes,No,Yes,711667.68
1270,6,1,3,3,38,Southend,Furnished,Yes,Yes,Yes,Yes,No,No,436811.16
3655,2,3,3,3,33,Suburban,Unfurnished,Yes,No,Yes,Yes,Yes,No,667726.85
3001,2,2,3,0,11,Rural,Unfurnished,Yes,No,No,No,No,Yes,419455.25
3214,3,3,1,0,4,Northend,Furnished,Yes,No,No,No,Yes,No,534662.59
4085,2,2,3,0,47,Westside,Semi-Furnished,Yes,No,No,Yes,Yes,No,692398.76
2128,1,4,3,1,39,Downtown,Unfurnished,No,Yes,No,No,Yes,No,606438.67
886,3,1,2,2,26,Midtown,Furnished,Yes,Yes,No,No,Yes,No,440179.39
3921,2,3,2,2,39,Uptown,Semi-Furnished,Yes,No,Yes,Yes,No,No,936707.64
4508,1,2,1,0,12,Rural,Unfurnished,Yes,No,Yes,Yes,No,Yes,506499.39
4593,5,4,1,0,25,Downtown,Semi-Furnished,Yes,Yes,No,No,No,Yes,1228961.74
4863,2,4,2,2,13,Rural,Furnished,No,No,Yes,No,No,No,566536.09
2966,1,2,2,1,31,Southend,Unfurnished,No,No,No,Yes,Yes,Yes,480507.15
2782,4,2,1,0,10,Suburban,Furnished,Yes,No,No,Yes,Yes,Yes,615100.63
2356,6,2,3,3,37,Downtown,Furnished,Yes,No,Yes,Yes,Yes,No,882874.93
2498,4,1,1,0,15,Eastside,Unfurnished,Yes,No,Yes,No,No,No,422881.77
1736,1,2,3,2,21,Eastside,Furnished,Yes,Yes,No,Yes,No,No,386066.76
4644,3,2,2,2,46,Uptown,Semi-Furnished,Yes,No,Yes,Yes,Yes,No,1038854.25
1650,3,1,2,0,15,Suburban,Furnished,Yes,No,No,No,No,Yes,394388.35
4818,2,4,2,0,12,Downtown,Unfurnished,No,No,Yes,Yes,Yes,No,1175744.85
1931,4,2,3,3,11,Uptown,Unfurnished,Yes,No,Yes,Yes,No,No,711442.57
2319,3,3,1,3,17,Lakeview,Semi-Furnished,Yes,Yes,No,No,No,No,799689.02
2824,3,4,3,1,28,Midtown,Unfurnished,Yes,Yes,No,Yes,Yes,No,723736.59
1630,4,3,1,1,17,Southend,Furnished,Yes,No,No,Yes,Yes,No,413705.11
3158,5,2,1,3,45,Uptown,Furnished,Yes,No,No,No,Yes,Yes,868185.23
4000,3,1,1,1,1,Lakeview,Unfurnished,No,Yes,No,Yes,Yes,No,1105962.5
874,6,1,2,1,1,Suburban,Semi-Furnished,Yes,No,No,Yes,No,No,368751.97
2620,1,1,1,0,2,Midtown,Semi-Furnished,No,No,No,No,No,No,562592.15
4520,2,2,2,3,28,Southend,Unfurnished,Yes,No,No,Yes,No,Yes,712647.55
2521,3,2,1,0,7,Northend,Furnished,No,No,No,Yes,No,No,392446.63
4205,6,3,1,0,10,Rural,Unfurnished,Yes,No,Yes,Yes,Yes,No,535149.23
3759,6,1,2,1,11,Northend,Unfurnished,Yes,Yes,No,Yes,No,No,620057.16
3935,3,2,2,0,31,Suburban,Semi-Furnished,Yes,No,No,No,Yes,Yes,675824.95
2389,5,4,3,2,3,Rural,Furnished,No,Yes,Yes,No,No,Yes,467797.45
2323,1,2,1,1,8,Uptown,Semi-Furnished,Yes,No,No,Yes,Yes,Yes,721243.05
1974,2,2,2,2,23,Lakeview,Semi-Furnished,Yes,No,No,Yes,Yes,No,665452.43
2742,3,4,3,1,48,Lakeview,Furnished,Yes,Yes,Yes,Yes,Yes,Yes,999831.6
3743,2,1,3,0,15,Northend,Furnished,Yes,Yes,No,Yes,Yes,Yes,652574.63
3634,4,4,2,1,16,Downtown,Furnished,Yes,Yes,No,No,Yes,Yes,1134417.4
2570,6,1,1,2,46,Midtown,Unfurnished,Yes,No,No,No,Yes,Yes,640370.58
859,6,4,3,1,21,Downtown,Furnished,Yes,Yes,No,Yes,Yes,No,639207.18
2541,3,3,1,2,6,Downtown,Unfurnished,Yes,Yes,No,Yes,Yes,No,839434.73
1641,3,1,1,3,9,Uptown,Semi-Furnished,Yes,No,No,Yes,Yes,No,521194.03
2135,4,2,3,0,28,Westside,Furnished,No,Yes,No,No,No,No,517196.74
4500,5,3,2,2,35,Downtown,Unfurnished,Yes,No,Yes,Yes,No,No,1093920.76
2443,3,1,1,3,23,Westside,Unfurnished,Yes,No,Yes,Yes,No,No,526719.68
3861,6,1,2,0,45,Uptown,Unfurnished,No,No,No,No,Yes,Yes,878753.72
3480,2,1,3,3,13,Midtown,Unfurnished,Yes,Yes,No,No,No,No,792440.52
506,1,4,1,2,13,Lakeview,Semi-Furnished,Yes,No,No,Yes,Yes,Yes,479504.07
3767,2,1,2,0,24,Uptown,Furnished,Yes,No,No,Yes,Yes,Yes,941521.91
2091,5,2,2,3,45,Northend,Furnished,Yes,No,No,Yes,No,No,359510.84
3764,1,1,1,2,21,Southend,Furnished,Yes,No,No,Yes,Yes,No,602585.41
3106,2,2,2,3,49,Suburban,Furnished,Yes,No,No,No,Yes,Yes,561644.8
3719,2,2,2,0,46,Westside,Furnished,Yes,No,No,Yes,Yes,Yes,688306.24
3773,4,2,3,0,22,Rural,Furnished,Yes,Yes,No,Yes,No,No,464840.55
1413,5,3,3,0,31,Suburban,Unfurnished,Yes,No,No,Yes,Yes,Yes,444074.05
2511,6,2,2,2,25,Downtown,Furnished,Yes,No,No,No,Yes,No,821973.68
1942,4,4,2,3,26,Midtown,Unfurnished,Yes,No,No,Yes,No,No,595197.11
3554,1,1,1,3,44,Northend,Semi-Furnished,No,No,No,Yes,Yes,No,376977.48
4046,6,4,3,2,11,Rural,Unfurnished,No,Yes,No,No,Yes,No,559872.77
4721,4,3,1,0,18,Uptown,Semi-Furnished,No,Yes,No,No,No,Yes,1084384.68
3428,5,1,2,1,18,Lakeview,Furnished,No,Yes,No,Yes,Yes,Yes,1117245.96
2329,3,2,1,0,33,Uptown,Semi-Furnished,Yes,Yes,No,Yes,Yes,No,619409.67
1075,3,1,2,1,31,Uptown,Semi-Furnished,No,No,No,Yes,No,No,368952.57
1429,1,3,3,0,28,Southend,Unfurnished,Yes,No,No,Yes,Yes,No,361912.08
4259,3,3,3,2,20,Northend,Unfurnished,Yes,No,No,No,No,Yes,620120.42
4199,4,4,2,1,34,Northend,Semi-Furnished,Yes,No,Yes,No,Yes,No,606282.09
1963,1,1,3,2,41,Downtown,Semi-Furnished,No,Yes,No,Yes,Yes,Yes,640699.11
3775,6,1,2,1,4,Downtown,Furnished,Yes,No,Yes,No,Yes,No,1120173.99
1554,5,1,1,3,11,Suburban,Unfurnished,Yes,No,Yes,No,No,No,417339.32
2400,1,4,2,1,6,Northend,Semi-Furnished,No,No,No,Yes,Yes,No,417379.71
1957,6,3,1,1,40,Lakeview,Unfurnished,Yes,Yes,No,No,Yes,No,706481.42
1899,1,2,2,1,1,Downtown,Furnished,Yes,Yes,No,Yes,No,No,709684.6
3915,2,1,3,3,24,Midtown,Furnished,Yes,Yes,No,Yes,No,No,915943.25
942,2,4,2,2,9,Southend,Semi-Furnished,Yes,No,No,No,No,No,295252.28
4150,1,4,2,3,37,Suburban,Furnished,Yes,Yes,Yes,Yes,Yes,No,710910.03
1678,3,2,2,1,43,Rural,Semi-Furnished,Yes,No,No,Yes,Yes,No,242613.42
4958,2,3,3,0,5,Westside,Unfurnished,No,No,No,Yes,No,No,832911.43
1757,5,1,2,3,26,Lakeview,Unfurnished,Yes,No,Yes,No,No,No,656102.96
4134,6,1,3,0,34,Rural,Semi-Furnished,No,No,No,No,Yes,Yes,504724.44
2341,4,4,2,3,9,Midtown,Semi-Furnished,Yes,No,No,No,No,No,676189.7
2809,2,3,1,3,8,Southend,Semi-Furnished,Yes,No,No,Yes,Yes,No,524223.28
1410,1,1,2,1,19,Southend,Unfurnished,Yes,Yes,No,Yes,Yes,Yes,324340.61
4840,3,2,1,2,36,Lakeview,Unfurnished,Yes,No,Yes,Yes,Yes,No,1178446.9
4509,4,3,3,2,34,Uptown,Furnished,Yes,No,Yes,Yes,No,No,1137097.34
2669,6,3,3,1,36,Eastside,Furnished,No,No,No,Yes,No,No,510022.55
2672,6,4,2,3,39,Southend,Unfurnished,Yes,No,No,Yes,Yes,No,517961.34
623,2,4,3,2,7,Northend,Unfurnished,Yes,No,No,No,No,No,208009.31
3658,6,1,2,2,45,Eastside,Semi-Furnished,Yes,No,Yes,No,Yes,No,575364.53
1285,6,4,3,2,30,Northend,Unfurnished,Yes,No,Yes,No,No,No,335254.73
2916,3,3,1,1,48,Uptown,Unfurnished,Yes,Yes,No,No,Yes,Yes,738415.95
1296,3,1,3,0,42,Uptown,Furnished,No,Yes,No,Yes,No,No,442024.01
4672,3,1,1,0,15,Uptown,Furnished,Yes,Yes,No,Yes,No,No,1056583.08
4654,1,3,2,0,27,Downtown,Semi-Furnished,Yes,No,No,No,Yes,Yes,1097841.91
2436,6,1,2,0,5,Westside,Furnished,Yes,No,No,Yes,No,Yes,610626.35
2656,6,2,2,0,31,Uptown,Semi-Furnished,No,No,No,Yes,No,No,678275.68
4307,6,2,1,2,27,Northend,Unfurnished,Yes,Yes,No,Yes,Yes,No,605426.1
1801,5,1,2,2,10,Northend,Unfurnished,No,Yes,No,Yes,No,Yes,410241.64
4663,3,4,2,3,41,Suburban,Semi-Furnished,Yes,Yes,No,Yes,Yes,Yes,831885.47
3640,4,2,1,2,22,Westside,Furnished,No,Yes,No,No,Yes,No,692013.33
3736,2,1,3,1,29,Lakeview,Furnished,No,Yes,No,No,No,Yes,1073375.72
2852,4,2,2,3,8,Lakeview,Unfurnished,No,No,No,No,No,No,862216.52
2432,1,4,3,2,27,Westside,Furnished,Yes,No,No,Yes,Yes,Yes,654571.5
3221,1,3,3,3,23,Rural,Semi-Furnished,Yes,No,No,Yes,Yes,No,394873.27
864,6,1,2,3,27,Downtown,Unfurnished,Yes,Yes,No,Yes,Yes,No,508441.48
2890,4,1,2,0,23,Eastside,Furnished,Yes,No,No,Yes,Yes,Yes,526083.09
1446,6,1,1,3,14,Lakeview,Unfurnished,Yes,No,Yes,Yes,Yes,No,713946.2
1877,5,1,1,2,38,Uptown,Unfurnished,Yes,No,No,No,Yes,No,470571.79
1939,1,1,2,0,49,Lakeview,Furnished,No,No,No,Yes,No,Yes,577666.97
3680,1,1,3,2,32,Uptown,Semi-Furnished,Yes,No,No,No,Yes,No,817229.71
840,4,4,1,0,46,Northend,Furnished,Yes,No,Yes,Yes,Yes,No,236353.5
3489,1,3,1,2,33,Uptown,Furnished,Yes,No,No,Yes,Yes,Yes,876154.13
882,5,4,2,0,21,Uptown,Furnished,Yes,No,No,Yes,No,No,482710.92
2056,5,4,2,0,28,Downtown,Furnished,Yes,Yes,No,No,Yes,No,718127.26
799,5,3,2,1,33,Suburban,Furnished,Yes,Yes,No,No,Yes,No,335556.7
638,2,4,2,2,41,Uptown,Furnished,Yes,No,No,No,Yes,No,354291.31
858,5,2,1,3,46,Eastside,Semi-Furnished,Yes,No,No,No,No,Yes,233696.82
2022,5,4,1,0,9,Rural,Unfurnished,Yes,No,No,No,Yes,No,333379.93
3956,2,1,1,2,44,Downtown,Semi-Furnished,No,No,No,No,No,Yes,862856.73
2127,6,2,3,0,29,Suburban,Furnished,Yes,No,No,Yes,No,No,511448.0
1803,3,2,1,1,10,Rural,Semi-Furnished,No,Yes,No,Yes,Yes,No,282660.14
1634,1,3,1,1,33,Southend,Unfurnished,Yes,Yes,No,No,No,Yes,290538.02
2686,5,4,2,1,20,Northend,Semi-Furnished,Yes,No,No,No,Yes,No,506393.11
3670,1,4,1,1,12,Midtown,Furnished,Yes,No,No,No,Yes,No,799769.84
4335,4,2,1,3,24,Northend,Unfurnished,No,No,No,Yes,Yes,Yes,613641.98
2651,1,4,1,3,20,Southend,Furnished,No,No,No,No,No,No,442681.61
1737,6,4,2,0,0,Rural,Furnished,Yes,No,No,No,Yes,No,347011.16
4235,2,3,1,2,4,Westside,Unfurnished,Yes,No,No,Yes,No,No,752502.91
3334,1,2,1,1,21,Northend,Unfurnished,Yes,Yes,No,Yes,No,Yes,513705.42
4760,1,1,3,1,6,Lakeview,Furnished,Yes,Yes,No,No,No,No,1217519.06
1498,1,2,3,3,12,Eastside,Semi-Furnished,Yes,No,No,Yes,Yes,No,355891.66
3067,3,3,3,3,44,Southend,Unfurnished,Yes,No,Yes,Yes,No,No,548877.73
1807,3,3,3,1,22,Eastside,Semi-Furnished,No,No,No,Yes,Yes,Yes,427366.12
1156,4,3,2,2,20,Downtown,Semi-Furnished,Yes,Yes,Yes,Yes,No,Yes,687974.01
3160,2,4,3,0,5,Southend,Unfurnished,Yes,No,No,No,Yes,No,583771.02
2711,1,2,1,0,19,Uptown,Semi-Furnished,Yes,No,No,Yes,Yes,No,615182.37
2409,1,4,3,0,11,Westside,Unfurnished,No,No,No,Yes,No,No,498438.08
4230,1,4,2,0,39,Suburban,Unfurnished,Yes,No,No,Yes,Yes,No,643945.1
2546,1,2,3,2,8,Suburban,Unfurnished,Yes,No,No,No,Yes,No,502445.19
3662,3,3,3,2,49,Midtown,Unfurnished,Yes,No,Yes,No,No,No,764770.62
1640,6,1,2,2,27,Midtown,Semi-Furnished,Yes,No,Yes,Yes,No,No,522863.96
766,6,1,2,3,10,Uptown,Semi-Furnished,Yes,No,No,No,No,Yes,536292.31
2345,4,2,2,1,31,Eastside,Unfurnished,Yes,No,Yes,No,No,No,392132.7
2208,5,2,2,2,10,Downtown,Unfurnished,Yes,No,No,Yes,No,No,730329.16
4130,2,3,2,0,23,Lakeview,Unfurnished,Yes,Yes,Yes,No,No,Yes,1145032.04
3711,6,2,2,2,14,Midtown,Unfurnished,Yes,No,No,No,Yes,No,906801.03
2793,1,2,1,1,40,Southend,Furnished,Yes,No,No,No,Yes,Yes,494873.71
4232,6,3,3,3,34,Northend,Semi-Furnished,Yes,Yes,No,No,Yes,No,642849.91
4329,4,3,3,0,16,Rural,Semi-Furnished,Yes,No,Yes,Yes,No,No,570941.53
2010,5,4,2,3,24,Westside,Unfurnished,Yes,No,Yes,No,No,Yes,557538.5
975,6,2,2,2,48,Southend,Furnished,Yes,No,No,Yes,No,No,306631.14
1476,4,1,1,0,34,Northend,Furnished,Yes,Yes,No,No,Yes,No,293437.04
1707,3,2,1,0,18,Eastside,Furnished,No,Yes,No,No,Yes,No,350949.0
2460,5,1,2,2,40,Eastside,Unfurnished,Yes,Yes,Yes,Yes,Yes,Yes,527837.53
1057,4,1,1,2,30,Downtown,Furnished,Yes,Yes,Yes,No,No,No,515496.41
1382,6,1,1,1,16,Uptown,Unfurnished,Yes,No,No,Yes,No,No,452140.39
2694,3,4,2,2,49,Eastside,Furnished,Yes,Yes,No,No,Yes,No,465006.23
3167,4,3,2,2,22,Suburban,Unfurnished,Yes,No,Yes,Yes,No,No,606573.78
2110,4,3,2,2,46,Westside,Unfurnished,Yes,Yes,No,Yes,No,No,480347.54
3988,6,4,2,0,0,Suburban,Semi-Furnished,Yes,No,No,Yes,Yes,No,788544.52
2954,5,3,3,1,9,Rural,Unfurnished,Yes,Yes,No,Yes,No,Yes,463049.0
4994,3,4,3,0,7,Downtown,Furnished,No,No,No,Yes,No,No,1250317.13
2446,1,2,2,2,41,Rural,Semi-Furnished,Yes,Yes,Yes,No,No,Yes,390375.82
3308,2,4,1,1,25,Eastside,Furnished,Yes,No,No,Yes,No,No,530985.06
4325,5,3,2,2,33,Uptown,Unfurnished,Yes,Yes,No,Yes,Yes,No,1037703.05
4036,3,3,3,0,18,Midtown,Semi-Furnished,Yes,No,No,Yes,No,No,890299.61
4302,4,2,1,0,13,Northend,Unfurnished,Yes,No,No,No,Yes,No,556321.09
4677,3,4,3,2,7,Northend,Unfurnished,Yes,No,Yes,No,Yes,Yes,745654.44
2470,2,2,2,1,0,Downtown,Furnished,Yes,Yes,No,Yes,No,No,798966.4
4322,6,1,3,0,47,Southend,Furnished,Yes,Yes,No,Yes,Yes,No,701733.86
3319,2,4,3,2,24,Southend,Furnished,Yes,Yes,No,Yes,No,No,638144.48
1402,1,2,3,3,23,Suburban,Semi-Furnished,Yes,No,No,Yes,No,No,320695.73
864,1,2,1,2,46,Suburban,Furnished,No,Yes,Yes,Yes,No,No,241831.58
4758,2,3,3,2,19,Northend,Unfurnished,Yes,Yes,Yes,Yes,No,No,668686.93
3619,5,4,1,1,29,Westside,Semi-Furnished,Yes,No,No,Yes,Yes,Yes,768808.77
3058,5,1,2,2,4,Rural,Furnished,Yes,Yes,No,Yes,Yes,Yes,528192.59
2363,4,1,2,3,2,Suburban,Furnished,No,No,No,Yes,Yes,No,555820.83
615,1,4,3,2,31,Uptown,Furnished,Yes,Yes,No,No,No,Yes,473179.22
2884,4,4,1,3,16,Northend,Unfurnished,Yes,No,Yes,No,No,Yes,544724.74
4435,1,2,2,0,41,Westside,Furnished,Yes,No,No,Yes,Yes,Yes,803631.93
2990,2,3,1,2,4,Rural,Unfurnished,Yes,Yes,Yes,Yes,No,No,402153.16
1442,5,3,1,1,10,Southend,Semi-Furnished,Yes,Yes,No,Yes,Yes,No,378153.42
2224,5,3,3,2,37,Northend,Furnished,Yes,No,No,No,No,No,438831.55
2834,2,4,3,3,3,Lakeview,Unfurnished,Yes,No,No,No,Yes,No,915812.22
3267,4,3,1,3,38,Westside,Furnished,Yes,No,No,No,Yes,No,622480.59
1637,4,2,1,1,18,Downtown,Furnished,Yes,No,No,Yes,Yes,No,608826.74
3027,3,4,3,3,38,Suburban,Semi-Furnished,Yes,Yes,Yes,No,Yes,No,618588.99
4617,1,4,1,2,45,Midtown,Semi-Furnished,No,No,Yes,Yes,No,No,856651.07
3920,4,3,3,3,48,Suburban,Unfurnished,Yes,No,No,No,Yes,No,643664.65
4406,2,1,1,2,22,Rural,Unfurnished,Yes,No,No,Yes,Yes,No,457337.09
4137,4,1,3,2,16,Northend,Unfurnished,Yes,No,No,Yes,No,Yes,639900.35
3453,5,2,1,3,12,Southend,Semi-Furnished,Yes,No,Yes,Yes,Yes,Yes,697923.82
2867,1,3,3,1,26,Westside,Unfurnished,Yes,No,No,Yes,Yes,No,565275.85
4721,6,3,1,0,0,Midtown,Semi-Furnished,Yes,No,Yes,Yes,No,No,1085750.84
776,3,4,2,1,1,Suburban,Semi-Furnished,Yes,Yes,No,Yes,Yes,Yes,430766.71
2499,1,4,2,0,17,Eastside,Furnished,Yes,Yes,No,Yes,No,No,449692.73
1727,5,3,1,1,35,Lakeview,Furnished,No,Yes,No,No,Yes,No,658628.02
4252,5,4,2,2,44,Eastside,Unfurnished,Yes,No,No,Yes,No,No,595181.5
4235,5,3,1,2,32,Lakeview,Semi-Furnished,Yes,No,No,No,Yes,Yes,1182856.33
1195,5,2,1,3,35,Southend,Semi-Furnished,Yes,No,No,No,No,No,293008.26
1809,2,4,2,0,1,Uptown,Semi-Furnished,Yes,Yes,No,Yes,No,No,670939.78
4652,3,3,1,0,3,Lakeview,Furnished,No,Yes,No,Yes,No,Yes,1333737.67
3734,6,4,3,3,15,Midtown,Semi-Furnished,No,Yes,No,Yes,Yes,Yes,1057594.68
4614,5,2,1,1,3,Lakeview,Unfurnished,Yes,No,Yes,Yes,No,Yes,1301288.01
2811,5,4,1,3,8,Westside,Unfurnished,Yes,No,No,No,Yes,Yes,706412.15
3341,4,3,2,1,48,Suburban,Furnished,Yes,No,No,Yes,Yes,No,608903.03
4708,3,4,3,3,20,Suburban,Unfurnished,No,No,No,No,No,No,768206.57
4059,1,4,1,0,22,Southend,Semi-Furnished,Yes,No,No,Yes,Yes,No,618151.32
3898,3,3,1,0,1,Eastside,Semi-Furnished,Yes,No,Yes,No,Yes,No,603357.11
1041,3,1,1,1,2,Eastside,Unfurnished,Yes,No,Yes,Yes,Yes,No,302133.87
3194,6,4,1,0,22,Uptown,Furnished,Yes,No,Yes,No,Yes,No,901379.34
1588,3,4,1,0,25,Eastside,Semi-Furnished,Yes,No,No,No,Yes,No,334953.61
3863,6,2,1,0,46,Southend,Semi-Furnished,Yes,No,No,Yes,No,Yes,596558.59
524,5,1,3,0,6,Lakeview,Furnished,Yes,Yes,No,Yes,No,No,539175.2
2072,5,2,3,2,35,Uptown,Semi-Furnished,Yes,No,Yes,Yes,No,No,690685.57
3458,2,3,1,3,43,Southend,Unfurnished,Yes,Yes,No,No,No,No,493784.32
4736,6,3,1,3,32,Downtown,Unfurnished,Yes,Yes,No,Yes,Yes,Yes,1268027.29
2267,6,2,2,2,48,Rural,Furnished,No,Yes,No,Yes,Yes,No,363928.08
2735,1,4,3,0,35,Eastside,Furnished,Yes,No,No,Yes,Yes,No,499842.39
700,4,1,3,3,3,Midtown,Unfurnished,Yes,No,No,Yes,No,No,423948.87
3698,3,2,1,3,22,Suburban,Furnished,Yes,No,No,Yes,No,No,635237.17
756,1,2,3,3,24,Rural,Unfurnished,Yes,No,No,Yes,Yes,No,174330.38
4247,6,3,3,1,40,Eastside,Furnished,Yes,Yes,No,Yes,No,No,684516.56
2741,1,4,2,2,25,Northend,Unfurnished,Yes,No,No,Yes,No,No,418551.06
3675,2,1,2,1,27,Southend,Semi-Furnished,Yes,No,No,Yes,No,No,534979.44
4106,4,2,3,1,27,Westside,Semi-Furnished,Yes,Yes,No,Yes,Yes,No,796890.97
3836,6,1,3,2,20,Lakeview,Unfurnished,Yes,No,No,Yes,Yes,No,1090018.89
913,6,1,3,3,9,Southend,Semi-Furnished,Yes,No,Yes,Yes,No,No,428512.28
2514,3,2,1,1,26,Midtown,Unfurnished,Yes,No,No,No,No,No,557140.12
1881,4,1,2,3,14,Uptown,Furnished,Yes,No,No,Yes,No,Yes,698655.64
1598,2,3,1,1,16,Downtown,Semi-Furnished,Yes,No,No,Yes,No,Yes,628270.56
3926,5,4,2,3,38,Southend,Semi-Furnished,Yes,Yes,No,Yes,Yes,No,699516.32
4155,1,4,2,0,34,Southend,Semi-Furnished,No,No,No,Yes,Yes,No,583527.97
1409,3,4,2,0,4,Southend,Unfurnished,Yes,No,No,Yes,No,No,339780.98
687,6,3,3,0,15,Rural,Semi-Furnished,Yes,Yes,No,No,No,No,223755.84
4544,5,3,2,2,22,Lakeview,Furnished,No,No,Yes,Yes,Yes,No,1322475.02
4256,2,3,1,0,38,Lakeview,Semi-Furnished,Yes,No,No,Yes,No,No,1028242.09
2515,4,4,2,1,47,Lakeview,Furnished,Yes,Yes,No,No,No,No,793153.42
2592,1,1,1,3,8,Northend,Semi-Furnished,Yes,No,No,Yes,No,No,384467.49
4144,3,3,2,3,32,Rural,Semi-Furnished,Yes,No,Yes,Yes,Yes,No,507151.34
2630,6,2,2,3,34,Westside,Furnished,Yes,Yes,No,Yes,Yes,Yes,739760.46
857,6,3,3,3,39,Uptown,Semi-Furnished,No,No,No,Yes,No,Yes,534220.07
2922,5,2,1,1,49,Northend,Furnished,Yes,No,Yes,No,No,No,442465.7
4757,5,4,2,3,23,Rural,Furnished,Yes,Yes,No,Yes,No,No,569105.97
1997,1,2,2,1,23,Downtown,Furnished,Yes,No,No,Yes,Yes,No,631206.96
2658,4,3,1,1,49,Southend,Semi-Furnished,Yes,No,No,Yes,Yes,No,424295.89
3055,2,3,2,3,23,Lakeview,Semi-Furnished,No,No,No,Yes,Yes,Yes,998462.73
2842,4,1,3,3,18,Southend,Furnished,Yes,No,Yes,No,Yes,No,571393.91
3451,4,4,1,3,38,Rural,Semi-Furnished,Yes,No,Yes,Yes,No,No,418091.55
1738,4,2,3,1,24,Suburban,Unfurnished,Yes,No,No,No,Yes,No,411075.92
1473,1,4,1,2,30,Midtown,Furnished,Yes,No,No,Yes,Yes,No,462791.21
4465,1,3,1,1,37,Northend,Furnished,Yes,No,No,No,Yes,No,551478.69
1550,2,1,1,2,24,Westside,Unfurnished,Yes,No,No,Yes,Yes,No,324393.73
4201,4,3,2,3,26,Lakeview,Unfurnished,Yes,Yes,No,Yes,No,No,1185560.26
3280,1,3,1,1,31,Downtown,Furnished,No,Yes,No,No,Yes,No,819677.88
2088,2,3,1,3,10,Northend,Unfurnished,Yes,No,No,Yes,Yes,No,377430.42
4378,6,2,1,2,4,Uptown,Furnished,No,No,No,No,No,No,1068112.32
2868,2,3,3,2,43,Westside,Semi-Furnished,Yes,No,No,Yes,No,No,512206.31
936,4,4,1,1,32,Uptown,Unfurnished,Yes,No,Yes,Yes,Yes,Yes,522884.12
3328,3,4,2,1,18,Lakeview,Furnished,No,No,Yes,No,Yes,No,1021611.54
2056,4,1,1,1,42,Uptown,Furnished,Yes,Yes,No,No,No,Yes,609875.72
4358,3,4,1,1,46,Rural,Furnished,No,Yes,Yes,No,No,No,490304.44
1804,2,3,3,0,15,Midtown,Unfurnished,Yes,No,Yes,No,No,Yes,552298.02
2884,6,3,2,0,34,Uptown,Semi-Furnished,No,No,No,Yes,No,No,698612.06
682,6,4,2,3,10,Suburban,Semi-Furnished,Yes,No,Yes,Yes,Yes,No,431655.9
2089,1,1,2,2,10,Westside,Unfurnished,No,No,No,No,Yes,No,439675.33
2087,6,1,1,2,9,Suburban,Furnished,No,No,No,Yes,Yes,Yes,528442.95
1159,5,4,1,3,33,Midtown,Furnished,Yes,Yes,No,No,Yes,Yes,602191.38
659,2,2,2,3,4,Downtown,Furnished,Yes,No,No,Yes,No,Yes,567214.36
4453,1,2,2,3,22,Midtown,Unfurnished,Yes,Yes,No,Yes,No,Yes,947126.14
1511,6,2,3,0,24,Eastside,Unfurnished,Yes,Yes,No,Yes,No,No,373382.72
552,2,2,2,3,28,Northend,Furnished,Yes,No,Yes,Yes,No,No,226851.08
2807,4,4,1,2,39,Suburban,Furnished,Yes,No,No,Yes,No,No,472890.46
1728,6,1,1,3,12,Rural,Furnished,Yes,Yes,No,Yes,Yes,No,320312.23
1535,3,3,1,1,46,Downtown,Unfurnished,Yes,Yes,No,No,No,No,447028.05
4202,2,3,3,2,31,Eastside,Unfurnished,Yes,Yes,No,Yes,No,Yes,645998.33
4545,1,4,2,2,33,Midtown,Semi-Furnished,Yes,Yes,No,Yes,Yes,Yes,1052195.29
4949,4,3,1,2,11,Lakeview,Furnished,Yes,No,No,No,No,No,1304311.76
1764,5,2,3,0,23,Northend,Furnished,Yes,No,No,No,Yes,Yes,467166.99
2384,4,1,3,0,39,Uptown,Semi-Furnished,Yes,No,No,Yes,No,No,576977.12
2309,6,4,1,2,20,Southend,Furnished,Yes,Yes,No,No,Yes,No,570945.13
3667,3,1,3,1,28,Westside,Semi-Furnished,Yes,Yes,No,Yes,Yes,No,737632.03
4297,4,4,3,2,22,Lakeview,Unfurnished,Yes,No,No,No,Yes,Yes,1268218.14
2841,5,4,1,0,32,Suburban,Semi-Furnished,No,No,Yes,No,Yes,No,568889.34
3914,1,4,3,1,7,Downtown,Semi-Furnished,Yes,No,Yes,Yes,Yes,No,1098141.97
1317,2,4,1,2,41,Downtown,Unfurnished,Yes,Yes,Yes,No,Yes,No,532608.55
2937,3,1,1,0,12,Southend,Furnished,Yes,No,Yes,No,Yes,Yes,563402.83
1388,5,3,3,1,4,Downtown,Semi-Furnished,Yes,Yes,No,Yes,No,No,692638.84
1167,6,4,1,3,40,Rural,Semi-Furnished,Yes,Yes,No,Yes,No,Yes,290515.06
3124,6,2,1,3,9,Suburban,Furnished,No,Yes,No,No,Yes,No,630094.11
4732,6,4,2,2,13,Midtown,Semi-Furnished,Yes,No,No,No,Yes,No,1080573.48
1318,3,1,1,3,23,Downtown,Unfurnished,Yes,No,No,No,No,Yes,505598.08
2688,4,4,2,0,10,Downtown,Semi-Furnished,No,Yes,No,Yes,No,Yes,904629.61
1606,3,2,2,1,45,Midtown,Furnished,Yes,No,No,Yes,Yes,Yes,535077.62
2724,6,1,2,2,2,Midtown,Furnished,No,No,No,No,Yes,Yes,821351.21
697,5,4,2,1,28,Eastside,Semi-Furnished,No,Yes,No,No,Yes,Yes,308451.66
3171,2,2,3,1,47,Northend,Furnished,No,No,No,No,No,No,414304.08
3992,2,1,3,1,29,Northend,Furnished,No,No,Yes,No,Yes,Yes,619529.64
2948,3,4,1,0,48,Northend,Semi-Furnished,Yes,No,No,Yes,Yes,Yes,451189.67
970,6,2,1,2,36,Southend,Semi-Furnished,Yes,No,No,No,Yes,No,279659.85
2448,1,1,1,3,6,Downtown,Furnished,Yes,No,Yes,Yes,Yes,No,799166.78
4399,3,4,3,1,16,Southend,Semi-Furnished,No,Yes,No,Yes,No,Yes,782109.88
2510,6,1,2,1,19,Lakeview,Unfurnished,Yes,No,Yes,No,No,No,825376.13
4300,4,2,3,1,10,Northend,Semi-Furnished,Yes,Yes,No,Yes,No,No,652976.48
4618,2,4,3,0,43,Downtown,Furnished,Yes,No,Yes,Yes,Yes,No,1142455.59
4296,2,4,1,3,24,Eastside,Unfurnished,Yes,No,Yes,Yes,Yes,No,623321.29
4488,2,4,1,1,23,Southend,Furnished,Yes,No,No,No,No,No,663810.3
734,1,2,1,0,1,Midtown,Furnished,No,No,No,Yes,Yes,Yes,411835.28
1428,6,3,2,0,26,Southend,Unfurnished,Yes,No,Yes,Yes,No,Yes,435756.53
4107,6,4,2,1,18,Downtown,Semi-Furnished,Yes,No,Yes,Yes,No,No,1149014.08
1022,6,2,3,1,28,Southend,Furnished,Yes,No,No,Yes,No,No,323703.39
4023,6,1,2,0,36,Westside,Semi-Furnished,Yes,No,No,No,Yes,Yes,751428.19
2129,1,1,1,0,10,Midtown,Semi-Furnished,Yes,Yes,Yes,Yes,No,Yes,631335.17
1816,5,2,2,1,18,Uptown,Unfurnished,Yes,No,No,Yes,Yes,No,612265.39
3357,3,3,2,0,27,Eastside,Furnished,Yes,Yes,No,No,Yes,No,531387.81
1624,3,2,2,0,38,Lakeview,Unfurnished,Yes,No,No,No,No,No,491726.09
3087,6,1,2,1,20,Midtown,Unfurnished,Yes,No,No,Yes,No,No,701648.18
1523,4,1,1,1,25,Northend,Furnished,Yes,Yes,Yes,Yes,Yes,Yes,389305.71
1878,2,4,1,2,21,Rural,Furnished,Yes,No,No,Yes,No,Yes,346940.89
3874,1,3,3,3,5,Suburban,Unfurnished,Yes,No,Yes,No,Yes,Yes,751228.52
2019,4,2,3,1,10,Downtown,Unfurnished,Yes,No,No,Yes,No,No,674056.53
726,4,1,3,1,13,Westside,Unfurnished,Yes,No,No,Yes,No,No,313843.63
1391,6,1,2,1,35,Suburban,Furnished,Yes,No,No,Yes,No,No,387773.27
4572,1,1,2,3,39,Northend,Furnished,Yes,Yes,Yes,No,Yes,Yes,676229.41
2757,3,2,1,2,40,Lakeview,Unfurnished,Yes,No,No,No,No,No,681946.44
3288,2,2,3,0,1,Midtown,Furnished,Yes,No,No,No,Yes,No,817628.22
896,3,3,1,3,42,Southend,Furnished,Yes,No,No,No,No,No,218688.0
2578,4,4,3,1,19,Midtown,Furnished,No,Yes,Yes,No,Yes,No,824357.12
4924,2,4,3,1,21,Midtown,Semi-Furnished,Yes,No,No,No,No,No,957887.64
3737,5,4,3,2,38,Northend,Semi-Furnished,No,No,No,Yes,No,No,563171.31
4393,4,1,2,2,3,Northend,Unfurnished,Yes,No,Yes,No,Yes,No,675875.78
2505,3,4,3,2,28,Uptown,Semi-Furnished,Yes,No,No,No,No,No,729625.38
2516,3,1,3,0,45,Rural,Unfurnished,Yes,No,No,No,Yes,No,273145.09
3671,6,3,2,3,23,Suburban,Unfurnished,Yes,No,No,No,No,Yes,713498.08
3168,3,1,3,3,0,Southend,Furnished,Yes,No,No,No,No,No,583198.5
2378,1,3,2,2,23,Southend,Unfurnished,Yes,No,No,Yes,Yes,Yes,456839.8
1696,4,3,2,0,29,Uptown,Unfurnished,Yes,No,Yes,Yes,Yes,No,591985.07
2272,2,4,1,3,11,Northend,Unfurnished,Yes,No,No,Yes,No,No,387155.32
661,3,4,2,1,18,Eastside,Unfurnished,Yes,No,No,Yes,No,No,240409.73
4476,6,1,2,1,36,Rural,Furnished,Yes,No,No,No,No,No,522624.59
2251,6,2,2,1,39,Uptown,Furnished,No,No,No,No,Yes,Yes,743944.42
1275,3,4,3,3,42,Southend,Unfurnished,No,No,No,No,No,No,283278.44
1439,1,4,1,2,3,Midtown,Semi-Furnished,Yes,No,No,No,No,No,427805.85
3720,6,2,3,1,14,Rural,Semi-Furnished,No,Yes,No,Yes,Yes,No,503263.46
1039,2,2,2,2,19,Eastside,Unfurnished,No,No,No,No,No,No,237980.46
1961,4,4,2,0,43,Northend,Furnished,Yes,Yes,No,No,Yes,Yes,391421.14
855,5,2,1,1,19,Uptown,Unfurnished,No,No,No,Yes,No,No,345174.43
4104,1,1,1,0,20,Northend,Unfurnished,Yes,No,No,Yes,Yes,No,497130.34
3823,6,3,2,2,9,Uptown,Furnished,Yes,No,No,Yes,No,Yes,1113197.85
734,4,3,2,3,29,Southend,Semi-Furnished,Yes,No,No,No,Yes,No,273251.17
2048,5,4,3,2,23,Eastside,Unfurnished,Yes,Yes,Yes,Yes,Yes,No,498372.84
2596,3,4,2,1,47,Uptown,Furnished,No,No,No,Yes,No,No,621758.48
4713,3,1,3,1,39,Southend,Furnished,Yes,Yes,Yes,Yes,Yes,No,773881.78
2601,2,2,1,2,39,Uptown,Unfurnished,Yes,No,No,No,No,Yes,628897.91
2173,5,4,3,1,37,Northend,Furnished,No,Yes,No,No,No,No,487800.99
2600,3,3,2,1,2,Midtown,Unfurnished,No,No,No,No,Yes,No,641563.61
4157,3,1,3,0,28,Southend,Semi-Furnished,Yes,No,No,Yes,Yes,Yes,680321.16
4096,6,1,3,3,7,Westside,Unfurnished,No,No,No,Yes,No,No,828699.65
4248,2,2,1,2,28,Westside,Semi-Furnished,Yes,Yes,Yes,Yes,No,No,735595.45
3673,4,4,3,0,9,Rural,Furnished,Yes,Yes,Yes,Yes,No,No,587491.8
2315,3,4,2,1,4,Rural,Unfurnished,Yes,No,No,Yes,Yes,No,345534.55
4341,1,1,3,0,10,Midtown,Furnished,Yes,No,No,Yes,No,No,883147.41
2505,1,3,3,3,3,Downtown,Unfurnished,Yes,No,Yes,Yes,Yes,No,849544.84
4993,4,4,3,2,48,Westside,Furnished,Yes,Yes,No,Yes,No,No,915391.18
1174,5,3,2,3,34,Downtown,Semi-Furnished,Yes,No,Yes,Yes,Yes,No,578374.99
886,2,1,3,3,49,Midtown,Unfurnished,Yes,No,No,Yes,No,No,266677.2
2658,6,4,2,0,39,Eastside,Furnished,No,No,No,No,Yes,No,489635.87
3161,1,3,3,0,11,Westside,Unfurnished,No,No,Yes,No,Yes,No,598891.07
2564,1,1,1,3,20,Northend,Unfurnished,Yes,No,No,Yes,Yes,No,386833.98
4351,4,3,1,1,15,Midtown,Semi-Furnished,Yes,Yes,No,No,No,No,933242.29
3753,5,4,1,2,13,Southend,Furnished,Yes,Yes,No,No,No,Yes,781698.42
4766,5,2,2,1,20,Lakeview,Unfurnished,Yes,No,No,Yes,No,Yes,1320098.87
1239,4,3,2,1,47,Northend,Unfurnished,Yes,No,No,No,No,No,200216.61
1901,1,2,2,2,26,Uptown,Unfurnished,No,No,Yes,Yes,No,Yes,573044.47
3759,2,4,3,0,35,Westside,Unfurnished,Yes,Yes,No,Yes,Yes,No,720867.77
2777,1,2,2,1,0,Uptown,Unfurnished,No,No,Yes,Yes,Yes,No,686210.62
4404,5,1,2,0,0,Westside,Furnished,Yes,No,No,Yes,No,No,829192.76
4423,6,2,2,2,21,Downtown,Unfurnished,Yes,No,No,No,Yes,No,1112015.97
4714,1,3,2,1,14,Midtown,Unfurnished,Yes,Yes,No,Yes,Yes,Yes,1020690.47
3727,2,3,1,0,19,Southend,Unfurnished,Yes,Yes,No,No,No,No,556281.66
3331,3,2,3,0,2,Midtown,Furnished,Yes,No,Yes,No,Yes,No,875302.21
4258,1,1,1,1,13,Suburban,Unfurnished,Yes,Yes,No,No,Yes,No,635200.72
3012,4,4,3,2,8,Westside,Unfurnished,Yes,No,No,No,No,No,686234.51
2651,3,2,3,3,18,Suburban,Semi-Furnished,No,Yes,No,Yes,No,No,563040.41
4175,4,3,1,0,39,Rural,Semi-Furnished,Yes,No,No,No,Yes,Yes,502444.86
3245,4,3,2,2,33,Eastside,Unfurnished,Yes,No,Yes,Yes,No,No,526590.13
4366,4,2,1,1,3,Midtown,Unfurnished,Yes,No,No,No,Yes,No,938635.7
4264,1,2,3,0,32,Downtown,Semi-Furnished,Yes,No,No,No,Yes,Yes,1086817.55
2722,5,2,3,0,42,Southend,Furnished,Yes,No,Yes,Yes,No,No,495725.26
3292,3,4,2,0,36,Westside,Furnished,No,No,No,No,No,No,580129.62
2197,2,3,1,2,1,Southend,Semi-Furnished,Yes,No,Yes,Yes,Yes,No,509036.34
3962,5,3,3,0,26,Rural,Unfurnished,Yes,Yes,No,Yes,Yes,Yes,545876.33
4563,1,3,1,0,44,Uptown,Semi-Furnished,Yes,No,No,No,No,Yes,920288.63
2024,4,4,2,1,16,Southend,Furnished,Yes,Yes,Yes,Yes,No,No,520957.16
532,2,1,2,0,48,Westside,Semi-Furnished,Yes,No,No,No,No,No,125655.43
4525,3,3,3,2,49,Suburban,Furnished,No,No,No,Yes,No,No,714074.62
3066,5,3,2,1,30,Downtown,Unfurnished,Yes,No,No,No,Yes,No,817305.09
3303,6,1,3,3,40,Southend,Unfurnished,Yes,No,No,No,Yes,Yes,641782.0
4396,5,4,3,1,5,Downtown,Unfurnished,Yes,No,Yes,No,Yes,No,1244633.24
4209,2,1,2,0,30,Uptown,Furnished,Yes,No,No,No,Yes,No,913199.7
1219,1,1,2,3,2,Downtown,Semi-Furnished,Yes,No,Yes,No,Yes,No,555743.07
1472,3,1,1,1,39,Uptown,Unfurnished,Yes,No,No,Yes,Yes,No,399027.53
4218,2,1,1,0,2,Uptown,Furnished,Yes,No,No,Yes,Yes,No,995933.22
4902,4,4,3,1,32,Eastside,Unfurnished,Yes,No,No,Yes,No,Yes,739007.48
2707,3,4,1,2,12,Eastside,Semi-Furnished,Yes,No,No,Yes,Yes,Yes,578396.87
4926,5,1,3,0,20,Lakeview,Unfurnished,No,No,No,No,No,Yes,1273870.25
4820,2,2,2,2,36,Downtown,Furnished,Yes,No,No,Yes,Yes,No,1144136.08
3530,5,2,2,0,15,Southend,Furnished,Yes,No,No,Yes,No,No,622112.03
4075,5,2,1,2,20,Downtown,Unfurnished,Yes,Yes,No,Yes,Yes,No,1015022.84
3616,5,2,3,3,47,Uptown,Unfurnished,Yes,No,No,Yes,Yes,Yes,964154.05
3785,1,3,3,2,43,Eastside,Furnished,Yes,No,No,Yes,Yes,No,618231.54
1143,5,4,1,1,12,Northend,Unfurnished,Yes,No,Yes,Yes,Yes,No,340631.26
694,4,4,3,0,3,Suburban,Unfurnished,Yes,No,No,Yes,Yes,No,348038.55
4496,4,1,3,1,30,Downtown,Unfurnished,Yes,No,No,No,No,Yes,1110056.07
988,3,3,2,2,8,Midtown,Semi-Furnished,Yes,Yes,No,Yes,No,Yes,517419.15
2704,6,1,3,0,47,Midtown,Semi-Furnished,Yes,No,No,Yes,No,No,634606.45
3157,5,1,3,2,32,Lakeview,Semi-Furnished,Yes,No,No,No,No,No,911228.82
3776,5,4,3,3,36,Westside,Unfurnished,Yes,No,Yes,Yes,No,No,785086.01
1602,2,3,1,3,36,Downtown,Furnished,Yes,No,No,No,No,Yes,595219.27
1741,1,2,1,3,23,Downtown,Unfurnished,Yes,No,No,No,Yes,Yes,591284.33
1015,6,4,1,2,24,Rural,Unfurnished,Yes,No,No,No,Yes,No,227930.06
892,3,3,3,2,40,Uptown,Semi-Furnished,Yes,No,Yes,No,Yes,No,475143.56
1130,6,3,3,3,28,Westside,Furnished,Yes,No,Yes,Yes,Yes,Yes,590698.41
4216,5,4,1,2,39,Uptown,Semi-Furnished,Yes,No,No,Yes,No,No,966422.75
2347,2,4,1,1,49,Uptown,Furnished,No,No,Yes,Yes,No,No,597499.28
3155,1,1,3,2,46,Southend,Unfurnished,Yes,No,No,Yes,Yes,No,451275.53
1479,3,1,3,1,35,Suburban,Unfurnished,Yes,Yes,No,Yes,Yes,No,366610.61
3902,6,1,2,3,14,Downtown,Unfurnished,No,No,No,Yes,Yes,Yes,1113202.05
4371,3,2,1,2,44,Westside,Furnished,Yes,Yes,Yes,No,Yes,No,788840.98
777,5,4,3,3,17,Southend,Semi-Furnished,Yes,No,No,Yes,Yes,Yes,409038.52
732,3,3,1,0,19,Eastside,Semi-Furnished,Yes,No,No,Yes,Yes,No,242044.87
2052,2,4,1,2,4,Northend,Semi-Furnished,No,No,No,Yes,Yes,No,390004.12
3770,3,3,1,2,17,Uptown,Furnished,Yes,Yes,Yes,No,No,No,1007254.12
2909,4,2,2,3,39,Lakeview,Furnished,Yes,Yes,No,No,Yes,No,908846.32
4012,2,4,3,3,0,Midtown,Unfurnished,Yes,No,No,Yes,Yes,No,977531.51
525,6,3,3,3,18,Westside,Semi-Furnished,Yes,No,No,No,No,Yes,395678.18
960,1,3,1,0,22,Rural,Furnished,Yes,No,No,Yes,No,No,159093.28
4264,1,1,3,0,25,Downtown,Semi-Furnished,Yes,Yes,No,Yes,No,No,965607.18
3931,5,2,2,3,48,Midtown,Semi-Furnished,Yes,No,No,Yes,No,Yes,918232.97
3983,5,4,1,2,28,Southend,Furnished,Yes,No,No,Yes,Yes,No,703111.4
2494,4,1,2,2,33,Midtown,Furnished,No,No,No,No,Yes,Yes,629045.3
990,6,2,2,3,18,Downtown,Unfurnished,Yes,Yes,No,Yes,Yes,Yes,658453.72
1572,1,1,3,1,47,Midtown,Unfurnished,Yes,No,No,No,No,No,324900.06
3673,1,4,3,0,17,Eastside,Unfurnished,Yes,No,Yes,No,Yes,No,586174.21
715,1,3,2,0,1,Rural,Semi-Furnished,Yes,No,No,No,Yes,Yes,232751.59
2223,1,4,3,1,26,Lakeview,Semi-Furnished,No,Yes,Yes,Yes,No,Yes,847976.16
2092,3,2,2,3,5,Westside,Unfurnished,Yes,No,Yes,Yes,Yes,Yes,589541.72
3106,6,4,2,2,38,Downtown,Semi-Furnished,Yes,No,No,Yes,Yes,No,901490.46
658,2,2,1,2,5,Midtown,Semi-Furnished,Yes,No,No,Yes,Yes,No,348148.44
3813,2,1,2,0,5,Rural,Semi-Furnished,Yes,Yes,Yes,No,Yes,No,474986.52
3341,4,2,2,1,30,Downtown,Semi-Furnished,Yes,Yes,No,Yes,Yes,Yes,1013537.15
2276,3,3,3,2,40,Rural,Furnished,Yes,No,No,No,Yes,Yes,405079.93
2552,1,3,1,0,39,Midtown,Furnished,Yes,Yes,No,Yes,No,Yes,620335.74
2795,1,3,3,2,29,Uptown,Unfurnished,Yes,Yes,No,Yes,Yes,No,753155.09
2196,5,1,1,2,20,Westside,Unfurnished,Yes,No,Yes,No,Yes,No,472628.8
3493,5,2,3,2,40,Suburban,Semi-Furnished,No,Yes,Yes,No,Yes,No,629006.73
2969,4,1,2,0,43,Suburban,Semi-Furnished,Yes,No,No,Yes,Yes,No,500556.2
2446,1,4,1,1,17,Westside,Furnished,Yes,No,No,No,Yes,No,541253.62
4309,4,4,1,3,22,Uptown,Semi-Furnished,Yes,No,No,Yes,Yes,No,1054896.25
3283,3,4,1,1,37,Downtown,Semi-Furnished,Yes,No,No,No,No,No,782103.8
4144,2,4,1,2,22,Rural,Unfurnished,No,No,No,Yes,Yes,No,482523.02
3000,1,3,3,1,27,Uptown,Semi-Furnished,Yes,No,No,Yes,No,No,718915.08
4145,6,2,3,2,35,Suburban,Furnished,Yes,No,Yes,No,No,No,749031.1
3145,3,3,1,0,24,Downtown,Semi-Furnished,No,Yes,No,No,No,No,793896.52
2849,1,2,1,0,6,Southend,Semi-Furnished,No,No,Yes,Yes,No,No,483258.66
2432,6,2,1,0,17,Uptown,Semi-Furnished,Yes,No,No,No,No,Yes,715135.3
3794,5,1,3,2,19,Suburban,Semi-Furnished,Yes,Yes,Yes,Yes,No,No,712542.43
2257,4,4,1,1,4,Lakeview,Semi-Furnished,Yes,No,No,No,No,No,794037.5
1616,5,2,1,3,17,Midtown,Furnished,Yes,Yes,No,No,No,No,562380.23
3067,2,4,1,3,41,Rural,Unfurnished,Yes,No,No,Yes,No,Yes,391677.51
3999,5,4,3,0,39,Eastside,Semi-Furnished,Yes,No,No,No,Yes,No,596220.39
992,1,4,2,3,32,Downtown,Unfurnished,No,No,No,Yes,Yes,No,394523.18
3806,6,3,2,2,14,Lakeview,Unfurnished,Yes,No,No,Yes,No,No,1125926.98
1119,5,4,3,1,34,Midtown,Furnished,Yes,Yes,Yes,Yes,No,No,581311.16
3732,1,2,2,3,46,Eastside,Unfurnished,Yes,No,No,No,Yes,No,484121.28
4323,2,3,1,3,45,Lakeview,Semi-Furnished,Yes,Yes,No,No,No,Yes,1085598.07
2880,6,4,1,1,0,Uptown,Semi-Furnished,Yes,No,No,Yes,Yes,Yes,963578.37
2046,5,1,3,3,20,Midtown,Semi-Furnished,Yes,Yes,No,Yes,No,No,657723.48
4063,4,4,3,1,7,Midtown,Semi-Furnished,No,Yes,Yes,Yes,Yes,No,1055178.6
2105,4,4,2,2,6,Suburban,Furnished,Yes,No,No,Yes,No,No,500062.4
4252,6,3,2,2,40,Northend,Unfurnished,Yes,Yes,No,Yes,No,No,606591.81
2390,4,2,1,2,49,Midtown,Furnished,Yes,No,No,Yes,Yes,Yes,649163.95
1775,5,4,3,0,43,Suburban,Unfurnished,No,No,No,Yes,Yes,No,421165.21
3243,5,3,2,2,39,Southend,Furnished,Yes,No,No,Yes,No,No,591477.46
2993,6,3,2,3,39,Lakeview,Furnished,No,Yes,No,No,Yes,Yes,1080977.17
856,5,2,1,0,29,Eastside,Furnished,Yes,No,No,Yes,No,Yes,300509.32
1369,1,3,1,0,37,Rural,Semi-Furnished,Yes,No,No,No,No,Yes,190016.17
1385,2,2,1,0,34,Eastside,Semi-Furnished,Yes,Yes,No,Yes,Yes,No,276435.11
2501,4,1,1,2,1,Downtown,Furnished,Yes,No,Yes,Yes,Yes,Yes,912493.67
1783,1,4,2,0,45,Downtown,Unfurnished,Yes,No,No,No,Yes,Yes,540804.41
1119,6,3,3,2,7,Midtown,Unfurnished,No,Yes,Yes,Yes,No,No,556686.34
1382,4,1,3,2,37,Midtown,Semi-Furnished,Yes,No,No,No,Yes,Yes,518305.04
1296,1,3,1,0,3,Midtown,Furnished,Yes,No,No,Yes,Yes,No,460535.82
4142,5,3,1,0,36,Southend,Semi-Furnished,Yes,No,No,Yes,Yes,No,618489.13
3925,6,1,2,3,20,Westside,Semi-Furnished,Yes,Yes,No,No,No,No,795554.98
1796,6,3,1,0,12,Rural,Semi-Furnished,Yes,No,No,No,No,Yes,305297.4
744,4,3,3,2,8,Westside,Furnished,Yes,Yes,No,No,No,No,469883.94
3395,5,1,1,3,44,Suburban,Furnished,Yes,Yes,No,Yes,No,Yes,671220.68
1429,4,3,3,3,28,Suburban,Semi-Furnished,Yes,No,No,Yes,Yes,Yes,442499.25
1019,3,2,1,2,40,Eastside,Furnished,Yes,Yes,Yes,No,Yes,No,303571.92
3712,1,3,1,0,23,Rural,Unfurnished,Yes,No,No,Yes,No,No,378684.87
2909,3,4,3,0,15,Eastside,Unfurnished,Yes,Yes,No,Yes,No,No,512093.76
507,1,3,2,1,11,Rural,Semi-Furnished,Yes,Yes,No,No,No,No,165605.2
3025,2,4,2,0,1,Suburban,Unfurnished,Yes,Yes,No,No,Yes,No,607466.93
3923,6,4,1,1,18,Midtown,Semi-Furnished,Yes,No,Yes,No,Yes,Yes,1008414.05
2519,4,3,1,3,29,Midtown,Semi-Furnished,No,No,No,No,No,No,620694.4
4782,2,1,3,3,15,Rural,Semi-Furnished,Yes,No,No,No,No,No,564148.41
4167,2,2,3,3,23,Southend,Furnished,Yes,No,No,Yes,Yes,No,679101.8
4171,6,2,1,1,12,Westside,Furnished,Yes,Yes,No,Yes,No,Yes,908637.63
3301,6,3,3,2,4,Uptown,Furnished,Yes,Yes,Yes,No,Yes,No,1098259.56
585,1,1,2,2,22,Westside,Furnished,Yes,No,No,Yes,No,No,212357.06
3615,3,1,2,3,37,Northend,Semi-Furnished,Yes,Yes,No,Yes,No,No,549746.31
4732,5,2,3,1,30,Uptown,Furnished,Yes,Yes,No,No,Yes,Yes,1218239.7
2968,1,1,3,1,16,Midtown,Unfurnished,No,Yes,No,No,Yes,No,673643.48
4119,5,3,3,3,48,Eastside,Unfurnished,Yes,No,Yes,No,Yes,Yes,716138.29
2136,2,3,2,0,48,Uptown,Furnished,Yes,No,No,Yes,Yes,Yes,647432.52
4083,5,1,1,3,2,Midtown,Unfurnished,No,No,Yes,No,No,No,909835.24
4509,3,3,3,1,25,Uptown,Unfurnished,Yes,No,No,No,No,No,1005987.76
3826,1,4,3,0,12,Midtown,Furnished,No,No,Yes,No,Yes,No,930740.3
2718,6,2,3,2,43,Northend,Semi-Furnished,No,No,Yes,Yes,Yes,No,480404.85
2717,3,3,1,0,37,Northend,Semi-Furnished,No,Yes,Yes,Yes,No,No,401019.9
2869,3,1,3,2,21,Downtown,Semi-Furnished,Yes,Yes,No,Yes,No,No,845828.59
4138,1,2,3,1,20,Rural,Furnished,Yes,No,No,No,Yes,Yes,502100.54
3003,6,3,2,3,28,Midtown,Semi-Furnished,No,Yes,No,No,No,No,795035.74
1443,3,2,3,3,44,Suburban,Semi-Furnished,No,Yes,Yes,No,Yes,Yes,421460.51
3337,6,1,2,3,45,Uptown,Unfurnished,No,Yes,No,Yes,Yes,No,808063.96
3160,4,4,1,3,38,Northend,Semi-Furnished,No,Yes,No,No,Yes,No,509771.2
3436,4,4,3,3,4,Suburban,Furnished,Yes,Yes,No,No,Yes,Yes,802627.06
4944,4,3,3,1,13,Southend,Semi-Furnished,Yes,No,No,No,Yes,No,805125.65
4447,5,4,2,1,17,Eastside,Unfurnished,Yes,Yes,No,No,Yes,No,718000.5
2176,3,3,1,3,3,Westside,Unfurnished,Yes,No,No,No,Yes,Yes,559264.26
1696,1,2,1,0,32,Northend,Unfurnished,Yes,No,No,Yes,Yes,Yes,282281.71
4605,1,3,2,3,38,Suburban,Unfurnished,Yes,No,No,No,Yes,Yes,762004.41
3287,5,3,1,2,19,Uptown,Semi-Furnished,Yes,No,No,Yes,Yes,No,884525.12
1961,1,3,1,2,12,Midtown,Unfurnished,Yes,No,No,Yes,No,Yes,548341.73
3818,4,4,1,2,35,Northend,Unfurnished,No,Yes,No,No,No,Yes,567596.42
1166,3,3,1,2,44,Downtown,Unfurnished,Yes,No,No,Yes,No,Yes,443174.34
2676,1,1,1,3,3,Rural,Semi-Furnished,Yes,No,No,Yes,Yes,Yes,407382.0
4243,1,3,1,2,34,Lakeview,Furnished,Yes,No,No,No,No,No,1022905.12
1100,2,2,1,0,7,Northend,Unfurnished,No,No,No,No,Yes,Yes,263073.8
3152,2,1,1,3,39,Uptown,Unfurnished,Yes,No,No,No,Yes,Yes,716377.88
4922,2,2,3,2,48,Midtown,Unfurnished,Yes,No,No,No,No,No,914702.06
4324,3,2,2,3,46,Westside,Semi-Furnished,Yes,No,No,No,No,No,709145.08
4406,4,2,1,3,35,Uptown,Semi-Furnished,Yes,No,No,No,Yes,Yes,1066439.5
1479,6,1,2,3,5,Rural,Unfurnished,Yes,No,No,Yes,No,No,254975.15
2951,4,1,1,1,21,Uptown,Furnished,Yes,No,No,Yes,No,Yes,800504.27
1128,4,4,1,2,5,Midtown,Unfurnished,No,Yes,No,Yes,No,No,478278.03
2129,3,1,3,1,41,Downtown,Furnished,Yes,No,No,Yes,Yes,No,653060.25
4196,3,3,2,0,35,Downtown,Furnished,Yes,No,No,No,No,Yes,1051896.75
3930,2,2,2,0,8,Eastside,Semi-Furnished,Yes,Yes,Yes,Yes,No,No,652556.59
4174,1,4,3,1,15,Midtown,Semi-Furnished,Yes,No,No,No,No,Yes,979740.12
4429,5,1,3,2,38,Downtown,Semi-Furnished,Yes,No,No,No,Yes,No,1075911.34
3265,5,2,2,3,45,Westside,Furnished,Yes,No,No,Yes,Yes,No,663371.76
4869,6,1,1,0,37,Downtown,Furnished,No,No,Yes,Yes,Yes,Yes,1229127.43
615,1,4,1,0,32,Northend,Furnished,Yes,No,No,No,No,No,163186.93
2503,6,1,2,0,17,Southend,Semi-Furnished,No,No,No,No,No,Yes,497843.67
1192,2,1,1,2,11,Rural,Semi-Furnished,No,Yes,No,Yes,Yes,No,220708.88
3662,6,2,3,1,26,Eastside,Semi-Furnished,Yes,Yes,No,No,No,Yes,672460.64
1605,1,3,3,1,46,Uptown,Unfurnished,Yes,No,No,Yes,No,Yes,499873.13
3508,1,1,3,2,0,Rural,Furnished,Yes,No,No,Yes,No,No,473323.37
2661,5,4,2,0,14,Uptown,Furnished,Yes,No,No,No,Yes,Yes,888747.88
653,2,1,2,2,46,Lakeview,Unfurnished,Yes,Yes,Yes,Yes,Yes,No,348701.83
4199,3,1,2,2,26,Eastside,Furnished,Yes,Yes,No,No,No,No,629096.86
4910,6,3,1,1,15,Eastside,Furnished,No,No,No,No,No,Yes,785125.28
4286,5,2,2,2,20,Southend,Unfurnished,Yes,No,No,No,No,Yes,713457.42
1564,6,4,2,2,0,Northend,Furnished,Yes,No,Yes,Yes,No,No,468002.1
4700,6,2,3,0,28,Midtown,Semi-Furnished,Yes,No,Yes,No,Yes,No,1084301.51
2413,3,2,1,3,2,Uptown,Unfurnished,No,Yes,No,Yes,Yes,No,684767.02
1716,2,2,1,0,11,Uptown,Furnished,Yes,Yes,No,Yes,Yes,No,598534.47
2901,1,1,3,1,27,Lakeview,Semi-Furnished,Yes,No,No,Yes,No,No,785702.64
2272,4,3,1,3,38,Suburban,Furnished,Yes,Yes,No,Yes,Yes,Yes,585663.59
2460,6,1,2,0,36,Eastside,Unfurnished,Yes,Yes,No,No,Yes,No,415665.8
3280,4,4,1,2,30,Eastside,Semi-Furnished,No,Yes,No,Yes,Yes,No,569391.72
3371,2,3,3,2,30,Southend,Furnished,Yes,No,No,Yes,Yes,No,592562.35
1160,4,2,1,3,32,Southend,Unfurnished,Yes,Yes,Yes,No,Yes,Yes,383340.83
3135,6,3,3,3,32,Midtown,Furnished,Yes,No,No,No,No,Yes,888711.71
2829,3,4,2,2,46,Uptown,Furnished,No,No,Yes,No,No,No,763130.3
4454,4,1,2,1,39,Eastside,Semi-Furnished,Yes,Yes,No,No,No,No,601728.3
2950,2,1,3,0,10,Lakeview,Furnished,Yes,No,No,Yes,Yes,No,919044.97
1632,2,2,2,2,45,Eastside,Unfurnished,Yes,Yes,No,Yes,Yes,Yes,374092.73
1199,3,1,2,0,28,Lakeview,Unfurnished,Yes,Yes,No,Yes,No,Yes,576344.75
2538,4,1,1,0,24,Northend,Semi-Furnished,Yes,No,No,No,No,No,348945.65
2679,4,4,2,0,12,Northend,Semi-Furnished,Yes,No,No,No,No,No,471099.87
3338,1,3,3,0,43,Suburban,Furnished,Yes,No,No,Yes,No,Yes,585309.51
1373,5,1,2,1,18,Southend,Unfurnished,Yes,Yes,No,No,Yes,No,375433.44
583,2,4,1,1,35,Midtown,Semi-Furnished,No,Yes,No,Yes,No,Yes,328546.0
1922,1,4,3,1,27,Downtown,Furnished,Yes,No,No,No,No,Yes,722801.56
3175,2,2,2,2,3,Downtown,Furnished,Yes,Yes,No,No,No,No,921826.02
3680,1,4,2,2,2,Uptown,Unfurnished,Yes,No,No,Yes,Yes,Yes,1007287.86
4816,5,2,2,2,37,Eastside,Unfurnished,Yes,Yes,No,No,Yes,No,694678.56
4475,1,1,3,1,36,Uptown,Furnished,Yes,No,No,No,Yes,Yes,1004547.76
1891,2,2,1,0,42,Rural,Unfurnished,No,No,No,Yes,Yes,No,212812.6
3718,4,4,3,1,24,Eastside,Furnished,Yes,No,No,Yes,No,No,601185.38
4707,2,3,3,2,40,Downtown,Furnished,Yes,No,No,Yes,No,No,1112243.63
1114,6,3,1,3,34,Downtown,Unfurnished,Yes,Yes,No,Yes,Yes,No,596819.52
3471,3,1,3,2,28,Suburban,Semi-Furnished,Yes,No,No,Yes,Yes,No,618984.94
4065,3,1,3,0,40,Downtown,Furnished,Yes,No,Yes,Yes,Yes,No,1036110.87
4076,6,3,2,1,28,Southend,Unfurnished,No,Yes,No,Yes,No,No,634509.02
770,3,2,3,3,11,Midtown,Furnished,No,Yes,No,Yes,No,Yes,488077.22
4566,3,1,2,3,34,Eastside,Furnished,No,Yes,No,No,No,No,633360.25
2968,5,4,3,0,19,Uptown,Furnished,Yes,Yes,Yes,Yes,Yes,No,955902.53
1890,4,1,2,1,16,Eastside,Unfurnished,No,No,Yes,Yes,No,Yes,392353.88
3854,4,2,2,3,11,Eastside,Unfurnished,Yes,No,No,Yes,Yes,No,606764.91
4635,2,1,2,2,49,Downtown,Unfurnished,No,No,No,Yes,Yes,No,930327.79
4107,6,4,1,0,35,Downtown,Semi-Furnished,Yes,No,No,No,No,No,991170.38
3083,1,4,3,3,9,Rural,Furnished,Yes,No,No,Yes,No,No,397284.06
4573,2,4,3,0,17,Lakeview,Semi-Furnished,No,No,Yes,No,No,No,1207394.53
3575,2,2,3,1,29,Suburban,Furnished,Yes,No,No,Yes,Yes,No,609299.28
4406,2,2,1,1,7,Eastside,Unfurnished,No,No,Yes,No,No,Yes,651642.33
789,2,4,2,1,40,Rural,Furnished,Yes,Yes,Yes,No,Yes,Yes,268406.4
2980,4,4,3,2,12,Eastside,Furnished,No,No,Yes,Yes,Yes,No,582264.6
3752,1,2,1,3,30,Southend,Furnished,Yes,No,No,No,No,No,530219.41
778,2,2,1,1,5,Downtown,Semi-Furnished,Yes,No,No,Yes,Yes,No,428469.23
3424,4,2,3,2,6,Rural,Unfurnished,Yes,No,No,Yes,No,No,426971.14
1080,2,3,2,1,20,Westside,Unfurnished,Yes,No,No,No,Yes,No,305260.98
753,3,2,1,1,37,Southend,Furnished,Yes,No,No,Yes,Yes,No,227046.82
4776,2,4,3,3,42,Uptown,Unfurnished,Yes,Yes,Yes,No,Yes,No,1139720.72
1324,6,3,2,2,48,Rural,Semi-Furnished,Yes,Yes,No,Yes,No,No,292411.35
4332,6,2,1,1,27,Northend,Semi-Furnished,Yes,No,Yes,No,Yes,No,613613.14
1199,2,4,1,2,43,Uptown,Unfurnished,Yes,No,No,No,No,No,316033.07
1880,5,1,3,2,20,Westside,Semi-Furnished,Yes,Yes,Yes,No,No,No,511594.83
4396,3,3,3,1,20,Suburban,Semi-Furnished,Yes,No,Yes,Yes,No,No,775349.31
2173,1,4,2,1,23,Midtown,Unfurnished,Yes,No,Yes,Yes,No,No,574552.66
3227,2,1,3,0,26,Downtown,Unfurnished,No,No,No,No,Yes,No,784330.61
3656,1,4,3,3,26,Midtown,Furnished,Yes,No,No,No,Yes,Yes,970750.64
3888,3,2,2,1,12,Downtown,Furnished,Yes,No,No,Yes,Yes,No,1042602.35
4807,2,2,3,0,49,Midtown,Semi-Furnished,Yes,No,No,Yes,No,Yes,932574.83
883,5,1,2,3,28,Suburban,Unfurnished,Yes,No,Yes,Yes,No,No,330889.74
841,4,2,2,1,38,Westside,Semi-Furnished,Yes,No,Yes,Yes,No,Yes,348720.82
2487,5,4,2,2,27,Westside,Unfurnished,Yes,No,No,Yes,Yes,Yes,601514.93
4559,5,1,3,3,36,Northend,Semi-Furnished,Yes,No,No,Yes,No,No,664478.48
3609,4,4,2,2,28,Southend,Semi-Furnished,No,No,No,Yes,Yes,Yes,611893.99
4582,4,4,3,0,47,Northend,Semi-Furnished,No,No,No,No,Yes,No,628299.68
3298,6,4,2,1,21,Downtown,Furnished,No,No,No,No,No,No,955587.01
3740,4,2,3,0,35,Rural,Unfurnished,Yes,Yes,No,Yes,No,No,425952.64
2488,2,2,2,1,29,Westside,Semi-Furnished,Yes,No,No,Yes,No,No,494840.82
3914,1,4,1,1,27,Downtown,Furnished,Yes,No,No,No,Yes,No,960702.52
2349,6,3,1,2,22,Northend,Semi-Furnished,Yes,Yes,No,Yes,Yes,Yes,489339.27
805,6,4,1,0,32,Westside,Semi-Furnished,Yes,No,No,Yes,Yes,No,327769.18
4113,1,4,2,2,3,Downtown,Unfurnished,Yes,Yes,No,No,Yes,No,1133686.69
3249,6,1,3,2,2,Lakeview,Semi-Furnished,Yes,Yes,No,Yes,Yes,Yes,1229048.19
1635,4,4,2,2,31,Suburban,Unfurnished,Yes,No,No,Yes,No,No,420450.09
705,5,2,2,0,3,Westside,Furnished,Yes,No,No,No,Yes,No,372559.97
3950,3,1,2,1,0,Lakeview,Furnished,Yes,Yes,Yes,Yes,No,No,1187354.64
4311,4,3,2,1,11,Northend,Semi-Furnished,Yes,No,No,Yes,Yes,Yes,693781.31
4122,5,1,3,0,12,Uptown,Furnished,Yes,Yes,Yes,Yes,Yes,No,1119616.7
4099,5,3,2,1,33,Downtown,Unfurnished,Yes,No,No,Yes,Yes,Yes,1100727.51
3051,6,1,1,0,28,Lakeview,Unfurnished,Yes,Yes,No,No,No,No,816989.59
4808,2,1,1,0,8,Suburban,Furnished,Yes,Yes,No,No,Yes,No,770602.58
809,2,3,1,1,30,Midtown,Unfurnished,Yes,Yes,No,No,No,No,264380.53
3208,6,2,2,3,6,Midtown,Unfurnished,Yes,No,No,No,Yes,No,830570.2
2491,6,2,3,2,12,Eastside,Semi-Furnished,Yes,No,Yes,Yes,Yes,No,562057.34
771,1,2,3,0,1,Suburban,Semi-Furnished,Yes,No,No,Yes,Yes,No,310110.77
4142,1,1,3,0,32,Eastside,Unfurnished,Yes,No,No,Yes,Yes,No,564135.19
4586,3,4,2,3,49,Eastside,Furnished,Yes,No,No,Yes,No,Yes,687487.59
2322,3,1,3,0,6,Eastside,Unfurnished,Yes,No,Yes,Yes,Yes,No,453554.95
3773,3,4,1,0,17,Rural,Semi-Furnished,Yes,No,No,No,Yes,Yes,458197.74
4849,3,4,3,1,7,Westside,Furnished,Yes,No,No,Yes,No,Yes,998788.49
1020,5,2,2,1,11,Westside,Unfurnished,Yes,No,Yes,Yes,No,No,434164.19
1476,5,4,2,3,42,Midtown,Furnished,Yes,Yes,No,No,Yes,Yes,628701.01
4222,1,1,3,0,29,Downtown,Furnished,Yes,No,No,Yes,No,Yes,1040465.46
4051,2,1,2,2,8,Southend,Furnished,Yes,No,No,No,Yes,No,615174.15
4605,6,2,3,1,27,Suburban,Unfurnished,Yes,No,No,Yes,No,No,744661.93
3273,2,3,3,2,3,Southend,Semi-Furnished,Yes,No,Yes,Yes,No,No,640027.34
3052,4,1,1,2,38,Northend,Furnished,Yes,No,No,No,No,No,437615.52
3332,5,4,2,3,16,Downtown,Furnished,Yes,Yes,Yes,No,Yes,No,1129849.49
4407,3,1,1,3,10,Eastside,Unfurnished,Yes,No,No,Yes,No,No,656400.94
652,3,1,2,0,1,Lakeview,Semi-Furnished,Yes,No,No,Yes,Yes,No,452978.46
3464,4,1,3,3,22,Rural,Semi-Furnished,No,No,No,Yes,Yes,Yes,459524.96
3416,2,3,2,1,49,Lakeview,Unfurnished,Yes,No,No,Yes,No,No,819295.43
3300,3,4,3,0,21,Lakeview,Furnished,Yes,No,No,No,Yes,No,1012826.84
2252,2,2,2,0,25,Southend,Unfurnished,No,Yes,No,Yes,No,No,358235.15
3110,6,1,1,2,11,Uptown,Semi-Furnished,Yes,Yes,Yes,Yes,No,No,875128.92
4375,4,4,1,2,31,Rural,Furnished,Yes,Yes,Yes,No,Yes,No,571129.54
1604,2,4,3,2,8,Northend,Furnished,Yes,Yes,Yes,No,No,No,424213.38
3036,6,2,1,0,42,Rural,Semi-Furnished,Yes,No,No,Yes,Yes,Yes,379818.65
4699,2,1,3,3,4,Eastside,Furnished,Yes,No,No,Yes,No,No,726002.65
4354,2,3,3,3,25,Eastside,Unfurnished,Yes,No,Yes,Yes,No,No,637867.49
3994,3,4,3,3,6,Eastside,Semi-Furnished,Yes,No,No,No,Yes,Yes,738290.52
2414,1,2,2,0,28,Downtown,Semi-Furnished,Yes,Yes,Yes,Yes,No,Yes,788094.76
3572,5,3,3,0,32,Uptown,Furnished,Yes,Yes,Yes,Yes,No,No,1007398.52
1506,2,4,1,0,23,Downtown,Semi-Furnished,No,Yes,No,Yes,No,Yes,588657.59
906,2,1,2,0,24,Eastside,Unfurnished,No,No,No,Yes,Yes,No,205359.05
666,2,4,1,0,30,Northend,Semi-Furnished,Yes,No,No,Yes,Yes,Yes,237709.59
1008,1,3,3,3,28,Eastside,Furnished,Yes,No,No,Yes,No,No,271708.66
2161,6,3,3,0,4,Downtown,Semi-Furnished,Yes,Yes,Yes,No,Yes,No,919892.98
4164,4,1,1,3,37,Rural,Furnished,Yes,No,No,Yes,No,No,476942.22
3989,3,1,2,0,44,Lakeview,Furnished,No,No,No,No,No,Yes,987881.05
1180,1,2,1,3,10,Rural,Unfurnished,No,No,No,Yes,Yes,No,171702.81
3024,6,1,3,1,31,Eastside,Semi-Furnished,Yes,No,No,Yes,Yes,No,518275.44
2620,2,2,2,1,7,Midtown,Unfurnished,Yes,No,Yes,Yes,Yes,No,714908.05
4857,6,3,3,3,19,Rural,Unfurnished,Yes,Yes,No,Yes,No,Yes,647557.7
1863,1,3,3,1,33,Westside,Semi-Furnished,Yes,No,No,Yes,No,No,415646.58
1831,1,4,1,1,46,Lakeview,Unfurnished,Yes,No,No,Yes,Yes,Yes,611620.79
2792,1,4,3,3,41,Westside,Unfurnished,Yes,No,No,Yes,Yes,No,509978.36
2038,4,2,1,0,7,Lakeview,Furnished,No,Yes,No,Yes,Yes,Yes,845688.54
3908,5,1,2,0,1,Uptown,Unfurnished,Yes,Yes,No,No,Yes,No,1010124.52
1060,3,1,3,3,20,Westside,Semi-Furnished,No,No,No,No,No,No,314539.75
1599,4,4,3,2,14,Rural,Furnished,Yes,No,No,Yes,No,No,309306.7
2403,4,3,2,2,5,Lakeview,Unfurnished,No,No,No,No,Yes,No,802748.94
674,5,2,1,1,4,Uptown,Unfurnished,Yes,No,No,No,No,Yes,432964.11
2656,4,3,3,2,2,Southend,Semi-Furnished,Yes,No,No,No,No,Yes,586744.85
2730,1,3,2,1,42,Midtown,Unfurnished,No,Yes,No,Yes,No,No,561719.43
4787,1,1,3,0,42,Suburban,Semi-Furnished,Yes,Yes,No,Yes,Yes,No,706122.02
4660,6,2,1,3,15,Uptown,Unfurnished,Yes,No,No,Yes,Yes,No,1096902.82
4420,2,3,1,0,34,Rural,Unfurnished,Yes,No,Yes,Yes,No,No,440864.06
1997,4,4,1,3,8,Rural,Semi-Furnished,No,Yes,No,Yes,No,No,336768.03
4354,2,4,1,2,34,Midtown,Furnished,Yes,No,No,Yes,Yes,Yes,988627.04
3671,3,1,2,0,18,Midtown,Semi-Furnished,Yes,No,Yes,Yes,No,Yes,881719.67
2067,1,4,3,0,42,Uptown,Furnished,No,No,No,Yes,No,No,529696.37
1651,6,4,2,1,45,Eastside,Furnished,Yes,No,No,No,Yes,Yes,409008.86
868,3,3,1,3,33,Midtown,Semi-Furnished,No,No,No,Yes,Yes,Yes,407266.96
542,6,4,1,2,38,Eastside,Semi-Furnished,Yes,No,No,Yes,Yes,No,245528.19
2407,5,4,1,0,9,Southend,Unfurnished,Yes,No,No,No,No,Yes,479940.35
3990,1,3,1,3,9,Rural,Unfurnished,Yes,No,No,Yes,Yes,No,440421.75
3035,3,1,3,2,19,Uptown,Furnished,Yes,No,Yes,No,No,Yes,917697.4
4673,5,1,1,0,0,Midtown,Unfurnished,Yes,No,No,No,No,Yes,970549.98
3373,3,2,3,3,5,Southend,Semi-Furnished,Yes,Yes,No,Yes,No,Yes,699121.42
2324,6,4,1,1,45,Uptown,Furnished,No,No,Yes,Yes,No,No,688466.76
1793,5,3,3,0,1,Lakeview,Unfurnished,No,Yes,No,Yes,No,No,768280.27
3886,5,2,3,3,37,Suburban,Unfurnished,Yes,No,Yes,No,No,Yes,724569.5
3472,1,1,1,2,32,Lakeview,Semi-Furnished,Yes,Yes,No,No,Yes,Yes,982565.54
4422,2,1,2,2,2,Downtown,Semi-Furnished,Yes,No,Yes,Yes,Yes,No,1178632.43
1492,6,3,2,1,35,Eastside,Unfurnished,Yes,No,No,Yes,No,No,371884.55
2886,6,2,2,0,12,Downtown,Furnished,Yes,No,No,Yes,Yes,No,962816.45
2740,5,2,2,1,34,Northend,Furnished,Yes,No,No,Yes,No,No,430027.88
1976,5,3,2,3,14,Southend,Semi-Furnished,Yes,No,No,No,No,No,515340.8
3907,1,3,1,2,44,Eastside,Semi-Furnished,Yes,No,No,No,Yes,No,549499.08
889,2,2,1,1,21,Southend,Semi-Furnished,Yes,No,No,Yes,No,No,226951.44
1499,6,1,1,0,42,Lakeview,Unfurnished,Yes,No,No,Yes,No,Yes,523133.29
2355,4,4,1,3,3,Westside,Unfurnished,Yes,No,Yes,Yes,No,No,583803.39
1158,4,1,1,0,16,Eastside,Semi-Furnished,Yes,Yes,No,Yes,Yes,No,297132.34
3263,2,3,1,1,4,Rural,Furnished,Yes,No,Yes,No,No,No,441419.56
4163,3,2,3,2,20,Southend,Semi-Furnished,Yes,No,No,No,No,No,640756.07
1981,1,2,3,2,23,Rural,Semi-Furnished,Yes,No,No,Yes,No,No,283202.37
4231,2,4,1,1,30,Westside,Furnished,Yes,No,Yes,Yes,No,No,784690.2
951,4,2,1,0,39,Midtown,Furnished,No,Yes,No,No,Yes,Yes,403237.42
2975,5,4,3,0,29,Southend,Furnished,Yes,Yes,Yes,No,Yes,No,626335.94
3722,4,1,3,0,41,Downtown,Furnished,Yes,Yes,Yes,Yes,Yes,No,1013921.83
2037,5,1,1,0,6,Southend,Unfurnished,Yes,No,No,Yes,Yes,No,448458.33
3593,1,2,3,2,48,Midtown,Unfurnished,Yes,Yes,No,Yes,No,No,706468.79
1382,5,2,2,0,6,Lakeview,Semi-Furnished,Yes,No,Yes,Yes,Yes,No,706875.24
4908,2,3,2,1,26,Uptown,Unfurnished,Yes,No,No,Yes,No,No,996956.43
4568,5,3,2,1,23,Downtown,Semi-Furnished,Yes,No,No,Yes,Yes,No,1150647.09
3066,3,2,3,1,18,Downtown,Semi-Furnished,Yes,Yes,Yes,No,Yes,No,938610.65
3777,2,2,1,1,40,Westside,Furnished,Yes,Yes,No,No,No,No,620614.94
874,1,1,1,0,33,Lakeview,Furnished,No,No,No,Yes,No,No,300390.46
4197,2,2,1,2,21,Downtown,Unfurnished,Yes,Yes,No,Yes,No,No,953135.82
3562,3,3,3,3,26,Suburban,Unfurnished,Yes,No,Yes,No,No,Yes,692561.67
3750,1,1,3,0,5,Rural,Unfurnished,Yes,Yes,No,Yes,No,No,440256.41
612,4,4,2,3,9,Eastside,Unfurnished,Yes,No,No,No,No,No,271495.21
3697,3,3,3,2,44,Suburban,Furnished,Yes,No,No,Yes,Yes,No,667941.09
2878,1,3,2,0,30,Uptown,Furnished,Yes,No,No,Yes,No,No,708168.77
2424,5,1,2,3,24,Southend,Unfurnished,Yes,No,No,Yes,Yes,No,452782.38
639,2,4,1,2,1,Lakeview,Semi-Furnished,No,No,Yes,No,No,No,476241.78
1924,1,3,3,3,9,Northend,Furnished,Yes,No,No,Yes,No,Yes,441231.59
3449,2,2,1,1,9,Northend,Furnished,Yes,Yes,Yes,No,No,No,563066.75
3668,5,3,1,1,25,Suburban,Furnished,Yes,No,No,No,No,No,626045.89
1016,1,1,3,2,4,Downtown,Furnished,No,Yes,Yes,No,Yes,No,544393.93
3116,4,1,3,2,21,Southend,Unfurnished,Yes,No,No,No,No,No,517330.49
1387,3,1,2,3,3,Lakeview,Unfurnished,No,No,Yes,Yes,Yes,Yes,715040.78
3604,1,3,2,2,33,Midtown,Semi-Furnished,No,No,No,Yes,No,No,748116.22
549,5,4,2,1,6,Southend,Furnished,Yes,No,No,Yes,Yes,Yes,408505.6
4451,1,2,2,1,49,Eastside,Unfurnished,Yes,No,No,Yes,No,No,515101.08
4060,2,1,1,0,16,Westside,Unfurnished,No,No,No,Yes,Yes,No,680007.73
518,6,4,1,3,10,Lakeview,Furnished,Yes,Yes,No,No,No,No,557729.72
1973,1,2,3,2,49,Southend,Unfurnished,No,No,Yes,No,Yes,No,322916.26
4561,4,1,2,2,7,Lakeview,Unfurnished,Yes,No,Yes,No,No,No,1219524.32
3106,1,2,2,2,27,Midtown,Unfurnished,Yes,Yes,No,Yes,No,Yes,741814.38
951,3,2,2,3,43,Downtown,Semi-Furnished,Yes,No,Yes,No,No,Yes,495235.46
4265,1,4,1,1,32,Uptown,Unfurnished,Yes,Yes,Yes,No,Yes,No,950318.51
2938,6,2,3,2,24,Westside,Furnished,Yes,No,Yes,Yes,Yes,Yes,758995.28
4810,2,1,1,2,20,Westside,Furnished,Yes,No,No,Yes,No,No,805567.29
2049,1,4,3,1,11,Downtown,Furnished,No,No,No,Yes,No,Yes,784575.76
3974,4,3,3,2,25,Eastside,Unfurnished,Yes,No,Yes,Yes,No,No,635396.14
627,5,3,1,0,28,Northend,Semi-Furnished,Yes,No,Yes,Yes,No,No,269752.91
3261,1,4,1,1,37,Uptown,Unfurnished,Yes,Yes,No,No,Yes,No,728434.32
4956,1,3,3,1,34,Suburban,Furnished,Yes,No,No,Yes,No,No,745897.47
1915,3,2,1,1,36,Suburban,Semi-Furnished,No,Yes,No,No,No,Yes,383848.67
701,4,1,1,0,45,Uptown,Semi-Furnished,Yes,Yes,No,No,No,No,296281.82
2869,6,2,3,1,43,Eastside,Unfurnished,Yes,Yes,No,Yes,No,No,493830.15
1017,5,4,3,3,44,Eastside,Furnished,Yes,Yes,No,Yes,Yes,No,338205.81
1841,2,1,2,3,44,Midtown,Unfurnished,Yes,No,No,No,No,No,405796.5
2488,1,4,1,3,28,Rural,Furnished,Yes,No,No,Yes,No,Yes,375148.0
4045,6,4,3,1,48,Southend,Semi-Furnished,Yes,Yes,Yes,Yes,Yes,Yes,750593.09
4302,5,4,1,1,23,Eastside,Unfurnished,Yes,Yes,No,Yes,No,Yes,691298.81
3775,2,2,1,1,14,Suburban,Semi-Furnished,Yes,Yes,No,No,Yes,Yes,671964.34
4154,6,1,3,0,5,Downtown,Furnished,Yes,No,No,Yes,No,Yes,1214245.74
2934,4,1,2,3,31,Suburban,Semi-Furnished,Yes,No,Yes,Yes,No,Yes,587168.63
707,4,1,3,2,43,Rural,Semi-Furnished,Yes,No,No,Yes,Yes,No,147275.52
3133,5,2,3,2,33,Uptown,Semi-Furnished,Yes,Yes,No,No,No,Yes,880720.81
4617,2,3,1,1,35,Rural,Unfurnished,Yes,No,No,Yes,Yes,No,492347.38
653,4,2,2,0,19,Lakeview,Furnished,Yes,Yes,Yes,No,Yes,No,539514.59
3866,5,2,3,1,11,Southend,Semi-Furnished,Yes,No,No,Yes,Yes,No,725827.36
4814,4,4,1,2,34,Lakeview,Semi-Furnished,No,Yes,No,No,Yes,Yes,1295243.62
2018,4,1,3,3,48,Midtown,Semi-Furnished,Yes,No,No,No,Yes,Yes,607115.21
3100,6,1,1,2,37,Eastside,Semi-Furnished,Yes,Yes,Yes,Yes,No,Yes,580706.75
2695,6,3,3,3,16,Midtown,Furnished,Yes,No,No,No,Yes,No,821772.04
4998,4,3,2,3,26,Rural,Furnished,Yes,Yes,No,No,Yes,No,627840.23
4054,3,4,3,0,16,Lakeview,Unfurnished,Yes,No,No,No,No,No,1050537.11
2914,6,1,1,2,10,Downtown,Furnished,Yes,Yes,Yes,Yes,Yes,No,1014656.54
3349,2,3,3,1,38,Southend,Furnished,Yes,No,No,No,No,No,531519.0
2242,5,3,2,0,1,Downtown,Semi-Furnished,No,Yes,No,Yes,Yes,Yes,898416.45
1806,5,1,2,3,1,Downtown,Unfurnished,No,No,No,No,No,No,629489.78
4349,2,2,2,2,28,Downtown,Unfurnished,No,Yes,No,Yes,Yes,No,1056747.09
4668,2,3,2,1,44,Uptown,Semi-Furnished,Yes,No,No,No,Yes,No,952556.41
4695,2,1,1,0,23,Eastside,Unfurnished,Yes,No,Yes,Yes,No,Yes,631085.16
3055,2,3,3,1,23,Eastside,Furnished,Yes,No,No,Yes,Yes,No,546579.66
2805,1,4,2,2,15,Lakeview,Unfurnished,No,Yes,No,No,Yes,No,842262.67
1588,5,3,3,1,30,Downtown,Semi-Furnished,No,No,No,Yes,No,No,594274.74
3142,1,1,1,0,48,Westside,Unfurnished,No,No,Yes,Yes,Yes,No,506915.81
1677,4,3,3,1,42,Southend,Unfurnished,No,No,No,No,Yes,No,340232.71
3494,4,4,3,2,8,Westside,Unfurnished,Yes,Yes,Yes,Yes,Yes,No,809901.25
1059,5,4,2,0,26,Midtown,Semi-Furnished,Yes,No,No,Yes,No,No,432451.61
3464,4,3,2,3,40,Lakeview,Furnished,No,No,No,No,Yes,No,1017960.88
1771,2,3,1,0,13,Southend,Unfurnished,Yes,Yes,Yes,Yes,Yes,Yes,455467.01
2313,1,4,3,2,44,Rural,Furnished,No,Yes,No,Yes,Yes,No,349714.56
3415,2,4,1,1,24,Lakeview,Furnished,No,No,No,No,Yes,Yes,991715.72
1109,4,2,1,3,42,Midtown,Furnished,Yes,Yes,No,No,Yes,Yes,514934.72
2961,6,2,1,3,43,Midtown,Unfurnished,Yes,Yes,No,No,No,No,672337.14
4620,1,4,2,1,21,Midtown,Furnished,Yes,No,No,No,No,Yes,979695.29
783,2,3,2,2,34,Westside,Unfurnished,Yes,Yes,Yes,Yes,Yes,Yes,391400.2
3428,5,1,3,0,32,Eastside,Unfurnished,Yes,No,Yes,Yes,Yes,Yes,604924.27
4896,2,3,3,2,26,Southend,Unfurnished,Yes,No,No,No,No,Yes,763838.08
1591,6,3,3,3,39,Rural,Furnished,Yes,Yes,No,No,Yes,No,329938.0
1316,4,2,2,0,25,Northend,Unfurnished,Yes,No,No,No,Yes,Yes,332887.75
582,1,2,2,0,18,Northend,Semi-Furnished,No,Yes,No,No,Yes,No,199829.78
2420,5,2,1,1,44,Downtown,Semi-Furnished,Yes,No,No,No,No,No,617958.5
3991,1,4,2,2,38,Uptown,Semi-Furnished,No,No,Yes,Yes,No,No,911777.62
3644,5,4,1,0,44,Lakeview,Unfurnished,Yes,No,No,No,Yes,Yes,1010995.88
2593,1,3,1,1,25,Uptown,Semi-Furnished,Yes,No,No,No,No,No,600954.78
675,4,3,2,2,5,Northend,Unfurnished,Yes,No,No,Yes,No,No,247095.72
3204,5,1,1,3,2,Northend,Unfurnished,Yes,No,No,Yes,Yes,Yes,602677.86
869,3,3,1,3,5,Suburban,Unfurnished,Yes,No,No,No,No,No,270460.33
2318,1,3,3,2,27,Rural,Furnished,Yes,Yes,Yes,No,Yes,No,367497.39
2601,1,2,1,0,2,Suburban,Semi-Furnished,Yes,No,Yes,No,Yes,No,495083.48
3990,2,2,2,0,12,Downtown,Unfurnished,Yes,No,No,No,No,No,917005.36
2279,5,2,2,3,12,Suburban,Semi-Furnished,Yes,No,No,Yes,No,No,525468.73
1864,6,2,1,3,12,Lakeview,Semi-Furnished,Yes,Yes,Yes,No,Yes,No,846461.41
4962,3,2,3,0,0,Westside,Furnished,Yes,Yes,Yes,No,Yes,No,1006027.77
3842,4,1,2,2,39,Downtown,Semi-Furnished,No,Yes,Yes,Yes,No,Yes,1048295.8
4176,2,1,2,3,36,Westside,Unfurnished,No,No,Yes,No,Yes,No,728349.17
2926,3,1,3,0,30,Downtown,Unfurnished,Yes,No,No,Yes,Yes,Yes,814195.21
572,5,2,1,2,16,Suburban,Semi-Furnished,Yes,No,Yes,Yes,Yes,No,303744.91
3462,3,4,2,1,8,Northend,Semi-Furnished,Yes,No,Yes,No,No,No,534416.07
1359,1,2,1,2,44,Westside,Furnished,Yes,Yes,No,No,No,Yes,358685.07
4356,1,2,1,0,12,Southend,Unfurnished,Yes,Yes,No,No,Yes,Yes,683836.32
4638,2,1,1,2,36,Downtown,Semi-Furnished,Yes,No,No,No,Yes,Yes,1071119.43
2924,5,2,1,0,13,Uptown,Semi-Furnished,Yes,Yes,No,Yes,No,No,779406.57
1564,5,1,2,3,10,Eastside,Unfurnished,No,Yes,No,Yes,Yes,No,408909.36
2717,3,2,3,1,24,Southend,Semi-Furnished,No,Yes,No,No,Yes,No,491676.91
4517,2,3,2,3,30,Southend,Furnished,No,No,No,Yes,No,No,675807.21
2759,5,4,3,3,13,Midtown,Semi-Furnished,No,Yes,Yes,Yes,Yes,No,882595.14
4251,6,4,1,0,6,Midtown,Semi-Furnished,No,No,No,No,No,Yes,975595.24
2586,6,1,3,0,23,Midtown,Furnished,Yes,No,No,Yes,Yes,Yes,770737.37
868,1,3,1,0,48,Rural,Furnished,No,Yes,Yes,No,Yes,No,186099.48
3304,3,4,2,0,35,Northend,Furnished,Yes,No,Yes,Yes,Yes,No,493872.83
650,4,1,2,3,41,Uptown,Unfurnished,Yes,No,No,No,Yes,No,282650.1
1634,1,2,3,0,41,Eastside,Semi-Furnished,Yes,No,Yes,No,No,No,262081.65
3284,2,2,1,0,46,Lakeview,Semi-Furnished,Yes,No,No,Yes,No,Yes,826698.69
4664,5,3,1,3,43,Westside,Furnished,Yes,Yes,No,No,No,No,815594.42
2846,1,4,3,1,40,Southend,Unfurnished,Yes,No,No,Yes,No,No,429077.45
2750,4,2,1,1,2,Rural,Furnished,Yes,Yes,No,Yes,Yes,Yes,478121.45
560,4,1,1,2,46,Westside,Semi-Furnished,Yes,No,No,No,No,Yes,240318.16
3510,6,2,1,3,43,Rural,Unfurnished,No,No,Yes,No,No,Yes,444827.07
4401,2,2,2,0,25,Suburban,Unfurnished,No,No,No,No,No,Yes,679214.28
1837,1,4,2,2,46,Rural,Semi-Furnished,Yes,No,No,No,Yes,Yes,305749.94
1684,3,4,2,1,25,Suburban,Unfurnished,No,No,No,Yes,Yes,Yes,415426.61
4926,1,1,1,1,0,Suburban,Unfurnished,Yes,No,No,No,No,Yes,761536.81
2051,6,3,2,3,14,Lakeview,Furnished,No,No,No,No,Yes,No,833973.78
4933,4,3,1,0,10,Eastside,Unfurnished,Yes,No,No,No,No,Yes,702550.17
2129,2,2,1,0,36,Lakeview,Furnished,Yes,Yes,Yes,Yes,Yes,Yes,792768.9
1827,2,1,3,2,6,Rural,Unfurnished,No,No,Yes,No,Yes,No,306552.42
2026,3,3,1,1,11,Northend,Furnished,Yes,No,No,No,No,No,388871.16
2173,2,3,2,2,37,Suburban,Furnished,Yes,No,No,Yes,No,No,410155.17
1861,6,2,2,2,2,Eastside,Unfurnished,Yes,Yes,Yes,Yes,No,No,492715.53
2073,6,1,1,2,41,Rural,Furnished,Yes,Yes,No,Yes,No,Yes,341225.35
3186,6,3,2,0,25,Southend,Semi-Furnished,Yes,No,No,No,No,No,578754.98
4870,2,4,1,1,29,Eastside,Semi-Furnished,Yes,Yes,No,Yes,No,No,678384.2
2866,2,4,3,2,31,Southend,Unfurnished,No,No,Yes,No,No,No,499456.76
4257,6,2,1,1,35,Suburban,Unfurnished,No,No,No,Yes,No,No,637185.86
2934,2,2,1,1,44,Westside,Unfurnished,Yes,Yes,Yes,Yes,Yes,No,579142.75
2493,2,2,3,2,36,Uptown,Semi-Furnished,Yes,No,No,No,No,No,606751.49
1369,4,2,2,2,17,Suburban,Unfurnished,Yes,Yes,No,Yes,Yes,Yes,464857.99
1514,1,3,3,3,0,Midtown,Unfurnished,Yes,No,No,No,No,No,481803.1
2411,5,1,3,0,20,Midtown,Furnished,Yes,No,No,Yes,No,No,651192.1
1102,2,2,1,1,27,Northend,Unfurnished,Yes,No,Yes,Yes,Yes,Yes,320538.72
4321,5,2,1,2,47,Eastside,Semi-Furnished,Yes,No,No,Yes,Yes,No,623314.32
1190,5,3,3,2,15,Uptown,Semi-Furnished,Yes,Yes,Yes,No,Yes,Yes,724710.21
993,4,2,2,1,47,Southend,Unfurnished,Yes,No,No,Yes,No,Yes,273979.06
989,2,2,3,2,27,Downtown,Semi-Furnished,Yes,No,Yes,No,Yes,Yes,597764.41
3056,6,1,2,3,21,Midtown,Furnished,Yes,No,Yes,Yes,No,No,841585.09
4985,5,4,3,1,18,Uptown,Furnished,Yes,No,No,Yes,No,No,1218943.89
794,2,2,3,2,47,Northend,Unfurnished,Yes,No,No,No,No,Yes,221982.46
4527,3,3,2,1,0,Rural,Unfurnished,Yes,No,Yes,Yes,Yes,No,555513.71
3343,6,1,3,2,30,Uptown,Furnished,Yes,Yes,No,No,No,Yes,976460.44
3412,3,3,1,2,41,Rural,Furnished,Yes,No,No,No,No,No,373090.73
2217,3,1,3,0,33,Eastside,Unfurnished,Yes,No,No,Yes,No,No,331787.56
3096,5,1,1,1,45,Lakeview,Semi-Furnished,No,No,No,Yes,Yes,No,806843.53
2373,3,2,2,0,39,Rural,Unfurnished,Yes,Yes,No,Yes,Yes,No,301783.11
3758,4,2,2,2,5,Eastside,Unfurnished,Yes,No,No,Yes,Yes,Yes,624392.71
3317,4,2,1,1,27,Suburban,Unfurnished,Yes,No,No,Yes,Yes,No,545119.87
944,5,4,3,1,2,Eastside,Unfurnished,Yes,No,No,No,No,No,336364.13
4141,2,4,1,3,30,Southend,Unfurnished,Yes,No,Yes,Yes,Yes,Yes,689062.17
4958,1,3,1,3,15,Uptown,Unfurnished,Yes,No,No,Yes,Yes,Yes,1141137.62
1241,2,2,2,2,16,Westside,Unfurnished,Yes,No,No,No,Yes,No,302786.1
2541,2,4,1,2,43,Lakeview,Semi-Furnished,Yes,No,No,No,Yes,No,738238.34
1179,2,2,3,2,26,Rural,Unfurnished,Yes,No,No,Yes,No,No,214351.92
2967,2,4,1,2,23,Lakeview,Furnished,Yes,No,No,Yes,No,No,830380.26
4197,6,4,2,3,19,Uptown,Unfurnished,Yes,No,No,Yes,Yes,No,1007571.47
1858,1,1,3,1,31,Uptown,Semi-Furnished,Yes,No,No,Yes,Yes,No,526994.43
562,6,2,2,0,34,Rural,Furnished,Yes,Yes,No,Yes,No,No,186582.34
3059,3,2,1,1,12,Northend,Unfurnished,Yes,Yes,No,No,Yes,No,475330.5
4269,2,4,1,1,47,Westside,Unfurnished,No,No,Yes,Yes,No,No,694724.36
4851,4,2,2,3,42,Rural,Furnished,No,Yes,Yes,No,Yes,No,556441.84
634,5,4,2,1,19,Downtown,Unfurnished,Yes,No,No,Yes,Yes,Yes,548812.71
4144,5,2,3,1,47,Lakeview,Semi-Furnished,Yes,No,No,No,Yes,No,1101638.78
2635,6,1,2,2,1,Downtown,Unfurnished,Yes,No,No,Yes,No,No,835758.65
3778,6,2,2,0,3,Lakeview,Semi-Furnished,Yes,Yes,No,Yes,No,No,1180674.17
1322,4,1,1,1,26,Suburban,Unfurnished,Yes,No,No,Yes,Yes,Yes,335282.46
3574,2,3,1,1,24,Lakeview,Furnished,Yes,No,No,Yes,No,No,919765.23
3481,1,2,2,0,3,Uptown,Semi-Furnished,No,No,Yes,No,Yes,Yes,892128.31
620,3,2,2,2,31,Eastside,Unfurnished,Yes,Yes,No,No,Yes,No,227507.79
2137,5,2,1,3,16,Downtown,Unfurnished,Yes,No,No,No,Yes,No,696486.25
1424,3,1,3,3,0,Downtown,Furnished,Yes,No,No,Yes,No,No,661947.54
1144,1,2,3,1,32,Midtown,Furnished,Yes,Yes,No,No,Yes,No,430854.3
2532,6,2,3,2,29,Lakeview,Semi-Furnished,Yes,No,Yes,Yes,No,No,910029.66
3261,5,4,3,3,4,Westside,Semi-Furnished,Yes,No,No,Yes,Yes,No,789019.99
2568,3,3,1,3,11,Southend,Semi-Furnished,Yes,No,No,Yes,No,No,495276.32
741,6,1,2,3,37,Downtown,Unfurnished,Yes,No,No,Yes,No,Yes,478135.94
3168,1,4,3,3,31,Lakeview,Unfurnished,Yes,Yes,No,Yes,No,Yes,1011949.89
1302,3,1,1,3,37,Uptown,Semi-Furnished,Yes,Yes,No,No,No,Yes,464088.39
4664,2,4,2,1,16,Southend,Unfurnished,Yes,Yes,No,Yes,Yes,Yes,769747.58
695,6,3,3,3,44,Northend,Furnished,Yes,No,No,Yes,Yes,Yes,346685.21
2687,1,4,2,1,39,Eastside,Unfurnished,Yes,No,No,Yes,Yes,No,374071.46
4015,3,1,3,0,31,Lakeview,Semi-Furnished,Yes,No,No,Yes,Yes,No,1040135.47
2830,2,2,2,0,23,Suburban,Unfurnished,No,No,No,No,No,No,458063.65
2859,2,2,3,2,11,Southend,Furnished,Yes,Yes,Yes,Yes,Yes,Yes,690660.33
4106,1,3,3,1,46,Northend,Semi-Furnished,Yes,Yes,Yes,Yes,Yes,No,600787.11
776,4,1,2,2,30,Lakeview,Semi-Furnished,Yes,No,Yes,No,No,No,456076.06
560,5,1,2,0,18,Lakeview,Semi-Furnished,Yes,No,No,Yes,Yes,No,455983.44
3890,1,1,2,0,28,Southend,Semi-Furnished,Yes,No,No,Yes,Yes,No,571501.27
2413,2,3,1,0,20,Southend,Unfurnished,Yes,No,No,No,Yes,Yes,459983.07
4427,2,2,1,0,25,Southend,Furnished,Yes,No,No,Yes,No,No,674419.95
3091,1,4,2,3,27,Rural,Unfurnished,Yes,No,No,No,Yes,No,375492.86
1066,4,3,1,0,16,Eastside,Unfurnished,Yes,No,No,Yes,No,No,253516.13
4435,5,4,3,3,8,Downtown,Semi-Furnished,Yes,No,No,Yes,Yes,No,1292760.77
2071,3,2,2,3,20,Southend,Furnished,Yes,No,No,Yes,Yes,Yes,503397.49
1700,1,3,1,2,49,Southend,Unfurnished,No,No,No,No,No,No,244292.79
4909,5,2,2,3,33,Rural,Furnished,No,No,Yes,Yes,Yes,No,605042.76
3354,5,4,3,2,10,Uptown,Furnished,Yes,Yes,No,No,No,No,979058.36
3395,6,1,3,3,19,Northend,Furnished,Yes,No,No,Yes,No,Yes,616877.97
1736,2,1,1,3,48,Westside,Furnished,Yes,Yes,Yes,No,Yes,No,412404.1
636,3,4,3,0,49,Lakeview,Unfurnished,Yes,No,Yes,No,No,No,354453.55
1529,1,1,2,1,46,Lakeview,Furnished,Yes,No,No,Yes,Yes,No,502445.96
2656,2,4,1,3,38,Southend,Unfurnished,Yes,No,Yes,Yes,No,No,428913.03
3094,6,3,2,1,15,Rural,Furnished,Yes,Yes,No,No,No,No,447683.68
1161,6,3,2,1,28,Eastside,Furnished,Yes,No,No,Yes,No,No,342230.95
2972,2,3,2,1,0,Westside,Unfurnished,Yes,No,No,No,No,No,589637.14
3177,4,1,3,3,17,Uptown,Semi-Furnished,Yes,No,No,Yes,No,Yes,923119.74
2808,5,2,2,1,21,Midtown,Unfurnished,Yes,Yes,No,Yes,Yes,Yes,809445.82
586,1,1,3,3,7,Uptown,Furnished,Yes,No,No,Yes,Yes,No,444654.84
3012,1,1,2,0,6,Midtown,Unfurnished,Yes,No,No,Yes,Yes,Yes,751855.14
3442,1,2,3,3,24,Rural,Furnished,No,No,No,Yes,Yes,No,476756.46
3273,2,2,3,2,29,Eastside,Unfurnished,No,Yes,No,Yes,No,No,516666.93
3004,4,2,3,0,33,Westside,Unfurnished,Yes,No,No,No,No,No,552883.01
3810,3,2,2,1,43,Midtown,Unfurnished,No,Yes,No,Yes,No,No,756892.15
2200,6,1,2,1,47,Southend,Semi-Furnished,Yes,Yes,Yes,Yes,Yes,Yes,508421.85
4170,2,4,3,2,40,Downtown,Unfurnished,Yes,No,No,No,No,Yes,1062192.07
3200,3,3,2,0,10,Downtown,Unfurnished,Yes,No,No,Yes,No,Yes,920753.45
4129,6,4,3,2,14,Southend,Semi-Furnished,Yes,No,No,No,No,No,764030.03
2147,6,1,2,1,34,Eastside,Semi-Furnished,Yes,No,No,Yes,No,No,386289.71
3818,4,2,3,3,22,Suburban,Furnished,Yes,No,Yes,No,Yes,Yes,787721.69
4187,5,3,3,1,44,Lakeview,Furnished,Yes,No,No,Yes,Yes,No,1164588.91
1096,1,3,1,2,20,Uptown,Unfurnished,Yes,Yes,Yes,Yes,Yes,No,455335.12
984,3,4,2,3,27,Midtown,Furnished,No,Yes,Yes,No,No,No,494897.18
1145,2,1,2,3,12,Downtown,Unfurnished,Yes,Yes,Yes,Yes,No,Yes,613205.24
3589,3,1,1,1,33,Southend,Semi-Furnished,No,No,No,No,Yes,No,521437.44
4884,5,1,3,3,37,Westside,Semi-Furnished,Yes,No,No,Yes,No,No,822887.46
1220,1,3,3,0,5,Westside,Unfurnished,No,No,No,Yes,Yes,Yes,395519.66
998,3,4,1,1,43,Midtown,Furnished,No,No,Yes,Yes,No,No,371223.92
2173,5,3,1,1,3,Suburban,Furnished,Yes,Yes,No,Yes,No,No,538153.74
3567,2,3,3,0,4,Northend,Furnished,Yes,Yes,No,Yes,No,Yes,657796.37
614,4,2,2,1,39,Northend,Unfurnished,Yes,Yes,No,No,No,No,167690.32
3479,6,4,1,2,5,Rural,Furnished,No,Yes,Yes,No,No,Yes,523808.8
2236,2,2,1,2,20,Eastside,Semi-Furnished,Yes,Yes,No,No,Yes,No,385903.23
4111,1,1,1,1,27,Eastside,Semi-Furnished,Yes,No,No,Yes,No,Yes,579278.26
2753,6,3,1,0,2,Uptown,Semi-Furnished,Yes,No,No,Yes,No,No,808709.8
2794,2,4,1,3,22,Uptown,Semi-Furnished,No,No,Yes,Yes,Yes,No,757825.99
4130,2,1,1,0,7,Northend,Semi-Furnished,Yes,No,No,No,No,No,537464.8
646,2,4,3,2,18,Midtown,Semi-Furnished,Yes,Yes,Yes,Yes,No,No,430702.44
4482,2,3,3,1,10,Downtown,Semi-Furnished,Yes,No,No,Yes,Yes,Yes,1202837.16
3953,6,4,1,0,49,Downtown,Semi-Furnished,Yes,No,No,Yes,No,No,935026.38
2910,1,1,3,3,9,Southend,Semi-Furnished,Yes,No,No,Yes,No,Yes,580641.67
636,5,2,2,3,27,Midtown,Unfurnished,Yes,No,No,No,Yes,No,345229.51
3860,3,3,2,3,19,Downtown,Unfurnished,Yes,No,No,No,No,Yes,1033193.0
3505,4,2,1,3,43,Suburban,Semi-Furnished,Yes,No,Yes,No,Yes,No,584975.31
4052,3,3,2,0,27,Lakeview,Semi-Furnished,Yes,Yes,Yes,Yes,Yes,No,1135726.88
518,3,1,2,3,28,Eastside,Semi-Furnished,Yes,No,No,Yes,Yes,No,232347.08
2742,4,3,3,2,7,Suburban,Furnished,Yes,No,Yes,Yes,Yes,No,644532.11
948,6,2,3,3,18,Downtown,Unfurnished,Yes,No,No,Yes,Yes,No,537154.7
2448,1,3,3,2,47,Lakeview,Semi-Furnished,Yes,No,Yes,No,No,No,684221.21
1445,4,1,3,0,20,Southend,Unfurnished,Yes,No,No,Yes,Yes,Yes,409913.53
4736,1,3,2,2,17,Uptown,Semi-Furnished,Yes,No,No,No,No,No,989068.96
2420,6,2,1,0,8,Midtown,Furnished,Yes,Yes,No,No,No,No,722394.77
3477,3,1,3,3,3,Midtown,Semi-Furnished,Yes,No,No,Yes,Yes,No,888069.88
4688,1,2,2,1,40,Downtown,Unfurnished,Yes,No,No,Yes,Yes,Yes,1066071.11
4515,6,3,3,2,24,Rural,Unfurnished,Yes,Yes,No,Yes,Yes,No,588302.54
738,6,4,2,2,33,Downtown,Unfurnished,Yes,No,No,Yes,Yes,Yes,544300.22
704,5,2,3,1,8,Uptown,Unfurnished,Yes,No,Yes,Yes,No,No,487737.33
3107,4,3,1,0,8,Uptown,Semi-Furnished,Yes,Yes,Yes,Yes,Yes,No,862492.7
4840,5,4,3,0,17,Southend,Furnished,Yes,No,Yes,Yes,Yes,No,852973.91
3888,3,4,1,3,10,Northend,Furnished,Yes,No,No,No,Yes,No,600160.39
3472,4,1,3,2,12,Uptown,Semi-Furnished,Yes,Yes,No,No,No,No,906560.45
4890,3,4,3,0,37,Uptown,Semi-Furnished,No,No,Yes,Yes,Yes,Yes,1201958.79
3187,5,2,3,3,8,Eastside,Unfurnished,Yes,Yes,No,Yes,Yes,Yes,695065.91
4666,6,2,2,0,15,Suburban,Semi-Furnished,Yes,No,Yes,Yes,No,No,834900.53
1848,3,4,2,1,3,Eastside,Furnished,Yes,Yes,No,Yes,No,Yes,517154.54
4900,4,3,1,1,33,Downtown,Semi-Furnished,Yes,No,No,No,Yes,No,1112915.81
1316,4,2,1,1,6,Uptown,Semi-Furnished,Yes,No,No,No,No,No,496236.06
1320,3,2,2,3,14,Westside,Furnished,No,No,No,Yes,Yes,No,420688.26
692,4,1,1,2,37,Lakeview,Furnished,Yes,No,No,Yes,Yes,Yes,480203.26
2276,6,3,1,1,10,Downtown,Semi-Furnished,Yes,No,No,Yes,No,No,799231.93
4145,6,4,2,1,31,Southend,Unfurnished,Yes,No,Yes,Yes,No,No,651956.88
750,4,3,2,0,26,Southend,Unfurnished,No,Yes,No,No,No,No,246179.69
2288,3,1,2,1,29,Downtown,Unfurnished,Yes,No,No,No,No,No,591117.87
4200,5,1,2,2,16,Midtown,Furnished,Yes,No,No,No,Yes,Yes,1048946.04
2963,4,3,3,3,35,Northend,Furnished,Yes,Yes,No,No,No,Yes,570089.66
1667,4,1,2,1,18,Suburban,Unfurnished,Yes,Yes,No,Yes,Yes,No,416286.14
4393,4,1,1,3,6,Northend,Semi-Furnished,Yes,No,No,Yes,No,Yes,673113.16
1596,4,1,3,3,42,Lakeview,Semi-Furnished,No,Yes,No,Yes,Yes,No,615803.5
3179,3,3,3,2,44,Southend,Semi-Furnished,Yes,No,Yes,No,Yes,No,561267.01
2347,5,1,1,0,20,Southend,Furnished,Yes,No,Yes,Yes,Yes,No,504830.83
4404,5,4,3,0,27,Downtown,Furnished,Yes,No,No,Yes,Yes,No,1175298.97
1004,1,4,1,3,2,Southend,Unfurnished,Yes,No,Yes,Yes,Yes,No,344287.37
2121,4,2,3,1,13,Midtown,Semi-Furnished,Yes,Yes,Yes,Yes,Yes,Yes,800383.74
2972,4,4,3,3,1,Northend,Furnished,No,Yes,No,Yes,Yes,No,586521.1
3046,1,2,1,0,28,Southend,Furnished,No,No,No,No,Yes,No,485864.14
1887,5,3,1,1,17,Rural,Unfurnished,Yes,No,No,No,Yes,Yes,339388.32
3494,2,1,1,0,36,Westside,Semi-Furnished,No,No,No,Yes,Yes,Yes,583632.1
4316,6,4,1,2,44,Rural,Furnished,Yes,No,No,Yes,Yes,No,521945.34
1217,2,2,2,0,44,Downtown,Furnished,Yes,No,No,No,No,No,369976.7
3984,5,3,2,1,23,Lakeview,Furnished,Yes,No,No,Yes,No,Yes,1192513.97
4934,4,2,1,1,45,Westside,Furnished,Yes,No,Yes,No,No,No,807078.21
1158,2,1,2,3,11,Uptown,Semi-Furnished,Yes,No,No,Yes,Yes,No,519775.2
4508,3,4,1,1,44,Rural,Unfurnished,Yes,Yes,No,No,Yes,No,464237.01
4734,3,3,1,2,31,Midtown,Semi-Furnished,No,No,No,No,No,No,903282.25
4264,1,2,3,0,17,Suburban,Unfurnished,Yes,Yes,No,No,Yes,No,693227.77
3489,5,3,1,3,12,Lakeview,Furnished,Yes,No,No,Yes,No,No,1059024.55
2604,5,2,1,3,3,Lakeview,Semi-Furnished,No,Yes,No,Yes,Yes,No,912282.58
1755,2,2,1,1,22,Midtown,Unfurnished,No,No,No,Yes,No,No,391333.6
2982,4,1,1,2,9,Midtown,Unfurnished,Yes,No,Yes,Yes,No,Yes,777265.47
883,5,1,3,3,4,Rural,Furnished,Yes,Yes,Yes,Yes,No,No,322087.82
3107,2,2,1,2,49,Westside,Unfurnished,No,No,No,Yes,No,No,454658.41
693,2,4,3,2,39,Downtown,Unfurnished,No,No,No,Yes,No,Yes,440442.6
4307,6,3,1,0,13,Southend,Unfurnished,Yes,Yes,Yes,No,No,Yes,762213.85
4219,6,3,3,0,33,Lakeview,Furnished,Yes,No,No,Yes,Yes,Yes,1330487.78
3081,5,1,2,0,27,Rural,Semi-Furnished,No,Yes,Yes,No,Yes,No,410159.87
3065,2,4,3,2,7,Rural,Furnished,Yes,No,No,Yes,Yes,No,423037.96
3263,1,2,3,0,15,Rural,Unfurnished,Yes,No,No,Yes,Yes,Yes,411249.22
3298,1,1,1,3,30,Eastside,Unfurnished,Yes,No,No,Yes,No,No,449675.78
2839,6,2,3,3,6,Northend,Semi-Furnished,Yes,No,No,No,Yes,No,521184.28
3906,5,2,3,1,2,Suburban,Unfurnished,Yes,No,No,Yes,Yes,No,727927.84
1231,4,1,1,2,28,Downtown,Semi-Furnished,Yes,No,No,Yes,No,No,455081.68
3372,1,4,2,0,35,Uptown,Unfurnished,Yes,Yes,No,Yes,No,Yes,830222.05
3620,1,3,2,3,38,Northend,Unfurnished,Yes,No,No,No,No,No,474169.29
4677,6,1,2,2,3,Rural,Furnished,Yes,No,No,Yes,Yes,No,601287.93
3104,6,4,3,2,8,Westside,Furnished,Yes,No,Yes,Yes,Yes,No,793341.27
2882,5,2,1,0,16,Rural,Semi-Furnished,Yes,No,No,Yes,Yes,No,378027.25
1031,6,1,2,2,48,Westside,Furnished,Yes,No,Yes,No,Yes,No,379436.77
4816,3,3,2,0,19,Midtown,Semi-Furnished,Yes,No,No,Yes,No,Yes,1056599.74
1134,2,3,2,0,13,Eastside,Furnished,Yes,Yes,No,No,Yes,No,314811.22
2269,1,2,2,0,45,Lakeview,Semi-Furnished,Yes,Yes,No,Yes,Yes,No,641225.2
4304,3,1,1,2,28,Downtown,Unfurnished,Yes,Yes,Yes,No,Yes,Yes,1159520.0
2870,4,3,2,2,12,Downtown,Semi-Furnished,Yes,Yes,No,No,Yes,No,928222.45
502,3,1,3,0,35,Uptown,Furnished,No,Yes,No,No,No,No,328776.62
705,5,3,3,2,44,Southend,Semi-Furnished,Yes,No,No,Yes,No,Yes,314817.54
4635,4,2,1,0,16,Uptown,Furnished,Yes,No,No,Yes,Yes,No,1072267.08
3121,4,2,2,1,46,Midtown,Unfurnished,Yes,No,No,No,No,No,626302.56
3390,6,1,2,2,49,Northend,Furnished,Yes,No,No,No,Yes,No,516066.29
3693,3,4,3,2,42,Uptown,Unfurnished,Yes,Yes,Yes,No,No,Yes,958331.67
3166,5,4,1,1,3,Downtown,Unfurnished,Yes,Yes,No,Yes,Yes,No,954437.41
3806,1,2,3,1,19,Eastside,Furnished,Yes,No,No,Yes,Yes,No,568349.86
1397,6,3,1,1,10,Midtown,Unfurnished,Yes,No,No,Yes,No,Yes,572180.03
1585,3,4,1,0,41,Lakeview,Furnished,Yes,No,No,Yes,Yes,Yes,664474.14
1779,1,2,1,0,21,Uptown,Semi-Furnished,No,No,No,Yes,Yes,No,449696.74
1170,3,3,3,3,44,Westside,Unfurnished,Yes,Yes,Yes,Yes,No,No,374659.55
2005,6,3,1,1,7,Eastside,Semi-Furnished,Yes,No,No,Yes,No,Yes,489508.99
4075,1,4,3,3,27,Suburban,Semi-Furnished,Yes,No,Yes,No,No,No,717196.64
2455,6,2,3,0,44,Downtown,Furnished,Yes,Yes,No,No,Yes,Yes,903390.03
749,3,3,2,2,40,Rural,Furnished,Yes,No,No,Yes,Yes,No,183656.92
2392,4,3,3,1,29,Lakeview,Unfurnished,Yes,Yes,Yes,No,No,No,821782.62
3939,2,1,3,2,32,Downtown,Furnished,Yes,No,No,No,Yes,Yes,1061019.48
2353,4,1,2,0,32,Midtown,Semi-Furnished,Yes,No,No,No,Yes,No,577285.2
3354,6,4,2,1,46,Westside,Semi-Furnished,No,No,No,Yes,No,Yes,710672.68
2003,6,1,2,3,35,Uptown,Semi-Furnished,Yes,No,No,No,No,No,595927.99
3885,6,2,1,3,26,Midtown,Unfurnished,Yes,No,No,No,No,No,840552.9
4071,1,4,1,0,19,Eastside,Furnished,Yes,No,Yes,No,No,Yes,640387.96
4292,5,4,2,2,32,Westside,Semi-Furnished,Yes,No,Yes,Yes,No,No,806139.64
3926,6,1,1,0,24,Rural,Unfurnished,Yes,No,No,Yes,No,No,417163.98
543,4,3,2,2,43,Southend,Furnished,No,Yes,No,No,No,No,228287.96
4112,2,2,1,0,42,Uptown,Furnished,Yes,No,No,No,No,Yes,905017.77
3118,6,2,3,3,18,Lakeview,Semi-Furnished,Yes,Yes,No,No,No,No,1001351.27
3663,6,2,1,2,46,Downtown,Unfurnished,Yes,Yes,No,No,Yes,No,928870.14
1788,6,4,1,0,20,Westside,Semi-Furnished,Yes,No,No,Yes,No,No,481958.54
3442,1,2,3,1,41,Uptown,Semi-Furnished,Yes,No,No,Yes,No,Yes,809918.96
719,6,3,2,3,32,Lakeview,Unfurnished,No,No,No,No,No,Yes,547327.59
2425,4,3,1,3,2,Northend,Semi-Furnished,No,No,Yes,Yes,Yes,No,483624.86
3472,3,1,1,1,13,Midtown,Unfurnished,No,No,No,Yes,Yes,Yes,794745.44
4013,5,2,3,0,14,Downtown,Unfurnished,Yes,Yes,No,No,No,No,1050593.39
2948,6,4,3,2,32,Suburban,Semi-Furnished,Yes,No,No,Yes,Yes,No,586195.9
3971,1,1,3,3,41,Northend,Semi-Furnished,No,No,No,Yes,No,No,489775.25
3274,4,3,3,0,21,Lakeview,Furnished,No,No,No,Yes,No,No,955175.46
1490,6,2,2,1,0,Northend,Furnished,No,No,No,No,Yes,No,398076.32
3446,1,3,1,2,30,Uptown,Unfurnished,No,Yes,No,No,No,No,716791.59
2312,3,1,1,0,46,Westside,Unfurnished,Yes,No,Yes,No,No,Yes,454208.88
1303,2,3,1,0,34,Suburban,Unfurnished,Yes,No,No,No,Yes,No,226944.04
989,6,2,1,3,19,Southend,Furnished,Yes,No,No,Yes,Yes,No,387984.83
4056,4,2,2,3,31,Westside,Semi-Furnished,Yes,Yes,No,Yes,No,Yes,837894.97
1993,1,1,1,2,11,Southend,Semi-Furnished,Yes,No,Yes,Yes,Yes,Yes,454704.73
4145,1,2,2,0,15,Lakeview,Furnished,No,No,No,Yes,Yes,Yes,1136582.93
3391,6,3,2,1,7,Rural,Semi-Furnished,No,No,Yes,Yes,No,No,491907.69
2205,1,3,3,1,13,Westside,Semi-Furnished,Yes,No,No,Yes,Yes,No,511712.17
4016,2,4,3,2,17,Lakeview,Semi-Furnished,Yes,No,No,Yes,Yes,No,1142970.53
3840,1,4,1,0,29,Uptown,Furnished,Yes,No,No,Yes,Yes,No,864536.88
553,5,4,2,3,32,Southend,Unfurnished,Yes,Yes,No,Yes,Yes,No,328859.69
3075,5,3,3,0,33,Lakeview,Semi-Furnished,Yes,No,No,Yes,Yes,No,929843.5
4091,1,3,2,3,43,Downtown,Semi-Furnished,Yes,Yes,No,Yes,Yes,No,1012490.52
1115,6,1,3,1,48,Southend,Unfurnished,Yes,No,Yes,Yes,No,No,283672.83
1454,5,4,2,2,33,Uptown,Semi-Furnished,Yes,No,No,Yes,No,No,498865.46
2933,4,3,1,2,48,Downtown,Semi-Furnished,Yes,No,No,Yes,Yes,Yes,843326.53
2129,5,1,1,2,6,Lakeview,Unfurnished,Yes,No,No,Yes,Yes,No,727445.17
3281,1,3,2,3,5,Northend,Furnished,Yes,No,No,Yes,Yes,No,537838.93
1149,6,1,3,1,5,Eastside,Furnished,No,No,No,Yes,Yes,No,394706.1
2847,3,4,3,1,21,Westside,Semi-Furnished,Yes,No,No,No,No,No,584208.66
4990,6,4,1,2,7,Suburban,Semi-Furnished,Yes,No,No,Yes,No,Yes,899492.4
3778,6,4,1,2,36,Uptown,Unfurnished,Yes,No,No,Yes,Yes,No,928960.32
3140,6,3,1,3,14,Rural,Unfurnished,No,Yes,No,Yes,Yes,Yes,466716.85
4301,4,3,3,3,25,Suburban,Semi-Furnished,Yes,No,No,No,No,Yes,788862.45
3061,2,1,3,0,38,Lakeview,Semi-Furnished,Yes,No,No,No,No,No,762386.6
3749,1,2,1,3,2,Downtown,Furnished,No,No,No,Yes,Yes,Yes,1054443.14
870,2,2,2,0,9,Southend,Furnished,Yes,No,No,Yes,No,No,276469.0
1357,3,4,3,2,2,Suburban,Furnished,Yes,No,No,Yes,Yes,Yes,525778.82
883,2,2,1,1,29,Downtown,Furnished,Yes,No,No,Yes,Yes,Yes,437256.41
4377,1,4,2,3,45,Eastside,Unfurnished,No,Yes,No,Yes,Yes,Yes,645576.93
3052,1,1,3,1,21,Southend,Furnished,Yes,No,Yes,No,Yes,Yes,579188.11
4834,3,2,2,3,2,Westside,Furnished,No,No,No,No,Yes,Yes,976171.72
4790,1,2,2,3,0,Northend,Semi-Furnished,Yes,Yes,No,Yes,No,No,707066.46
3225,3,4,3,0,32,Eastside,Furnished,Yes,No,Yes,Yes,Yes,Yes,621500.08
4534,3,1,1,3,18,Southend,Semi-Furnished,Yes,No,No,Yes,Yes,No,690250.82
3793,1,2,2,2,35,Eastside,Semi-Furnished,Yes,No,Yes,Yes,Yes,No,576238.83
4751,5,2,1,1,33,Westside,Furnished,No,No,No,No,Yes,No,819966.75
4488,3,2,3,3,30,Downtown,Furnished,No,No,Yes,Yes,No,No,1148180.39
1422,1,1,2,1,42,Southend,Semi-Furnished,No,No,No,Yes,Yes,No,255278.95
3415,5,1,2,1,23,Lakeview,Unfurnished,No,No,No,No,No,Yes,954560.92
3450,3,2,2,1,11,Uptown,Semi-Furnished,Yes,No,No,Yes,No,No,862768.03
3546,5,4,2,3,12,Suburban,Unfurnished,No,No,No,Yes,Yes,No,709530.25
1474,4,4,2,0,15,Northend,Unfurnished,Yes,Yes,Yes,No,No,No,349186.03
1730,6,2,3,1,15,Midtown,Furnished,Yes,Yes,No,Yes,Yes,No,686646.66
2935,4,1,2,1,19,Rural,Furnished,Yes,No,No,Yes,Yes,No,360444.09
2314,5,2,3,3,40,Downtown,Furnished,Yes,No,No,No,Yes,No,732711.86
3434,3,1,1,3,47,Uptown,Furnished,No,No,No,No,Yes,No,753512.93
1863,1,2,3,2,26,Rural,Semi-Furnished,Yes,No,Yes,Yes,Yes,Yes,332474.9
4440,2,1,2,2,38,Midtown,Unfurnished,No,No,No,Yes,No,Yes,855002.82
703,1,3,1,0,12,Southend,Semi-Furnished,Yes,Yes,No,Yes,No,No,247751.25
660,2,4,3,0,3,Eastside,Unfurnished,No,No,No,Yes,Yes,Yes,301260.51
4987,2,3,3,0,31,Uptown,Semi-Furnished,Yes,No,No,Yes,No,Yes,1139293.78
1268,3,4,3,0,44,Northend,Unfurnished,Yes,Yes,No,No,Yes,Yes,323081.53
4248,5,1,2,1,39,Westside,Furnished,Yes,No,No,Yes,No,Yes,822110.0
3081,1,3,2,3,33,Lakeview,Unfurnished,Yes,No,No,Yes,No,No,796919.77
1593,5,4,3,2,38,Suburban,Furnished,Yes,No,No,Yes,Yes,No,452761.06
1107,4,2,3,1,42,Eastside,Unfurnished,Yes,Yes,No,Yes,No,Yes,311771.54
2040,3,1,1,3,16,Downtown,Semi-Furnished,Yes,No,Yes,No,No,Yes,717844.52
3375,3,1,2,3,23,Rural,Unfurnished,Yes,No,Yes,Yes,Yes,Yes,471580.83
3691,4,2,2,1,28,Downtown,Semi-Furnished,Yes,No,No,Yes,Yes,No,935156.32
2337,1,2,1,1,45,Downtown,Semi-Furnished,Yes,No,No,Yes,Yes,No,582728.48
1189,6,4,3,2,27,Uptown,Furnished,No,No,Yes,Yes,Yes,No,619762.43
4259,4,1,3,0,44,Westside,Unfurnished,Yes,No,Yes,Yes,No,No,719502.4
3449,1,4,1,0,46,Rural,Semi-Furnished,No,No,No,No,No,Yes,359163.82
2603,2,2,3,2,21,Rural,Unfurnished,Yes,No,No,No,No,Yes,374959.14
865,3,1,3,2,27,Rural,Furnished,No,No,No,Yes,Yes,No,239215.94
4075,1,2,1,0,24,Downtown,Furnished,Yes,No,Yes,Yes,Yes,No,1003715.04
4699,5,4,1,1,40,Uptown,Unfurnished,Yes,Yes,No,Yes,Yes,Yes,1160625.46
4672,5,4,1,0,2,Downtown,Semi-Furnished,Yes,No,No,No,No,Yes,1238082.72
4825,3,4,3,3,12,Lakeview,Semi-Furnished,Yes,No,No,Yes,No,No,1327431.39
2878,4,1,1,3,30,Lakeview,Semi-Furnished,Yes,No,No,Yes,No,Yes,856019.22
1705,6,2,3,2,12,Rural,Unfurnished,Yes,No,Yes,Yes,No,Yes,348480.63
4339,4,2,2,0,40,Westside,Semi-Furnished,Yes,No,No,Yes,Yes,No,766255.5
3235,1,4,2,0,17,Westside,Semi-Furnished,Yes,No,No,Yes,Yes,No,625375.51
3847,4,4,1,3,36,Rural,Semi-Furnished,Yes,No,No,No,Yes,Yes,482351.26
2175,3,4,3,0,42,Southend,Furnished,Yes,No,No,Yes,No,No,404944.39
798,1,4,3,2,33,Northend,Semi-Furnished,Yes,No,No,No,No,Yes,275210.56
1456,2,3,3,2,16,Rural,Unfurnished,Yes,No,No,No,Yes,Yes,288365.67
1614,4,3,1,3,20,Uptown,Unfurnished,Yes,No,No,No,No,Yes,557462.98
3005,4,3,3,0,35,Uptown,Semi-Furnished,Yes,No,No,Yes,No,No,758738.52
1974,6,4,3,0,49,Uptown,Unfurnished,Yes,No,No,Yes,Yes,No,614806.85
4960,1,4,3,3,39,Rural,Unfurnished,Yes,No,No,No,No,No,511367.18
4946,5,2,2,1,18,Uptown,Semi-Furnished,Yes,No,No,Yes,Yes,Yes,1209597.18
4226,4,1,3,1,11,Uptown,Furnished,Yes,Yes,No,No,Yes,No,1089138.39
3971,3,2,2,0,27,Midtown,Semi-Furnished,No,Yes,Yes,Yes,No,No,839159.67
3328,4,3,3,2,10,Midtown,Unfurnished,Yes,No,No,No,No,Yes,884477.92
3350,6,2,3,1,47,Suburban,Unfurnished,Yes,Yes,Yes,No,Yes,No,639498.33
3006,2,4,3,0,36,Southend,Semi-Furnished,Yes,No,No,Yes,Yes,Yes,582418.63
4270,6,3,2,1,27,Eastside,Unfurnished,No,Yes,No,No,Yes,Yes,684700.06
3464,4,3,3,3,34,Downtown,Furnished,Yes,No,No,Yes,Yes,No,971532.39
1449,5,1,1,1,43,Uptown,Semi-Furnished,Yes,Yes,No,Yes,Yes,Yes,523056.48
3350,4,1,3,1,14,Suburban,Unfurnished,Yes,No,No,No,Yes,Yes,631011.08
665,1,3,2,3,15,Lakeview,Furnished,Yes,No,No,Yes,Yes,No,465241.1
3986,4,3,2,2,44,Westside,Unfurnished,Yes,No,No,Yes,Yes,No,715918.15
3009,5,2,1,0,6,Eastside,Furnished,Yes,No,No,Yes,No,No,514989.48
1419,1,3,1,2,46,Suburban,Unfurnished,No,No,No,Yes,No,Yes,274376.75
613,3,4,1,2,2,Westside,Semi-Furnished,No,No,No,Yes,Yes,Yes,375716.16
4004,1,2,2,1,30,Rural,Unfurnished,No,Yes,No,Yes,Yes,No,426692.74
1491,6,4,3,0,11,Southend,Semi-Furnished,Yes,No,Yes,Yes,Yes,No,488174.96
4339,2,4,3,1,7,Midtown,Furnished,Yes,No,Yes,Yes,Yes,Yes,1161509.87
1758,6,4,1,3,24,Rural,Furnished,Yes,No,No,No,No,Yes,372033.37
3926,1,3,1,2,43,Rural,Unfurnished,No,No,No,No,Yes,Yes,417891.01
1014,3,1,3,2,49,Suburban,Semi-Furnished,Yes,No,No,Yes,Yes,No,269723.23
3696,4,1,1,3,34,Southend,Semi-Furnished,No,Yes,No,No,Yes,No,606063.55
4934,1,4,3,0,11,Northend,Furnished,No,Yes,No,No,Yes,No,685051.84
3084,6,3,3,2,20,Uptown,Furnished,Yes,No,No,Yes,Yes,No,939184.88
567,1,2,3,2,25,Southend,Unfurnished,Yes,No,No,No,No,No,168640.25
2096,1,4,3,0,1,Suburban,Furnished,Yes,Yes,No,No,Yes,No,545901.31
4978,1,2,2,1,13,Westside,Furnished,Yes,Yes,No,No,Yes,No,919181.55
518,3,2,3,3,45,Eastside,Semi-Furnished,Yes,No,No,No,No,No,168629.03
3230,5,3,1,0,3,Westside,Semi-Furnished,Yes,No,No,No,No,No,629984.99
4021,5,3,1,3,16,Rural,Semi-Furnished,Yes,Yes,Yes,Yes,Yes,No,536950.26
1072,1,1,1,3,46,Lakeview,Furnished,Yes,No,No,Yes,Yes,Yes,488988.1
2758,3,1,1,2,47,Lakeview,Unfurnished,Yes,Yes,No,Yes,No,No,678228.73
3402,3,3,2,0,4,Lakeview,Unfurnished,No,No,No,Yes,Yes,No,946927.79
1150,1,4,3,3,23,Southend,Furnished,Yes,Yes,Yes,Yes,Yes,Yes,473148.5
3087,6,1,3,1,48,Northend,Unfurnished,Yes,Yes,No,Yes,Yes,Yes,528937.13
3762,6,2,1,3,6,Northend,Furnished,Yes,No,No,Yes,Yes,No,625706.68
1838,2,4,1,2,22,Northend,Unfurnished,Yes,No,No,Yes,Yes,No,332024.65
4134,1,2,1,1,46,Southend,Furnished,Yes,No,Yes,Yes,No,Yes,639776.95
3327,2,3,3,1,16,Downtown,Semi-Furnished,Yes,Yes,No,No,No,No,935972.61
2717,6,2,2,0,11,Northend,Unfurnished,Yes,No,Yes,Yes,No,No,495260.77
4039,6,4,2,1,10,Suburban,Semi-Furnished,Yes,Yes,No,Yes,Yes,Yes,831949.01
1537,1,3,2,0,10,Midtown,Semi-Furnished,Yes,No,No,Yes,No,Yes,518090.16
4883,2,4,2,0,33,Downtown,Unfurnished,Yes,Yes,No,No,No,Yes,1154649.47
4478,2,2,1,1,46,Westside,Furnished,Yes,Yes,No,No,No,No,733418.35
3461,1,4,3,0,36,Lakeview,Semi-Furnished,Yes,No,No,Yes,Yes,No,909930.76
3726,2,3,1,0,49,Downtown,Semi-Furnished,No,No,No,Yes,No,No,749758.6
1598,4,2,2,1,28,Uptown,Furnished,Yes,No,No,No,Yes,Yes,613058.48
2824,6,2,1,2,47,Southend,Furnished,No,No,No,No,No,No,422197.42
1439,5,1,2,3,35,Downtown,Unfurnished,Yes,No,No,Yes,Yes,Yes,533527.87
4216,3,1,3,0,26,Southend,Unfurnished,Yes,Yes,No,No,No,No,635058.57
3914,2,4,2,0,41,Midtown,Furnished,Yes,No,No,Yes,Yes,No,841805.14
1948,2,1,1,1,21,Rural,Semi-Furnished,No,Yes,No,Yes,Yes,No,251919.0
1070,3,1,3,3,1,Northend,Furnished,No,Yes,No,No,No,No,326314.99
3404,2,1,2,3,46,Westside,Unfurnished,Yes,Yes,No,Yes,Yes,Yes,687343.61
3005,3,1,2,0,35,Eastside,Semi-Furnished,No,Yes,No,No,No,Yes,475346.01
1417,1,3,3,1,47,Southend,Semi-Furnished,Yes,No,Yes,Yes,No,No,330178.59
2374,4,3,1,2,29,Uptown,Unfurnished,Yes,No,No,Yes,Yes,No,626391.64
2178,4,1,3,3,6,Suburban,Semi-Furnished,Yes,No,No,Yes,No,Yes,558683.65
1115,6,4,1,2,11,Rural,Furnished,Yes,No,No,Yes,No,No,291764.92
2249,5,3,2,1,2,Rural,Unfurnished,Yes,No,No,Yes,Yes,No,354212.87
4325,2,1,2,2,16,Midtown,Semi-Furnished,Yes,No,Yes,Yes,No,Yes,985883.4
4688,5,3,3,1,40,Lakeview,Unfurnished,No,No,No,Yes,Yes,No,1185178.38
2977,1,2,2,0,31,Eastside,Semi-Furnished,Yes,No,Yes,Yes,No,Yes,476885.64
4005,4,3,3,2,7,Lakeview,Furnished,No,No,No,Yes,Yes,No,1223092.82
3975,1,3,2,0,22,Westside,Unfurnished,Yes,No,Yes,No,No,Yes,758813.76
1635,1,4,2,0,37,Rural,Semi-Furnished,Yes,No,Yes,No,Yes,No,274435.96
4500,2,3,1,1,29,Eastside,Furnished,Yes,No,No,Yes,No,No,661680.95
874,1,4,3,2,14,Midtown,Furnished,Yes,No,Yes,Yes,Yes,No,490746.47
706,4,2,3,3,9,Lakeview,Furnished,No,No,No,No,Yes,Yes,629732.84
1819,5,1,2,2,37,Northend,Semi-Furnished,Yes,No,No,No,No,No,331145.7
1641,4,4,1,3,14,Eastside,Semi-Furnished,Yes,No,No,Yes,No,No,406504.51
3190,2,3,1,0,29,Eastside,Furnished,Yes,No,No,Yes,No,No,494036.4
3755,4,3,3,0,45,Southend,Furnished,No,No,No,No,Yes,No,607728.03
589,3,4,3,1,25,Northend,Furnished,Yes,No,Yes,Yes,No,Yes,305100.0
4608,5,2,2,3,44,Downtown,Furnished,No,No,No,Yes,No,Yes,1160663.15
3520,3,1,3,2,13,Eastside,Furnished,Yes,Yes,No,No,Yes,No,624845.57
2357,3,3,2,1,2,Rural,Semi-Furnished,Yes,No,No,Yes,Yes,No,375329.77
1304,6,2,1,1,35,Midtown,Unfurnished,Yes,No,No,Yes,No,Yes,458837.27
1444,2,1,3,1,25,Westside,Unfurnished,Yes,Yes,Yes,No,No,No,399690.57
3289,1,1,1,2,13,Uptown,Unfurnished,Yes,No,Yes,Yes,No,Yes,828445.39
4375,3,3,1,1,30,Northend,Semi-Furnished,Yes,No,No,No,No,No,576916.07
2110,4,4,2,2,13,Suburban,Unfurnished,Yes,Yes,No,No,No,Yes,523649.84
3423,1,3,1,1,39,Uptown,Unfurnished,Yes,Yes,No,Yes,No,No,690666.68
4382,4,3,2,3,9,Uptown,Unfurnished,Yes,No,No,Yes,No,No,1022661.06
3721,4,3,2,0,8,Rural,Unfurnished,No,No,No,Yes,No,No,424021.37
4891,1,2,1,3,45,Lakeview,Furnished,Yes,Yes,No,No,No,No,1133838.22
2887,1,4,1,3,39,Uptown,Semi-Furnished,Yes,No,Yes,Yes,Yes,Yes,806304.44
1441,4,2,2,1,42,Midtown,Unfurnished,Yes,No,Yes,Yes,No,No,409187.55
3066,2,3,2,3,41,Uptown,Furnished,Yes,Yes,Yes,No,Yes,No,820551.7
1475,5,4,1,3,17,Lakeview,Unfurnished,Yes,No,Yes,No,Yes,No,658861.57
1454,6,1,2,3,35,Southend,Unfurnished,No,No,No,Yes,No,No,323289.73
1762,5,4,2,1,35,Eastside,Unfurnished,Yes,No,No,No,No,Yes,385988.43
1443,2,3,3,2,11,Downtown,Unfurnished,Yes,No,Yes,Yes,Yes,No,637031.22
2702,6,4,3,0,49,Rural,Unfurnished,Yes,Yes,No,No,Yes,No,364435.44
3827,1,1,3,0,39,Southend,Furnished,Yes,No,No,No,Yes,Yes,646797.53
4774,6,1,3,2,2,Midtown,Unfurnished,Yes,No,Yes,Yes,No,No,1089025.41
2759,4,4,3,2,17,Midtown,Furnished,No,No,No,No,Yes,No,774748.14
2328,5,1,2,3,6,Lakeview,Unfurnished,Yes,No,No,No,Yes,Yes,850752.57
1757,6,2,2,0,30,Westside,Semi-Furnished,No,Yes,No,No,Yes,No,469827.27
964,4,4,3,2,0,Rural,Furnished,Yes,No,No,No,Yes,Yes,319615.01
3794,2,1,1,3,30,Rural,Unfurnished,Yes,No,No,Yes,No,No,366737.86
1730,6,1,3,0,12,Southend,Furnished,Yes,No,No,Yes,Yes,No,465510.12
3154,4,4,1,1,28,Uptown,Unfurnished,Yes,No,Yes,Yes,No,Yes,837303.77
1384,2,2,2,1,2,Eastside,Unfurnished,Yes,Yes,No,No,Yes,No,321691.46
4305,1,4,1,0,28,Uptown,Furnished,Yes,Yes,No,Yes,Yes,No,1004436.79
4356,2,1,2,0,34,Westside,Unfurnished,Yes,No,No,No,No,No,664890.38
3635,2,4,1,1,14,Northend,Unfurnished,Yes,No,No,No,Yes,No,503220.92
1424,5,1,2,1,20,Northend,Unfurnished,Yes,No,No,Yes,No,Yes,336667.91
2046,4,3,2,0,18,Suburban,Unfurnished,No,Yes,No,Yes,No,No,422264.61
1594,6,4,3,3,27,Southend,Unfurnished,Yes,No,Yes,Yes,No,No,459536.28
2911,5,4,2,2,3,Lakeview,Unfurnished,No,No,No,Yes,No,Yes,1014808.25
3117,3,1,3,2,44,Westside,Furnished,Yes,No,No,No,Yes,No,583756.3
1262,2,1,3,0,12,Eastside,Semi-Furnished,Yes,No,No,Yes,No,No,262145.03
2823,3,1,3,2,14,Rural,Unfurnished,No,Yes,Yes,No,Yes,Yes,458326.26
4645,5,1,1,1,47,Midtown,Furnished,Yes,No,No,Yes,No,Yes,940699.85
3275,4,4,1,1,38,Westside,Semi-Furnished,Yes,No,No,Yes,No,No,619856.5
3655,5,1,2,2,31,Eastside,Furnished,No,No,No,Yes,Yes,Yes,606719.13
4470,4,4,3,0,2,Westside,Semi-Furnished,Yes,No,Yes,No,No,No,883645.95
2540,4,2,3,1,29,Uptown,Semi-Furnished,No,No,No,Yes,No,Yes,767875.37
1083,1,4,2,3,19,Suburban,Semi-Furnished,Yes,Yes,No,No,Yes,No,341317.87
4831,2,1,3,3,1,Eastside,Furnished,Yes,No,No,Yes,No,Yes,781653.83
2603,5,1,2,1,49,Uptown,Semi-Furnished,No,No,Yes,Yes,No,No,669029.6
2442,4,2,3,1,24,Southend,Unfurnished,Yes,No,No,Yes,Yes,No,481407.67
4955,5,4,1,2,10,Midtown,Unfurnished,Yes,Yes,No,Yes,Yes,No,1128023.93
609,5,2,2,0,0,Lakeview,Semi-Furnished,Yes,No,No,Yes,Yes,No,506739.49
691,4,4,2,2,47,Suburban,Semi-Furnished,Yes,Yes,No,Yes,Yes,Yes,329293.7
1403,6,1,1,0,48,Eastside,Unfurnished,Yes,No,No,Yes,No,No,253440.15
1361,3,4,2,3,47,Eastside,Furnished,No,No,No,Yes,No,Yes,344064.08
1583,2,1,1,3,9,Downtown,Furnished,No,No,No,Yes,Yes,No,574898.41
1149,2,1,3,0,16,Uptown,Unfurnished,Yes,No,No,Yes,Yes,No,399343.48
4634,6,3,1,2,29,Rural,Furnished,No,No,Yes,No,Yes,Yes,583811.99
4111,1,3,1,1,34,Southend,Furnished,Yes,Yes,No,Yes,No,Yes,627196.84
1136,6,4,2,0,49,Southend,Semi-Furnished,Yes,No,Yes,Yes,No,No,326685.78
1536,1,1,3,2,18,Eastside,Furnished,Yes,Yes,Yes,No,Yes,No,400235.12
4631,1,2,1,3,45,Southend,Unfurnished,Yes,No,No,Yes,No,No,616599.83
2648,6,1,3,1,33,Suburban,Furnished,Yes,Yes,No,Yes,Yes,No,554803.0
4365,2,2,1,3,31,Lakeview,Semi-Furnished,Yes,Yes,No,Yes,No,No,1110733.29
3657,3,4,2,0,11,Northend,Unfurnished,No,No,No,No,No,No,508412.17
4087,2,4,1,3,42,Lakeview,Unfurnished,Yes,Yes,No,Yes,No,No,1035806.13
3794,2,2,1,3,16,Lakeview,Unfurnished,Yes,No,No,Yes,No,No,927584.83
4761,2,2,3,0,5,Lakeview,Semi-Furnished,Yes,No,Yes,Yes,No,Yes,1391904.24
2930,6,1,1,1,12,Downtown,Unfurnished,No,No,No,Yes,Yes,No,805100.68
2379,6,4,2,0,38,Rural,Semi-Furnished,Yes,Yes,No,No,No,No,352102.32
4466,6,1,2,2,21,Northend,Semi-Furnished,Yes,Yes,Yes,No,No,No,659826.34
4213,2,2,1,0,10,Northend,Furnished,Yes,No,No,Yes,Yes,Yes,613083.54
4626,3,3,1,0,6,Lakeview,Unfurnished,No,No,No,Yes,Yes,No,1168569.03
4606,1,3,3,1,44,Northend,Furnished,Yes,No,No,Yes,No,No,588810.19
2511,5,3,3,2,44,Eastside,Furnished,Yes,No,No,No,Yes,Yes,553713.17
3873,1,2,2,3,20,Suburban,Semi-Furnished,Yes,No,Yes,Yes,Yes,Yes,722859.6
2643,1,1,3,3,0,Rural,Furnished,Yes,Yes,No,No,Yes,No,425530.6
3000,5,4,1,3,29,Southend,Furnished,No,Yes,No,Yes,Yes,No,584530.58
1789,2,2,2,3,18,Suburban,Furnished,Yes,No,No,No,No,No,350708.01
1947,3,3,3,1,46,Eastside,Unfurnished,Yes,Yes,No,Yes,Yes,Yes,407842.0
3699,3,1,2,2,45,Downtown,Furnished,Yes,No,Yes,Yes,No,Yes,1013641.01
2443,1,4,1,1,28,Rural,Semi-Furnished,No,No,No,Yes,No,No,290003.72
3683,5,4,3,0,34,Downtown,Unfurnished,Yes,No,Yes,No,No,No,967745.09
3716,4,2,1,2,19,Westside,Semi-Furnished,Yes,Yes,No,Yes,No,No,721492.26
3636,2,2,1,2,35,Midtown,Unfurnished,Yes,No,Yes,Yes,Yes,Yes,851275.43
3818,1,4,2,3,38,Downtown,Unfurnished,Yes,No,No,No,Yes,No,921434.08
3282,3,4,2,3,0,Uptown,Unfurnished,Yes,No,No,No,No,Yes,911413.59
1490,6,3,2,3,22,Midtown,Semi-Furnished,Yes,Yes,No,No,Yes,No,599535.98
2653,6,4,3,3,30,Lakeview,Furnished,Yes,No,No,Yes,No,No,965465.05
725,5,2,3,0,34,Lakeview,Unfurnished,Yes,No,No,No,No,No,366821.01
1276,5,1,2,3,46,Suburban,Semi-Furnished,Yes,Yes,No,No,No,Yes,362279.12
3337,1,3,3,1,44,Eastside,Unfurnished,Yes,Yes,Yes,No,No,No,478794.68
1187,4,3,3,2,21,Northend,Furnished,Yes,Yes,No,No,Yes,No,344557.14
1029,3,4,2,0,45,Midtown,Unfurnished,No,No,No,Yes,Yes,No,289729.3
3942,1,1,1,0,6,Southend,Semi-Furnished,Yes,No,No,Yes,Yes,No,588016.84
2653,4,3,3,2,32,Rural,Unfurnished,Yes,Yes,No,Yes,No,Yes,420137.81
1794,5,2,3,2,44,Westside,Semi-Furnished,Yes,Yes,No,No,Yes,No,467315.51
2026,6,4,1,2,35,Eastside,Furnished,No,No,No,Yes,No,No,438680.62
3396,2,2,1,0,43,Eastside,Furnished,Yes,Yes,No,Yes,Yes,No,525621.43
3603,6,4,1,1,6,Westside,Unfurnished,Yes,No,No,No,No,No,712400.58
2940,3,3,2,1,26,Southend,Furnished,Yes,No,No,Yes,Yes,No,533252.4
4635,3,4,1,2,1,Downtown,Semi-Furnished,Yes,No,No,No,Yes,No,1213551.81
4302,6,1,2,0,16,Southend,Unfurnished,Yes,Yes,No,No,No,No,666233.77
1344,6,2,1,3,0,Southend,Semi-Furnished,Yes,Yes,Yes,Yes,No,No,456289.82
946,4,1,1,0,45,Midtown,Unfurnished,Yes,No,No,No,Yes,Yes,344296.46
4415,1,2,2,2,29,Uptown,Semi-Furnished,Yes,Yes,No,Yes,No,No,956888.54
3609,5,2,2,0,21,Rural,Unfurnished,Yes,No,No,Yes,Yes,No,435876.17
1734,4,4,1,0,27,Eastside,Semi-Furnished,Yes,No,No,No,No,Yes,350176.56
726,2,3,1,0,32,Suburban,Semi-Furnished,No,Yes,No,No,No,No,181114.06
4643,6,3,1,3,25,Northend,Unfurnished,Yes,No,No,Yes,No,No,674680.56
3459,2,1,3,2,34,Southend,Semi-Furnished,Yes,Yes,Yes,Yes,Yes,Yes,662224.91
2330,2,4,1,2,10,Westside,Furnished,Yes,No,No,No,No,No,544772.34
4279,4,3,2,2,6,Southend,Semi-Furnished,Yes,No,No,Yes,Yes,No,741795.32
686,5,2,3,1,27,Westside,Unfurnished,No,Yes,No,Yes,No,No,312978.65
3377,3,2,2,1,24,Rural,Furnished,Yes,No,No,No,Yes,No,410395.51
3035,1,4,3,2,40,Lakeview,Furnished,Yes,No,Yes,Yes,Yes,Yes,1062552.29
2432,3,1,3,0,30,Rural,Semi-Furnished,Yes,No,No,Yes,Yes,Yes,333980.39
3424,5,4,2,0,2,Suburban,Semi-Furnished,Yes,No,No,Yes,No,No,641004.48
1348,3,1,3,2,32,Uptown,Semi-Furnished,Yes,No,No,No,Yes,No,463000.51
2532,6,4,2,3,33,Midtown,Furnished,No,No,No,Yes,No,No,717438.46
1752,6,2,1,3,20,Westside,Furnished,Yes,Yes,No,Yes,Yes,No,547020.01
2381,4,4,3,0,36,Uptown,Furnished,Yes,No,No,No,No,No,665051.94
769,2,3,2,0,48,Westside,Unfurnished,No,No,No,Yes,Yes,No,193673.18
2130,5,3,3,1,18,Midtown,Unfurnished,Yes,No,No,Yes,No,No,609244.99
4905,5,4,2,3,36,Rural,Semi-Furnished,Yes,No,No,Yes,No,Yes,602835.07
3703,3,1,1,0,20,Downtown,Unfurnished,No,Yes,No,No,No,No,825151.94
2074,4,1,1,0,13,Uptown,Unfurnished,Yes,No,No,Yes,No,No,579132.95
3392,3,2,3,2,9,Westside,Semi-Furnished,No,Yes,No,Yes,Yes,No,723492.42
2195,3,2,3,1,6,Uptown,Semi-Furnished,Yes,No,No,Yes,Yes,No,701837.22
3758,5,1,2,3,28,Uptown,Furnished,No,No,No,Yes,Yes,No,954822.38
3762,3,4,2,3,39,Westside,Furnished,Yes,Yes,No,No,Yes,Yes,820728.38
1945,2,2,3,1,7,Midtown,Semi-Furnished,Yes,No,No,Yes,No,No,592627.21
719,3,1,2,0,38,Midtown,Semi-Furnished,No,Yes,Yes,No,Yes,No,347049.9
552,2,1,2,3,12,Northend,Unfurnished,Yes,No,No,No,Yes,No,198655.81
2257,5,4,2,3,45,Northend,Unfurnished,Yes,No,Yes,No,No,No,421407.37
2166,4,3,3,3,18,Rural,Unfurnished,Yes,No,No,Yes,Yes,No,345309.25
3285,6,1,1,2,10,Eastside,Semi-Furnished,Yes,No,Yes,Yes,No,No,555053.47
1219,2,2,1,1,1,Uptown,Semi-Furnished,Yes,Yes,Yes,No,No,No,514774.62
905,4,4,2,3,48,Uptown,Furnished,No,Yes,Yes,Yes,Yes,Yes,589445.35
2794,4,4,3,1,5,Rural,Unfurnished,No,No,Yes,No,No,No,412598.12
571,2,4,2,0,28,Suburban,Furnished,No,Yes,No,Yes,Yes,No,284515.15
2553,5,3,1,1,40,Rural,Semi-Furnished,Yes,No,No,Yes,Yes,No,321875.62
1729,1,3,2,2,4,Eastside,Unfurnished,No,No,No,Yes,No,No,345539.48
2067,4,2,1,2,40,Rural,Furnished,Yes,No,No,Yes,Yes,No,326521.93
4182,4,2,3,1,29,Suburban,Semi-Furnished,No,No,Yes,No,Yes,Yes,752252.84
3453,5,4,2,2,38,Midtown,Furnished,No,No,Yes,No,No,Yes,916656.71
4982,5,2,3,3,35,Uptown,Unfurnished,Yes,No,Yes,No,Yes,No,1172250.56
1198,3,1,2,2,26,Eastside,Furnished,Yes,Yes,No,No,Yes,Yes,381395.5
1326,5,3,2,0,49,Downtown,Furnished,No,No,No,Yes,No,Yes,527399.45
848,4,4,2,1,17,Northend,Semi-Furnished,Yes,No,No,Yes,No,No,275397.88
4408,2,4,2,1,48,Lakeview,Unfurnished,Yes,No,No,No,No,No,1002284.06
807,1,1,2,0,35,Rural,Furnished,No,No,No,Yes,No,Yes,170107.95
3916,3,1,3,0,15,Westside,Semi-Furnished,Yes,No,No,No,Yes,Yes,787776.78
2834,2,1,3,0,4,Midtown,Unfurnished,No,Yes,No,No,Yes,No,698512.27
3309,1,1,1,0,8,Uptown,Semi-Furnished,No,Yes,Yes,No,No,No,802513.93
4058,1,4,2,3,33,Lakeview,Unfurnished,Yes,No,Yes,No,No,No,1058719.18
4978,1,3,1,2,33,Westside,Semi-Furnished,Yes,No,No,No,Yes,Yes,873471.02
3977,6,3,3,2,35,Suburban,Semi-Furnished,Yes,No,Yes,Yes,No,Yes,814896.1
3186,2,1,1,3,30,Rural,Semi-Furnished,Yes,No,No,Yes,Yes,No,374541.75
3485,3,2,3,0,19,Northend,Furnished,Yes,No,No,Yes,Yes,No,529947.11
775,3,4,2,1,16,Northend,Furnished,No,No,Yes,Yes,Yes,No,304628.28
3047,1,3,1,1,19,Downtown,Semi-Furnished,Yes,Yes,Yes,No,No,No,831856.02
3264,2,1,1,1,27,Lakeview,Unfurnished,Yes,Yes,Yes,Yes,Yes,Yes,992059.1
836,6,2,1,0,20,Northend,Semi-Furnished,Yes,No,No,No,No,Yes,290786.48
2473,1,2,1,3,18,Suburban,Furnished,Yes,No,Yes,Yes,Yes,Yes,561209.73
3479,5,1,2,3,2,Lakeview,Unfurnished,No,No,Yes,Yes,Yes,Yes,1192847.17
4468,3,4,3,3,29,Lakeview,Furnished,No,No,No,Yes,Yes,No,1255927.33
1410,4,3,3,2,4,Northend,Semi-Furnished,Yes,No,Yes,No,Yes,No,397196.15
2496,1,2,2,2,41,Lakeview,Furnished,Yes,Yes,Yes,No,Yes,Yes,839709.6
3629,5,3,3,2,5,Uptown,Furnished,Yes,Yes,Yes,Yes,No,No,1110285.83
4704,3,3,1,2,2,Downtown,Furnished,Yes,No,Yes,No,Yes,No,1231459.93
4257,6,2,2,1,48,Northend,Semi-Furnished,Yes,No,No,Yes,Yes,Yes,612199.59
827,2,1,3,1,41,Uptown,Furnished,Yes,No,Yes,No,Yes,No,407054.04
2299,3,2,2,3,23,Downtown,Semi-Furnished,Yes,Yes,No,No,Yes,No,757869.29
814,2,2,2,2,43,Midtown,Semi-Furnished,Yes,No,No,No,No,No,251505.22
4045,2,4,3,3,0,Downtown,Furnished,Yes,No,No,Yes,No,Yes,1219719.12
1634,6,3,3,0,49,Southend,Unfurnished,Yes,No,No,Yes,No,No,339820.2
3246,6,1,2,2,35,Lakeview,Furnished,Yes,Yes,Yes,No,Yes,No,1074785.13
2020,1,3,2,2,14,Suburban,Furnished,Yes,No,No,Yes,No,Yes,478833.74
655,1,2,3,3,40,Northend,Furnished,Yes,No,No,No,No,Yes,255721.85
2224,3,1,2,3,37,Midtown,Unfurnished,Yes,No,No,Yes,Yes,No,522341.74
3843,6,1,3,0,43,Southend,Unfurnished,Yes,No,No,No,No,No,546755.75
1386,5,1,2,3,17,Suburban,Semi-Furnished,No,No,Yes,Yes,No,Yes,471038.17
3573,3,1,2,2,22,Rural,Unfurnished,No,No,Yes,Yes,Yes,Yes,492019.73
3305,4,4,2,1,46,Suburban,Unfurnished,Yes,Yes,No,No,Yes,Yes,645890.82
1221,2,1,3,0,28,Lakeview,Furnished,Yes,Yes,No,Yes,Yes,No,578140.43
1412,2,2,1,0,40,Uptown,Semi-Furnished,No,No,No,Yes,Yes,Yes,440911.34
3857,1,4,3,2,21,Downtown,Semi-Furnished,No,No,No,Yes,Yes,Yes,1082021.74
1370,5,2,2,1,23,Rural,Unfurnished,Yes,No,No,No,No,No,243145.04
4608,6,2,1,3,44,Downtown,Unfurnished,No,No,No,Yes,Yes,No,1099122.24
997,6,3,1,3,47,Lakeview,Furnished,Yes,Yes,Yes,No,Yes,No,596245.19
2256,1,1,2,1,12,Northend,Unfurnished,Yes,Yes,No,No,Yes,No,357132.39
1617,4,1,3,1,32,Midtown,Unfurnished,Yes,Yes,No,Yes,No,No,465759.7
3909,3,2,1,2,49,Rural,Semi-Furnished,No,No,No,Yes,No,Yes,454126.86
3328,3,1,1,3,21,Northend,Unfurnished,Yes,No,No,Yes,No,No,458663.11
2147,5,4,3,2,34,Southend,Furnished,Yes,Yes,No,No,No,No,482271.6
3483,1,3,3,3,16,Northend,Semi-Furnished,Yes,Yes,Yes,Yes,Yes,Yes,596343.12
642,1,1,1,3,21,Westside,Semi-Furnished,Yes,Yes,Yes,Yes,No,Yes,326851.05
3261,4,1,3,1,4,Rural,Unfurnished,Yes,Yes,No,No,Yes,No,449569.18
3935,3,4,1,2,24,Northend,Furnished,Yes,No,No,Yes,No,No,536600.54
2931,1,3,2,1,5,Uptown,Semi-Furnished,Yes,No,Yes,Yes,No,Yes,846733.87
2348,6,4,3,2,16,Uptown,Furnished,Yes,Yes,Yes,No,No,No,879600.52
3196,5,2,1,3,30,Southend,Furnished,Yes,No,No,No,Yes,Yes,610935.25
2217,3,2,3,0,16,Downtown,Unfurnished,Yes,Yes,No,Yes,No,Yes,745917.42
3572,4,1,3,0,32,Eastside,Furnished,Yes,No,Yes,No,Yes,No,570426.07
1567,5,3,1,2,38,Northend,Semi-Furnished,Yes,No,Yes,No,No,Yes,358877.2
3286,2,2,2,2,47,Lakeview,Unfurnished,Yes,No,No,Yes,No,No,790109.38
4291,6,4,1,1,36,Rural,Semi-Furnished,Yes,Yes,No,Yes,No,No,523055.77
1788,4,2,3,3,47,Northend,Furnished,Yes,No,No,No,No,Yes,379726.12
4371,5,2,1,0,3,Downtown,Furnished,Yes,No,No,No,Yes,Yes,1244571.83
2306,1,4,3,1,42,Northend,Unfurnished,No,Yes,Yes,No,No,No,356379.13
2004,2,1,1,2,13,Eastside,Unfurnished,Yes,Yes,No,Yes,No,No,335654.6
3808,4,3,2,3,12,Midtown,Semi-Furnished,Yes,No,No,Yes,Yes,No,892011.33
3451,1,1,2,1,26,Eastside,Semi-Furnished,Yes,No,No,Yes,No,Yes,538415.01
571,6,4,2,1,23,Lakeview,Furnished,Yes,Yes,No,Yes,No,No,559062.45
2190,2,2,2,2,26,Eastside,Unfurnished,Yes,Yes,Yes,Yes,No,Yes,425026.55
1844,3,3,1,3,7,Lakeview,Furnished,Yes,Yes,Yes,No,Yes,No,834447.58
3803,1,1,2,0,46,Downtown,Furnished,No,No,No,Yes,No,Yes,889680.01
3613,5,4,1,1,49,Rural,Semi-Furnished,Yes,Yes,Yes,Yes,Yes,No,466042.58
1382,4,2,3,2,38,Eastside,Semi-Furnished,Yes,No,No,No,No,Yes,337142.94
4734,2,2,3,1,20,Uptown,Semi-Furnished,Yes,No,No,Yes,Yes,Yes,1121383.43
3162,1,1,3,2,40,Southend,Unfurnished,No,No,No,Yes,No,No,447993.05
2004,3,4,2,2,10,Eastside,Semi-Furnished,Yes,No,No,Yes,No,No,422346.99
2963,4,2,2,2,30,Rural,Unfurnished,No,No,No,Yes,No,No,397959.92
3053,4,2,2,3,26,Downtown,Furnished,Yes,No,Yes,No,Yes,No,915217.01
1232,1,3,3,0,41,Uptown,Unfurnished,No,No,Yes,No,No,No,367326.27
2248,3,2,3,3,45,Lakeview,Semi-Furnished,Yes,No,No,Yes,No,Yes,763067.32
4424,6,1,3,0,47,Uptown,Unfurnished,Yes,No,Yes,No,Yes,Yes,1055875.15
923,6,4,3,2,26,Eastside,Unfurnished,Yes,No,No,Yes,No,No,294514.6
3978,2,4,1,0,7,Downtown,Semi-Furnished,Yes,No,No,Yes,Yes,No,1034998.25
2091,1,3,1,3,32,Lakeview,Semi-Furnished,No,Yes,No,Yes,Yes,Yes,760832.07
4985,2,4,2,1,11,Suburban,Furnished,Yes,No,No,No,Yes,No,846504.67
4937,6,1,2,3,34,Westside,Unfurnished,Yes,Yes,No,Yes,No,No,867133.22
992,4,2,3,3,33,Northend,Furnished,No,Yes,No,Yes,Yes,Yes,368620.21
691,2,3,1,3,15,Midtown,Furnished,Yes,Yes,No,No,No,No,413760.47
998,3,4,1,3,35,Rural,Unfurnished,Yes,No,No,Yes,Yes,Yes,190665.19
1756,5,3,2,3,1,Rural,Furnished,Yes,Yes,No,No,No,No,373958.01
2468,6,3,1,0,11,Rural,Unfurnished,Yes,No,No,Yes,Yes,No,378727.06
4822,6,4,2,0,26,Suburban,Furnished,No,No,No,Yes,Yes,Yes,888143.05
2686,3,3,3,1,16,Downtown,Furnished,Yes,No,No,No,No,No,802985.75
1316,2,4,3,3,19,Uptown,Unfurnished,No,No,No,Yes,Yes,No,497771.06
3720,1,1,2,3,20,Lakeview,Semi-Furnished,No,No,No,No,Yes,Yes,1035576.76
1973,4,4,3,1,29,Uptown,Unfurnished,Yes,No,No,Yes,No,No,605342.85
1586,5,2,3,1,41,Uptown,Semi-Furnished,Yes,Yes,No,Yes,Yes,No,601511.36
4699,1,4,1,2,19,Midtown,Unfurnished,Yes,No,No,Yes,Yes,No,958113.23
2374,1,2,1,1,7,Rural,Unfurnished,Yes,Yes,No,No,No,No,290613.84
1370,3,3,1,1,17,Rural,Semi-Furnished,Yes,No,No,Yes,Yes,Yes,253348.96
2542,2,4,1,1,17,Suburban,Semi-Furnished,Yes,Yes,No,No,No,No,463197.76
772,6,2,1,2,17,Uptown,Unfurnished,No,No,No,No,Yes,Yes,445116.75
1529,6,4,2,0,1,Midtown,Unfurnished,Yes,No,No,No,No,Yes,607097.26
3718,3,4,2,2,11,Westside,Unfurnished,Yes,No,No,No,Yes,No,733993.61
4569,2,4,1,0,31,Suburban,Semi-Furnished,Yes,No,Yes,Yes,No,Yes,753122.07
1551,3,1,3,1,41,Suburban,Unfurnished,Yes,No,No,No,No,No,272629.87
4533,6,2,3,2,7,Northend,Semi-Furnished,Yes,No,No,Yes,No,No,707898.88
2073,1,1,2,2,9,Westside,Furnished,Yes,No,No,No,Yes,No,481273.48
3690,4,1,2,0,10,Rural,Semi-Furnished,Yes,No,No,Yes,Yes,No,442110.39
4888,2,2,2,2,13,Uptown,Furnished,Yes,Yes,No,No,No,No,1111177.45
4297,5,4,3,2,25,Rural,Unfurnished,No,No,No,No,No,Yes,543792.35
3789,5,1,2,3,46,Suburban,Unfurnished,Yes,Yes,No,No,No,Yes,654519.7
4247,1,1,3,0,29,Rural,Semi-Furnished,Yes,No,No,Yes,Yes,Yes,481192.53
2605,3,1,2,2,41,Downtown,Furnished,Yes,No,No,No,No,No,656028.05
807,3,4,3,2,3,Eastside,Unfurnished,Yes,No,Yes,Yes,Yes,No,338559.25
3859,6,1,2,1,38,Westside,Unfurnished,No,No,No,No,No,Yes,707556.52
3676,1,3,2,3,10,Uptown,Furnished,Yes,No,Yes,Yes,Yes,Yes,1071519.83
1751,6,2,3,3,23,Westside,Unfurnished,No,No,Yes,No,No,No,510667.11
3247,6,3,2,1,21,Northend,Unfurnished,No,No,No,Yes,No,No,482842.23
2017,5,4,1,1,2,Rural,Semi-Furnished,Yes,No,No,No,No,No,303962.6
1878,6,1,3,1,36,Rural,Unfurnished,Yes,No,No,Yes,Yes,Yes,340064.07
2461,6,2,2,1,1,Uptown,Furnished,No,No,No,No,Yes,Yes,867155.8
4805,5,1,3,3,11,Uptown,Unfurnished,Yes,Yes,Yes,Yes,Yes,No,1207150.07
3363,3,4,2,2,20,Downtown,Semi-Furnished,Yes,Yes,No,No,Yes,Yes,1059019.03
3156,2,2,1,2,4,Midtown,Unfurnished,Yes,No,Yes,Yes,No,No,684110.57
2994,4,3,2,1,6,Southend,Furnished,Yes,No,No,No,No,No,548729.73
4505,6,2,2,0,3,Northend,Unfurnished,Yes,No,Yes,Yes,Yes,No,723989.31
4063,2,1,1,1,42,Rural,Furnished,No,No,No,Yes,Yes,No,472403.74
1422,5,2,3,2,40,Uptown,Semi-Furnished,Yes,No,No,No,No,Yes,584647.34
4732,2,4,2,0,35,Uptown,Unfurnished,No,No,No,No,No,No,925539.48
4962,4,4,2,1,21,Eastside,Unfurnished,Yes,No,No,No,Yes,No,723960.44
3459,2,2,1,0,28,Northend,Semi-Furnished,Yes,No,Yes,Yes,Yes,Yes,493231.5
683,2,4,3,1,8,Southend,Furnished,Yes,No,Yes,No,No,No,322698.2
3858,2,4,3,3,25,Eastside,Furnished,No,No,No,No,Yes,No,589536.42
1898,2,4,1,2,11,Suburban,Unfurnished,Yes,No,No,Yes,No,No,420977.84
3296,1,3,1,1,47,Northend,Furnished,Yes,No,No,Yes,Yes,No,455521.32
1036,6,1,2,0,0,Northend,Furnished,Yes,No,Yes,Yes,Yes,No,379000.58
1773,5,4,1,2,7,Suburban,Unfurnished,No,No,No,Yes,No,No,437765.92
3467,4,2,1,1,32,Westside,Furnished,Yes,No,No,Yes,Yes,No,650194.68
3549,5,4,1,1,3,Lakeview,Furnished,Yes,No,No,No,Yes,No,1115821.01
1596,1,3,3,1,13,Downtown,Unfurnished,Yes,Yes,No,Yes,No,No,566214.72
1805,1,2,1,1,28,Eastside,Unfurnished,Yes,Yes,Yes,No,No,No,315386.86
1415,1,1,2,3,13,Lakeview,Furnished,Yes,No,No,Yes,Yes,Yes,679349.63
3581,6,2,2,2,8,Suburban,Unfurnished,Yes,Yes,No,Yes,Yes,No,715097.88
4747,1,2,2,3,8,Uptown,Furnished,Yes,No,No,Yes,Yes,No,1094794.3
1528,2,2,1,2,25,Eastside,Furnished,Yes,No,No,No,No,Yes,344341.05
2477,5,2,3,1,48,Lakeview,Furnished,Yes,Yes,No,Yes,Yes,Yes,928326.11
3854,3,4,1,2,46,Southend,Furnished,Yes,No,Yes,Yes,Yes,Yes,686236.27
3011,4,1,1,0,41,Downtown,Unfurnished,Yes,Yes,Yes,Yes,No,Yes,808414.79
770,1,4,2,2,16,Southend,Unfurnished,Yes,Yes,Yes,Yes,Yes,No,304530.05
1686,5,3,1,0,40,Uptown,Semi-Furnished,Yes,Yes,No,No,No,No,492083.8
4700,1,3,3,0,3,Westside,Unfurnished,No,Yes,No,No,Yes,Yes,934386.71
4264,6,2,2,3,45,Northend,Semi-Furnished,Yes,No,No,Yes,Yes,No,636484.02
2898,1,4,3,2,2,Suburban,Furnished,Yes,No,No,Yes,No,Yes,650426.63
4735,1,4,3,1,28,Eastside,Unfurnished,Yes,No,No,No,No,No,648075.48
4682,1,1,3,2,24,Midtown,Furnished,Yes,Yes,Yes,Yes,Yes,No,1084800.65
2211,1,1,1,3,20,Southend,Semi-Furnished,Yes,Yes,No,No,No,No,423760.7
2730,4,1,1,0,11,Westside,Unfurnished,Yes,No,Yes,Yes,No,Yes,615829.05
628,5,4,1,0,0,Eastside,Unfurnished,Yes,No,No,Yes,No,No,247451.49
1769,6,1,1,3,0,Westside,Unfurnished,Yes,No,No,Yes,No,No,507359.58
4172,1,1,2,3,44,Northend,Unfurnished,Yes,No,Yes,No,No,Yes,561117.16
2101,1,1,1,2,45,Westside,Furnished,Yes,No,Yes,Yes,No,Yes,459746.81
4470,1,2,2,0,47,Eastside,Unfurnished,Yes,No,No,Yes,Yes,Yes,613310.05
4744,1,3,3,3,6,Northend,Semi-Furnished,Yes,No,No,Yes,No,Yes,703906.51
1127,2,3,2,2,9,Downtown,Unfurnished,Yes,Yes,Yes,Yes,No,No,529166.96
4297,2,4,1,2,14,Lakeview,Semi-Furnished,Yes,No,Yes,Yes,Yes,No,1226542.14
2544,3,4,2,1,39,Midtown,Semi-Furnished,Yes,No,Yes,Yes,No,Yes,717835.82
4052,1,2,1,0,10,Westside,Furnished,Yes,Yes,No,No,No,No,737296.72
2841,3,3,1,2,45,Downtown,Unfurnished,Yes,Yes,No,Yes,Yes,Yes,775957.64
3714,4,1,2,3,44,Midtown,Semi-Furnished,Yes,No,No,Yes,Yes,No,807449.16
749,3,1,2,0,22,Westside,Unfurnished,No,No,Yes,No,Yes,No,272976.61
3425,5,4,3,3,12,Eastside,Furnished,Yes,No,No,No,No,Yes,672606.49
1474,2,3,3,3,26,Westside,Furnished,Yes,No,No,No,No,No,417747.23
1825,2,4,3,2,40,Midtown,Unfurnished,Yes,Yes,Yes,No,Yes,Yes,622980.67
1483,1,4,3,2,16,Eastside,Semi-Furnished,Yes,No,No,No,Yes,Yes,431064.22
1388,1,1,3,1,49,Lakeview,Furnished,Yes,Yes,No,Yes,Yes,Yes,617664.76
3437,4,1,2,3,12,Suburban,Semi-Furnished,Yes,No,No,No,No,Yes,660192.84
2617,6,3,3,2,11,Westside,Semi-Furnished,Yes,No,No,Yes,No,Yes,694497.64
3172,4,4,2,1,28,Uptown,Unfurnished,Yes,Yes,No,Yes,No,No,815257.99
1826,5,2,3,0,20,Suburban,Furnished,Yes,No,No,Yes,No,No,452953.56
970,1,3,1,1,19,Southend,Unfurnished,Yes,No,No,No,Yes,Yes,258818.43
2487,1,4,3,1,19,Eastside,Unfurnished,Yes,No,No,No,No,Yes,479721.12
590,4,3,1,3,30,Rural,Unfurnished,Yes,No,No,No,No,Yes,185115.29
1029,4,3,2,0,7,Eastside,Semi-Furnished,Yes,No,No,Yes,No,No,307880.3
4559,4,3,3,3,23,Westside,Unfurnished,Yes,Yes,Yes,Yes,Yes,Yes,991975.2
3273,2,2,2,3,10,Eastside,Furnished,No,No,Yes,No,Yes,Yes,649610.54
2186,3,2,3,1,38,Midtown,Semi-Furnished,Yes,No,No,No,No,Yes,600643.36
691,3,1,2,1,32,Lakeview,Unfurnished,Yes,Yes,No,Yes,No,Yes,412970.6
2486,1,1,3,2,41,Northend,Furnished,Yes,No,No,Yes,Yes,No,401447.61
4123,2,4,3,1,14,Northend,Unfurnished,Yes,Yes,No,No,Yes,Yes,661771.5
2685,4,3,1,2,3,Eastside,Unfurnished,Yes,Yes,No,Yes,No,Yes,531321.46
4940,1,4,2,3,0,Eastside,Unfurnished,Yes,Yes,No,Yes,No,No,750900.75
1508,2,1,2,1,31,Lakeview,Semi-Furnished,Yes,No,No,No,Yes,No,492609.98
4283,5,2,2,0,10,Northend,Unfurnished,No,Yes,No,Yes,No,No,579493.08
4798,6,1,2,0,29,Downtown,Furnished,No,No,No,Yes,No,No,1142285.25
4787,2,4,2,3,36,Westside,Unfurnished,Yes,No,No,No,No,No,768122.57
2552,1,1,1,3,18,Suburban,Unfurnished,Yes,No,No,No,Yes,No,426710.08
3808,3,4,3,1,35,Downtown,Semi-Furnished,Yes,Yes,No,Yes,Yes,No,1046566.71
2216,4,4,1,2,33,Lakeview,Unfurnished,Yes,No,No,Yes,Yes,No,666555.85
810,6,4,2,1,6,Eastside,Furnished,Yes,No,Yes,Yes,No,No,368938.64
1760,5,4,2,2,44,Westside,Furnished,Yes,No,Yes,Yes,No,No,477258.62
4432,6,1,3,1,19,Uptown,Unfurnished,Yes,Yes,No,No,No,No,1028227.42
3768,6,4,1,0,11,Uptown,Furnished,No,Yes,No,Yes,Yes,Yes,1097118.81
1084,2,4,3,0,31,Southend,Furnished,Yes,Yes,Yes,No,Yes,Yes,404126.63
3299,1,3,3,2,1,Southend,Unfurnished,Yes,No,No,No,No,No,572658.23
859,1,4,1,1,21,Westside,Furnished,Yes,Yes,No,Yes,Yes,No,353631.75
3366,6,1,3,3,40,Rural,Furnished,Yes,No,No,Yes,No,No,452713.59
2511,4,4,1,2,47,Eastside,Unfurnished,Yes,No,No,No,No,No,339713.56
4506,1,2,1,0,39,Midtown,Semi-Furnished,Yes,No,Yes,No,Yes,No,856362.8
2125,6,2,2,2,23,Uptown,Semi-Furnished,Yes,No,No,Yes,No,Yes,742640.79
3264,1,4,3,1,49,Eastside,Unfurnished,Yes,No,No,Yes,No,Yes,471537.53
1390,4,2,2,3,30,Eastside,Semi-Furnished,No,No,No,No,Yes,No,313043.0
1231,5,2,3,3,3,Lakeview,Semi-Furnished,No,No,No,Yes,Yes,No,693815.48
4461,6,1,3,2,23,Northend,Semi-Furnished,Yes,No,No,Yes,No,Yes,694427.23
3004,3,3,2,1,42,Downtown,Semi-Furnished,Yes,No,No,Yes,Yes,Yes,870923.66
1114,3,2,2,1,16,Uptown,Unfurnished,Yes,No,No,No,Yes,No,436981.44
4306,6,2,2,3,39,Southend,Semi-Furnished,Yes,No,No,Yes,No,No,694467.66
2219,2,3,1,0,18,Eastside,Semi-Furnished,Yes,No,No,Yes,Yes,Yes,406293.77
2087,5,3,3,1,39,Suburban,Unfurnished,Yes,No,Yes,Yes,No,No,443847.0
2111,2,2,1,3,37,Downtown,Unfurnished,Yes,Yes,No,No,Yes,No,581699.34
1396,3,4,3,3,33,Northend,Semi-Furnished,Yes,Yes,Yes,Yes,Yes,No,382841.79
777,4,2,3,1,46,Southend,Furnished,Yes,No,No,No,Yes,No,233529.32
2136,6,4,1,1,32,Lakeview,Unfurnished,Yes,No,Yes,Yes,No,Yes,820666.65
2658,1,4,1,2,5,Uptown,Unfurnished,Yes,No,Yes,No,Yes,No,752282.78
2932,3,4,3,0,35,Westside,Semi-Furnished,Yes,No,No,No,No,Yes,599304.8
4404,5,3,2,2,12,Suburban,Furnished,Yes,Yes,No,Yes,Yes,No,804840.63
3762,3,2,2,2,46,Uptown,Unfurnished,Yes,Yes,No,Yes,No,Yes,918098.26
1949,5,2,2,3,8,Midtown,Unfurnished,No,No,No,Yes,Yes,No,614479.02
1732,5,1,2,3,34,Northend,Unfurnished,Yes,No,No,Yes,No,Yes,397083.03
4617,6,3,3,0,33,Northend,Furnished,No,Yes,No,No,No,No,673235.89
1177,5,1,2,2,15,Uptown,Unfurnished,Yes,Yes,Yes,Yes,No,No,541055.24
3158,2,1,2,2,17,Northend,Unfurnished,Yes,Yes,No,No,No,No,441258.14
2528,4,4,2,3,17,Westside,Furnished,Yes,No,No,Yes,No,No,665338.76
4258,3,3,3,3,37,Lakeview,Unfurnished,Yes,No,No,Yes,Yes,No,1148481.6
2537,4,1,1,1,49,Westside,Furnished,Yes,No,No,Yes,Yes,Yes,552150.23
3149,1,2,2,2,42,Midtown,Furnished,Yes,No,No,Yes,No,No,665856.95
1156,3,1,3,0,31,Lakeview,Furnished,No,No,Yes,Yes,No,No,494696.58
665,4,3,3,2,6,Rural,Semi-Furnished,No,No,No,Yes,No,No,226670.78
1089,4,2,2,3,22,Southend,Unfurnished,Yes,No,Yes,Yes,Yes,Yes,372625.87
3321,6,2,1,1,22,Uptown,Unfurnished,Yes,No,No,No,No,No,782686.22
4758,6,2,1,2,45,Lakeview,Unfurnished,Yes,No,No,No,No,Yes,1201967.71
1762,1,4,1,0,17,Lakeview,Furnished,Yes,Yes,Yes,No,Yes,No,708263.69
571,5,2,3,3,6,Midtown,Semi-Furnished,Yes,No,No,No,Yes,Yes,500138.01
4016,3,4,2,1,41,Westside,Furnished,Yes,No,No,No,Yes,Yes,799946.62
4080,6,4,2,2,39,Midtown,Unfurnished,Yes,Yes,Yes,Yes,Yes,No,985486.61
768,3,1,3,0,23,Westside,Furnished,Yes,Yes,No,Yes,No,No,348528.05
2276,1,1,2,3,13,Lakeview,Semi-Furnished,Yes,Yes,No,Yes,Yes,Yes,866248.75
2962,6,2,2,0,49,Northend,Unfurnished,No,Yes,No,Yes,Yes,No,463406.25
1768,6,3,1,2,4,Northend,Furnished,Yes,No,Yes,No,Yes,No,430493.5
1515,5,2,2,3,45,Westside,Semi-Furnished,Yes,No,No,Yes,Yes,No,452841.68
3222,3,1,2,2,21,Downtown,Furnished,Yes,Yes,No,No,No,No,865015.6
1583,3,2,3,1,21,Downtown,Furnished,Yes,No,Yes,Yes,Yes,No,670965.96
4601,3,1,3,2,9,Rural,Unfurnished,No,No,No,No,Yes,No,522390.17
906,5,2,1,1,25,Suburban,Semi-Furnished,Yes,Yes,No,No,No,Yes,358863.4
3576,6,3,3,2,14,Downtown,Furnished,No,Yes,Yes,Yes,No,No,1137092.4
1485,1,2,1,0,37,Downtown,Semi-Furnished,Yes,No,No,Yes,No,No,385865.12
4103,3,3,1,0,40,Westside,Unfurnished,No,No,Yes,No,Yes,No,714442.31
4985,4,3,2,3,41,Eastside,Unfurnished,Yes,No,Yes,No,Yes,No,704393.22
1209,5,2,1,0,48,Northend,Unfurnished,No,No,No,No,No,Yes,207501.32
3118,2,3,2,0,0,Rural,Semi-Furnished,Yes,No,Yes,No,No,No,390796.93
1911,1,3,1,1,13,Downtown,Semi-Furnished,Yes,No,No,Yes,Yes,No,586725.24
1985,4,1,3,0,35,Uptown,Furnished,Yes,No,No,Yes,Yes,No,542543.77
3450,3,1,3,1,30,Northend,Semi-Furnished,Yes,No,No,No,No,No,481066.58
3434,2,3,3,1,27,Midtown,Unfurnished,No,No,No,Yes,No,No,754294.63
4614,1,4,1,1,33,Suburban,Furnished,Yes,No,Yes,Yes,No,No,724469.39
1503,5,2,1,2,34,Southend,Semi-Furnished,Yes,No,No,Yes,No,No,353310.8
2966,2,3,2,1,38,Southend,Unfurnished,Yes,No,No,No,No,Yes,477638.14
2966,6,2,2,2,22,Rural,Unfurnished,Yes,No,Yes,No,No,No,441702.78
2438,2,1,2,1,45,Eastside,Furnished,No,No,No,Yes,No,No,363245.73
2439,4,2,2,2,43,Downtown,Unfurnished,Yes,Yes,No,Yes,Yes,No,705359.43
2135,1,3,1,3,18,Northend,Semi-Furnished,Yes,No,Yes,Yes,Yes,No,376638.22
2198,4,3,1,3,17,Northend,Unfurnished,Yes,No,No,No,No,No,378308.21
2591,4,3,2,2,14,Rural,Furnished,No,No,No,No,No,No,405795.86
2395,3,3,1,3,0,Uptown,Unfurnished,Yes,Yes,Yes,Yes,No,Yes,799355.69
4740,5,4,1,0,24,Midtown,Unfurnished,Yes,Yes,No,Yes,Yes,No,1016784.85
3898,2,4,1,1,25,Eastside,Semi-Furnished,No,No,No,No,No,No,528821.34
1573,1,4,1,2,34,Eastside,Semi-Furnished,Yes,No,Yes,Yes,No,No,286231.64
2902,6,3,2,3,14,Northend,Semi-Furnished,Yes,Yes,No,Yes,Yes,Yes,585442.89
3712,5,4,2,3,3,Uptown,Semi-Furnished,Yes,No,Yes,Yes,No,No,1076748.62
4537,5,2,1,0,14,Uptown,Unfurnished,Yes,No,No,No,Yes,No,997831.8
1651,1,3,3,1,41,Northend,Semi-Furnished,No,Yes,No,Yes,Yes,No,330119.81
2945,5,1,2,0,37,Uptown,Unfurnished,Yes,Yes,No,No,Yes,Yes,786562.47
2456,3,3,2,2,44,Downtown,Semi-Furnished,Yes,No,Yes,Yes,No,Yes,782528.17
4407,5,2,3,3,38,Rural,Semi-Furnished,Yes,No,No,Yes,Yes,Yes,582505.5
1307,3,4,2,3,0,Suburban,Semi-Furnished,Yes,Yes,No,Yes,No,No,437300.88
686,2,3,3,3,21,Lakeview,Unfurnished,Yes,No,No,No,Yes,No,455763.64
1807,2,4,3,0,10,Uptown,Semi-Furnished,Yes,No,No,No,No,No,577948.48
2784,4,3,1,0,45,Northend,Unfurnished,Yes,Yes,No,Yes,No,No,385062.36
1257,3,2,2,1,37,Southend,Semi-Furnished,No,No,No,Yes,Yes,No,296902.43
4731,6,3,3,2,36,Southend,Semi-Furnished,Yes,No,No,Yes,Yes,Yes,808602.86
4354,2,4,1,1,25,Downtown,Furnished,Yes,No,No,Yes,No,Yes,1096551.99
4766,5,4,2,1,26,Downtown,Semi-Furnished,Yes,No,Yes,No,Yes,No,1235954.73
2706,1,2,1,3,12,Downtown,Unfurnished,Yes,No,Yes,No,No,Yes,801592.96
4058,1,3,1,0,6,Downtown,Furnished,Yes,Yes,Yes,Yes,Yes,No,1084326.85
2080,3,1,3,2,7,Southend,Unfurnished,No,No,Yes,No,No,Yes,506068.49
1461,6,3,2,1,45,Downtown,Unfurnished,Yes,No,No,No,Yes,No,523300.94
4347,4,2,1,2,22,Eastside,Furnished,Yes,Yes,No,Yes,No,No,651261.17
4075,5,1,3,3,25,Westside,Semi-Furnished,Yes,No,Yes,Yes,No,No,825563.3
1375,3,2,3,1,43,Southend,Furnished,Yes,Yes,No,Yes,No,No,359120.68
2918,1,3,1,0,26,Southend,Unfurnished,No,No,Yes,Yes,No,No,414300.34
4698,3,1,1,1,8,Midtown,Semi-Furnished,Yes,No,No,Yes,No,No,958496.5
1501,5,2,3,3,45,Southend,Furnished,Yes,No,No,No,No,No,354581.37
3884,6,4,1,1,37,Westside,Unfurnished,Yes,No,Yes,Yes,No,No,741156.85
4566,6,1,1,3,46,Uptown,Semi-Furnished,Yes,No,Yes,Yes,No,Yes,1137519.92
3345,2,1,2,1,12,Southend,Unfurnished,No,No,No,No,Yes,Yes,544812.91
1981,5,2,3,2,6,Eastside,Semi-Furnished,Yes,Yes,No,No,Yes,Yes,531695.94
3801,2,4,1,0,10,Southend,Semi-Furnished,Yes,No,No,No,No,Yes,595492.27
1157,2,1,3,3,9,Uptown,Furnished,Yes,No,No,No,Yes,No,568588.29
3280,2,2,2,2,32,Midtown,Semi-Furnished,Yes,No,No,Yes,Yes,Yes,748948.85
922,3,1,3,3,38,Lakeview,Unfurnished,Yes,No,No,Yes,Yes,No,445996.85
4181,1,1,3,1,49,Rural,Semi-Furnished,Yes,Yes,No,No,Yes,No,461927.06
4766,6,1,3,3,2,Uptown,Unfurnished,Yes,No,Yes,No,No,Yes,1265192.18
3210,3,4,2,3,40,Southend,Semi-Furnished,Yes,No,No,Yes,No,Yes,575045.19
952,1,3,2,0,28,Rural,Semi-Furnished,Yes,Yes,No,Yes,No,No,185912.77
2897,6,3,3,2,36,Downtown,Furnished,Yes,No,No,Yes,No,No,888786.07
2475,5,4,3,1,44,Suburban,Semi-Furnished,Yes,No,Yes,No,No,No,484055.6
2157,6,4,2,0,15,Lakeview,Semi-Furnished,Yes,No,No,No,Yes,No,769774.93
3041,6,2,1,3,15,Uptown,Unfurnished,Yes,No,Yes,No,Yes,No,882091.37
3575,6,1,2,0,43,Rural,Unfurnished,Yes,Yes,No,Yes,No,No,393303.79
3664,4,4,3,3,49,Westside,Unfurnished,Yes,No,No,Yes,No,No,675643.95
3466,5,2,1,1,42,Northend,Semi-Furnished,Yes,No,Yes,Yes,Yes,No,489859.95
2553,3,3,1,3,48,Westside,Unfurnished,Yes,Yes,No,Yes,No,No,479256.5
787,3,3,1,0,6,Lakeview,Unfurnished,Yes,No,No,No,No,No,413599.37
3717,1,3,2,0,14,Southend,Semi-Furnished,Yes,No,No,Yes,No,No,563370.26
4354,3,3,2,3,37,Westside,Unfurnished,No,No,No,Yes,Yes,Yes,828019.73
1947,2,2,2,2,5,Uptown,Furnished,Yes,Yes,No,No,Yes,No,685444.64
1107,6,1,2,0,17,Midtown,Furnished,Yes,No,No,Yes,Yes,No,489176.74
2264,3,2,3,2,18,Suburban,Unfurnished,Yes,No,Yes,No,Yes,No,505958.41
1725,1,1,1,2,1,Westside,Unfurnished,Yes,No,Yes,Yes,Yes,No,441909.37
1735,1,3,3,2,2,Suburban,Unfurnished,Yes,No,No,No,No,No,411905.86
1529,2,4,2,2,45,Uptown,Semi-Furnished,Yes,No,No,No,Yes,Yes,537397.92
3171,1,4,2,0,24,Downtown,Furnished,Yes,No,No,Yes,No,Yes,882961.11
4462,4,4,3,0,35,Rural,Furnished,Yes,No,No,Yes,Yes,No,563513.1
3677,6,1,1,2,48,Lakeview,Unfurnished,Yes,No,No,Yes,Yes,No,951410.75
4222,6,3,1,0,27,Uptown,Unfurnished,Yes,No,No,Yes,Yes,No,978338.03
1975,6,2,2,2,37,Eastside,Semi-Furnished,Yes,Yes,No,Yes,No,Yes,475324.9
3396,5,4,2,2,27,Northend,Semi-Furnished,Yes,No,No,No,Yes,No,521037.39
1308,3,1,2,2,31,Eastside,Furnished,Yes,No,No,Yes,Yes,No,292046.22
1478,4,4,2,3,40,Eastside,Semi-Furnished,Yes,Yes,No,Yes,Yes,Yes,429848.41
2963,3,2,1,1,35,Suburban,Furnished,Yes,Yes,Yes,Yes,Yes,No,548394.3
1225,4,3,3,0,38,Westside,Unfurnished,Yes,No,No,No,No,No,357198.8
3001,3,2,1,0,35,Uptown,Unfurnished,Yes,No,No,No,No,No,608089.59
3862,2,3,3,2,42,Southend,Furnished,Yes,No,No,Yes,No,Yes,626359.93
1716,1,3,2,3,22,Lakeview,Unfurnished,Yes,No,No,Yes,No,No,557883.55
4551,1,3,2,3,1,Midtown,Semi-Furnished,No,No,No,Yes,No,No,950584.74
2697,2,4,3,0,9,Eastside,Unfurnished,Yes,No,No,Yes,Yes,No,487037.87
3306,4,2,2,2,5,Northend,Unfurnished,No,Yes,No,Yes,Yes,No,546277.4
1278,5,4,1,0,7,Westside,Furnished,No,No,No,Yes,Yes,Yes,479336.97
1472,4,2,2,2,14,Rural,Semi-Furnished,Yes,Yes,Yes,No,Yes,Yes,352082.84
3310,1,1,2,2,44,Uptown,Semi-Furnished,Yes,No,Yes,Yes,No,No,713627.97
2623,5,1,2,1,28,Downtown,Unfurnished,Yes,No,No,No,No,No,711590.89
1098,3,2,2,2,27,Northend,Unfurnished,Yes,No,No,Yes,Yes,No,235192.08
3841,5,2,1,1,21,Suburban,Semi-Furnished,Yes,No,No,No,No,Yes,712770.12
724,4,2,3,0,33,Lakeview,Semi-Furnished,Yes,No,No,No,No,No,398458.1
1340,2,2,2,0,19,Eastside,Furnished,Yes,No,No,No,Yes,No,321359.04
2314,3,3,2,3,32,Southend,Unfurnished,Yes,No,No,No,No,Yes,431922.88
1606,4,4,1,1,14,Downtown,Unfurnished,Yes,No,Yes,Yes,No,Yes,681893.47
624,3,3,1,0,6,Midtown,Semi-Furnished,Yes,No,No,Yes,Yes,Yes,466698.73
3746,5,4,1,1,23,Eastside,Furnished,No,No,No,No,Yes,Yes,634206.26
3431,1,4,2,0,25,Southend,Semi-Furnished,Yes,Yes,No,No,No,Yes,600970.54
4625,4,4,3,1,49,Suburban,Unfurnished,Yes,No,No,Yes,Yes,Yes,771916.21
3471,2,3,1,1,9,Suburban,Unfurnished,Yes,No,No,No,No,No,550228.9
2517,5,2,1,2,14,Westside,Unfurnished,Yes,No,No,No,No,Yes,605000.83
2915,4,3,1,0,36,Rural,Unfurnished,Yes,No,Yes,Yes,Yes,No,391151.02
3596,2,3,3,3,23,Midtown,Furnished,Yes,No,No,Yes,Yes,Yes,907037.63
2109,4,4,2,2,10,Rural,Unfurnished,Yes,No,No,Yes,Yes,Yes,371336.67
1217,5,1,2,3,39,Downtown,Semi-Furnished,Yes,No,No,Yes,No,No,459443.09
4061,4,1,2,1,20,Westside,Furnished,Yes,No,No,No,No,No,748286.4
1516,3,3,1,2,39,Suburban,Furnished,Yes,No,No,Yes,Yes,No,368812.09
4065,5,4,2,1,37,Suburban,Unfurnished,Yes,Yes,No,Yes,No,No,671595.49
4970,4,3,1,0,14,Eastside,Furnished,Yes,No,Yes,No,No,Yes,771383.86
2460,1,3,3,0,14,Uptown,Unfurnished,Yes,Yes,No,No,Yes,No,686988.39
1548,4,2,3,3,36,Northend,Furnished,Yes,No,No,Yes,No,Yes,379483.81
1857,3,4,2,0,44,Suburban,Furnished,Yes,No,No,Yes,No,Yes,451597.61
3926,2,1,1,3,13,Lakeview,Semi-Furnished,Yes,Yes,Yes,No,No,No,1068742.58
615,2,1,1,1,42,Northend,Semi-Furnished,Yes,Yes,Yes,Yes,Yes,Yes,250326.37
2595,2,1,2,2,20,Eastside,Semi-Furnished,Yes,No,No,Yes,Yes,No,435304.45
2301,1,3,3,0,43,Lakeview,Furnished,Yes,No,No,No,Yes,Yes,783502.48
2646,3,4,3,1,19,Northend,Semi-Furnished,Yes,No,No,Yes,Yes,Yes,523295.14
2120,5,2,3,2,32,Rural,Semi-Furnished,Yes,No,No,Yes,No,No,297339.2
3450,2,1,3,1,2,Northend,Semi-Furnished,Yes,No,No,Yes,Yes,No,521206.42
4292,3,4,3,3,39,Westside,Furnished,Yes,No,No,Yes,Yes,Yes,865406.05
3441,4,1,2,1,22,Suburban,Unfurnished,Yes,Yes,Yes,No,No,Yes,656107.02
1477,1,2,2,3,43,Westside,Semi-Furnished,Yes,Yes,No,Yes,Yes,Yes,422779.66
3566,3,4,2,3,46,Uptown,Furnished,No,Yes,No,Yes,Yes,No,903752.87
1283,3,3,3,0,22,Rural,Furnished,Yes,No,No,No,Yes,No,291783.7
740,5,3,3,3,26,Downtown,Unfurnished,No,Yes,No,No,Yes,No,511077.86
2053,3,1,2,3,34,Eastside,Semi-Furnished,Yes,No,No,No,Yes,Yes,410311.16
1512,5,1,2,1,24,Suburban,Furnished,Yes,No,Yes,Yes,No,No,402733.45
686,1,4,3,3,31,Downtown,Furnished,Yes,No,Yes,Yes,No,Yes,572396.8
2381,1,2,1,3,21,Downtown,Furnished,Yes,No,Yes,Yes,No,No,730047.8
930,4,1,2,1,7,Eastside,Unfurnished,Yes,Yes,No,Yes,Yes,No,343047.01
738,5,4,3,2,37,Downtown,Semi-Furnished,Yes,No,Yes,Yes,Yes,No,559899.9
2845,5,2,3,0,17,Southend,Furnished,Yes,Yes,No,No,No,No,563679.39
575,2,1,2,1,27,Westside,Furnished,Yes,No,No,No,No,Yes,307069.06
1856,2,1,1,3,27,Midtown,Furnished,Yes,No,No,Yes,Yes,No,550320.29
2830,4,4,3,1,10,Midtown,Furnished,Yes,No,No,Yes,No,Yes,850839.83
2402,1,1,2,2,11,Uptown,Semi-Furnished,Yes,No,No,Yes,No,Yes,682339.21
4513,6,3,3,1,1,Suburban,Semi-Furnished,Yes,No,No,Yes,Yes,Yes,879436.69
2559,2,2,3,1,36,Uptown,Furnished,Yes,Yes,No,Yes,No,No,696052.84
640,3,2,3,1,3,Suburban,Furnished,Yes,No,Yes,Yes,No,No,344482.19
2289,1,3,3,1,40,Midtown,Furnished,Yes,No,No,No,Yes,Yes,636171.61
4126,6,4,1,3,44,Lakeview,Unfurnished,Yes,Yes,No,Yes,Yes,Yes,1219719.46
516,3,3,2,1,44,Uptown,Unfurnished,Yes,Yes,Yes,Yes,No,Yes,409553.02
4848,5,3,2,2,46,Westside,Unfurnished,Yes,No,No,No,No,No,816705.24
964,1,2,2,1,33,Westside,Furnished,Yes,No,Yes,Yes,No,No,318681.39
4971,4,4,2,1,22,Southend,Unfurnished,Yes,No,No,No,Yes,Yes,807422.8
2327,5,1,2,3,12,Midtown,Semi-Furnished,No,No,No,Yes,No,No,643474.54
3528,5,3,1,3,6,Uptown,Unfurnished,Yes,No,No,Yes,No,Yes,959070.97
1019,3,3,3,1,31,Westside,Furnished,Yes,No,No,Yes,No,No,371304.77
589,5,4,3,3,22,Midtown,Semi-Furnished,Yes,Yes,No,No,No,No,458705.64
3351,2,3,2,3,48,Westside,Furnished,Yes,Yes,Yes,Yes,Yes,Yes,704616.27
3343,1,4,3,1,7,Suburban,Semi-Furnished,Yes,No,Yes,Yes,No,Yes,702047.09
2384,2,1,3,3,49,Eastside,Unfurnished,Yes,No,No,Yes,No,No,353105.27
4671,3,4,3,0,46,Rural,Unfurnished,Yes,No,Yes,Yes,Yes,No,533538.25
1425,6,1,2,0,46,Lakeview,Semi-Furnished,Yes,No,No,Yes,No,No,516863.71
4234,3,4,2,0,36,Midtown,Semi-Furnished,No,Yes,Yes,No,No,No,928207.08
1469,1,3,1,3,33,Southend,Furnished,Yes,No,No,Yes,No,No,295848.04
1594,5,1,2,0,47,Uptown,Semi-Furnished,Yes,No,No,Yes,No,No,416245.94
3695,4,3,1,2,28,Southend,Furnished,Yes,Yes,Yes,Yes,No,Yes,734331.57
1904,3,1,2,0,36,Lakeview,Semi-Furnished,Yes,No,No,Yes,Yes,No,609736.05
3864,1,4,3,2,22,Lakeview,Semi-Furnished,No,No,No,No,Yes,No,1030901.07
4790,4,4,1,3,37,Lakeview,Unfurnished,Yes,No,No,Yes,No,Yes,1244857.7
4482,5,4,1,0,28,Lakeview,Unfurnished,No,No,No,Yes,Yes,No,1129672.1
4823,6,2,1,2,43,Westside,Furnished,Yes,Yes,Yes,No,Yes,No,910272.89
4513,3,2,2,3,4,Northend,Furnished,Yes,Yes,No,Yes,Yes,Yes,732446.5
3592,6,1,1,0,39,Uptown,Furnished,Yes,Yes,Yes,No,Yes,Yes,1002095.1
4659,1,2,2,1,10,Uptown,Semi-Furnished,Yes,No,No,Yes,Yes,No,1044240.74
2574,6,4,1,0,13,Rural,Semi-Furnished,No,No,Yes,Yes,No,No,357647.75
784,6,2,2,0,48,Eastside,Furnished,Yes,No,No,Yes,Yes,No,259699.83
1687,1,2,1,0,41,Suburban,Semi-Furnished,Yes,No,Yes,Yes,No,Yes,366949.55
4469,1,3,3,1,1,Rural,Unfurnished,No,Yes,No,No,No,No,500163.02
3465,3,1,3,2,34,Suburban,Semi-Furnished,Yes,No,No,No,No,No,565122.96
4819,6,1,1,2,44,Northend,Unfurnished,No,No,No,Yes,No,No,591311.84
1283,4,1,2,1,48,Midtown,Furnished,Yes,Yes,No,Yes,No,No,377779.45
1449,1,2,2,0,34,Lakeview,Semi-Furnished,Yes,No,No,Yes,Yes,Yes,555878.52
4439,5,4,2,0,41,Northend,Furnished,Yes,Yes,Yes,Yes,No,No,672745.16
544,6,3,3,0,27,Northend,Unfurnished,Yes,No,Yes,No,No,No,250588.77
2310,1,1,3,2,7,Northend,Furnished,Yes,Yes,No,Yes,No,Yes,503202.41
2581,4,2,3,2,31,Northend,Unfurnished,No,No,No,Yes,No,Yes,457840.44
3998,3,4,2,1,3,Northend,Unfurnished,Yes,Yes,No,Yes,Yes,No,618011.17
1329,6,3,2,3,44,Southend,Furnished,Yes,No,Yes,Yes,No,No,390060.85
2409,1,3,2,1,6,Suburban,Unfurnished,Yes,No,Yes,Yes,No,No,490094.06
3081,1,1,1,2,38,Southend,Furnished,Yes,No,No,Yes,Yes,No,417721.47
1191,5,1,1,0,47,Northend,Furnished,Yes,No,No,No,Yes,No,207069.69
4519,5,4,1,0,26,Lakeview,Furnished,Yes,No,No,Yes,Yes,Yes,1308376.81
1431,6,2,3,0,36,Downtown,Unfurnished,No,Yes,No,Yes,Yes,Yes,679144.63
3906,1,4,3,0,16,Uptown,Unfurnished,No,No,No,Yes,No,No,863470.8
647,6,1,2,3,9,Suburban,Semi-Furnished,Yes,Yes,No,No,Yes,No,381987.32
1532,1,4,1,1,3,Lakeview,Furnished,Yes,Yes,No,Yes,No,Yes,708718.09
1811,5,2,2,1,22,Uptown,Furnished,Yes,No,No,Yes,No,Yes,672743.43
887,4,3,1,2,13,Northend,Furnished,No,Yes,Yes,No,No,No,292374.69
3621,2,3,1,1,4,Southend,Furnished,No,No,No,Yes,No,No,597169.71
2373,2,3,2,3,1,Southend,Furnished,No,No,Yes,No,Yes,No,548334.37
4088,1,3,2,3,45,Downtown,Furnished,Yes,No,No,No,Yes,No,965491.14
1415,5,1,1,3,23,Eastside,Furnished,Yes,Yes,Yes,No,Yes,No,389067.46
2378,3,1,1,0,17,Northend,Semi-Furnished,Yes,Yes,Yes,No,Yes,No,442441.51
4248,3,2,3,2,26,Lakeview,Semi-Furnished,Yes,No,No,No,No,No,1150527.44
777,2,2,2,3,23,Rural,Furnished,Yes,Yes,No,Yes,Yes,No,223247.33
2477,4,2,2,1,28,Westside,Furnished,No,No,Yes,Yes,No,Yes,608958.66
2359,2,2,2,1,10,Rural,Semi-Furnished,Yes,Yes,No,No,No,No,339257.46
3536,1,4,2,1,47,Southend,Semi-Furnished,No,No,No,No,Yes,No,514589.41
3871,4,2,1,3,17,Rural,Furnished,No,No,Yes,No,Yes,Yes,532841.07
2682,3,3,3,3,47,Suburban,Furnished,No,No,No,No,Yes,No,468451.15
1670,5,3,2,1,3,Southend,Semi-Furnished,Yes,Yes,No,Yes,No,No,460127.52
989,5,3,1,3,32,Northend,Semi-Furnished,Yes,Yes,No,No,No,No,315665.49
3025,1,4,1,1,13,Northend,Furnished,Yes,No,No,No,Yes,Yes,481788.45
1682,2,2,1,0,43,Suburban,Semi-Furnished,Yes,Yes,No,No,Yes,Yes,337824.21
4979,1,3,1,3,41,Westside,Furnished,Yes,Yes,Yes,Yes,Yes,Yes,916431.28
4758,5,3,1,0,31,Uptown,Unfurnished,Yes,Yes,Yes,No,Yes,Yes,1174527.32
2988,3,3,2,0,3,Suburban,Furnished,Yes,No,Yes,Yes,No,Yes,632708.27
2376,5,3,2,3,19,Uptown,Furnished,No,No,No,Yes,No,Yes,832259.86
2962,4,1,3,1,20,Midtown,Furnished,No,No,No,Yes,Yes,No,729446.21
2130,6,2,2,2,2,Southend,Semi-Furnished,Yes,Yes,No,No,Yes,Yes,591726.42
787,5,2,1,0,24,Downtown,Furnished,No,Yes,No,No,No,No,409023.57
4782,5,4,3,3,3,Westside,Furnished,Yes,No,No,Yes,No,No,970794.49
2407,6,1,1,0,46,Eastside,Semi-Furnished,Yes,Yes,No,Yes,No,No,404853.11
1661,4,4,1,1,10,Westside,Unfurnished,Yes,No,No,No,No,No,432148.75
629,2,3,2,3,15,Uptown,Unfurnished,Yes,No,Yes,No,Yes,Yes,469733.43
2863,5,4,1,2,35,Midtown,Semi-Furnished,Yes,Yes,No,Yes,No,No,728758.64
643,1,3,2,3,5,Uptown,Furnished,Yes,No,Yes,No,No,Yes,535660.93
515,5,3,1,0,30,Southend,Unfurnished,Yes,No,Yes,Yes,No,No,188393.94
744,1,2,3,3,39,Uptown,Unfurnished,No,No,No,No,Yes,Yes,363007.1
1426,4,2,1,3,12,Lakeview,Semi-Furnished,No,No,No,No,No,No,560046.68
3678,5,2,2,0,22,Northend,Unfurnished,No,No,Yes,Yes,Yes,No,512613.73
2676,4,2,1,2,3,Eastside,Unfurnished,Yes,No,No,Yes,No,Yes,507553.09
1386,4,2,2,1,36,Midtown,Semi-Furnished,Yes,No,No,Yes,Yes,No,445182.14
840,2,1,2,3,41,Lakeview,Unfurnished,Yes,No,No,Yes,No,No,345801.79
2551,5,2,3,2,36,Uptown,Furnished,Yes,No,No,No,Yes,No,762707.01
3898,1,4,2,1,43,Eastside,Semi-Furnished,No,No,No,Yes,No,Yes,590413.27
4450,1,3,3,0,32,Westside,Furnished,Yes,Yes,No,No,No,Yes,844547.57
805,5,2,3,2,41,Rural,Furnished,No,No,No,No,Yes,No,193002.05
1407,6,1,1,2,28,Lakeview,Semi-Furnished,Yes,No,No,No,No,Yes,614706.42
3154,2,4,3,3,36,Rural,Unfurnished,Yes,No,Yes,No,Yes,No,432666.71
4292,2,4,2,0,18,Suburban,Semi-Furnished,Yes,No,Yes,Yes,Yes,No,758434.76
4542,2,3,2,3,19,Rural,Unfurnished,Yes,No,No,Yes,No,Yes,552359.98
1871,1,4,3,0,31,Lakeview,Furnished,Yes,Yes,No,Yes,No,No,697591.72
820,4,4,1,1,43,Downtown,Unfurnished,Yes,No,No,No,Yes,No,359378.57
4559,6,4,3,3,15,Southend,Furnished,Yes,No,No,No,Yes,No,829617.78
1631,2,4,3,0,4,Suburban,Furnished,Yes,Yes,No,Yes,Yes,No,482574.04
3078,1,1,2,0,48,Rural,Furnished,Yes,No,No,Yes,No,Yes,374473.24
4542,1,3,1,2,45,Uptown,Semi-Furnished,Yes,Yes,No,No,Yes,No,952907.3
3867,4,2,1,3,11,Lakeview,Unfurnished,Yes,No,No,Yes,Yes,No,1033412.01
1317,5,4,1,3,44,Midtown,Unfurnished,Yes,No,No,Yes,No,No,421097.66
511,5,1,1,1,20,Uptown,Unfurnished,No,No,Yes,Yes,No,Yes,407848.28
694,2,3,2,0,13,Westside,Furnished,Yes,No,Yes,No,Yes,No,332786.45
3037,2,2,1,2,36,Uptown,Semi-Furnished,Yes,No,No,No,Yes,No,677144.85
3342,6,3,1,0,21,Lakeview,Unfurnished,Yes,No,Yes,Yes,Yes,Yes,1088331.06
2729,4,1,1,0,29,Downtown,Unfurnished,Yes,No,No,No,No,No,667758.2
3509,2,1,2,0,22,Westside,Semi-Furnished,Yes,No,No,No,Yes,No,614099.49
2577,4,1,2,3,4,Southend,Unfurnished,Yes,No,Yes,No,Yes,Yes,571693.29
4367,1,4,1,0,28,Rural,Semi-Furnished,Yes,No,No,Yes,Yes,Yes,510971.59
943,2,1,2,1,29,Suburban,Semi-Furnished,Yes,No,Yes,Yes,No,No,276276.81
797,1,2,3,2,17,Westside,Unfurnished,Yes,Yes,Yes,Yes,Yes,No,350374.99
1344,3,4,1,2,45,Rural,Semi-Furnished,Yes,No,No,Yes,No,Yes,245463.32
1515,4,3,2,0,49,Midtown,Semi-Furnished,Yes,Yes,No,Yes,No,Yes,507840.72
1884,3,2,1,2,0,Westside,Unfurnished,No,No,No,Yes,No,Yes,514883.95
1897,2,4,1,0,38,Westside,Furnished,Yes,Yes,Yes,No,No,No,431675.15
1053,1,1,2,3,16,Suburban,Unfurnished,Yes,No,No,Yes,No,No,268005.44
2850,2,3,3,2,2,Rural,Unfurnished,Yes,No,Yes,Yes,Yes,Yes,472427.23
1769,3,1,1,3,41,Southend,Furnished,Yes,No,No,Yes,No,Yes,403636.83
1760,2,2,3,3,6,Suburban,Semi-Furnished,Yes,No,No,No,No,Yes,466228.03
684,6,2,2,1,26,Rural,Unfurnished,Yes,Yes,Yes,Yes,No,Yes,299089.27
2910,5,4,1,1,27,Southend,Furnished,Yes,Yes,No,Yes,Yes,No,544254.45
4931,3,2,2,2,43,Midtown,Furnished,Yes,No,No,Yes,No,No,945013.01
2709,2,3,2,0,30,Downtown,Unfurnished,Yes,Yes,No,Yes,Yes,No,740940.17
4172,1,4,2,0,14,Suburban,Unfurnished,Yes,No,Yes,Yes,Yes,Yes,717892.06
2381,2,3,2,0,47,Rural,Furnished,Yes,No,Yes,Yes,No,Yes,332305.5
4796,1,1,1,0,7,Southend,Unfurnished,No,No,No,Yes,No,No,645057.59
1021,5,3,3,1,5,Southend,Furnished,No,Yes,No,Yes,No,No,426225.64
2387,2,3,3,0,27,Westside,Unfurnished,Yes,No,No,No,No,Yes,526380.07
3052,5,2,1,0,3,Westside,Furnished,Yes,No,Yes,Yes,Yes,No,716238.08
4309,3,1,1,3,29,Rural,Unfurnished,Yes,No,No,Yes,Yes,Yes,511214.85
4655,1,2,3,0,42,Uptown,Unfurnished,Yes,Yes,No,Yes,Yes,Yes,1009199.15
4916,6,1,3,0,16,Midtown,Unfurnished,Yes,No,No,Yes,No,No,1045666.67
3979,3,1,1,1,33,Lakeview,Semi-Furnished,Yes,Yes,No,No,No,Yes,1053640.85
1909,1,3,2,2,5,Lakeview,Unfurnished,Yes,No,No,Yes,No,No,632169.18
2194,5,2,1,3,35,Southend,Furnished,Yes,No,No,No,Yes,No,424689.28
1026,4,3,3,3,34,Southend,Furnished,No,No,Yes,Yes,No,Yes,398425.42
3160,2,3,2,2,38,Downtown,Semi-Furnished,Yes,Yes,No,Yes,No,No,840128.95
2672,5,3,3,3,38,Northend,Semi-Furnished,Yes,Yes,No,No,No,No,494030.07
779,1,1,2,0,15,Southend,Semi-Furnished,Yes,No,No,No,Yes,No,221182.65
3464,1,2,3,0,1,Uptown,Unfurnished,No,No,No,Yes,No,No,822680.21
4477,1,2,2,2,7,Midtown,Unfurnished,No,No,No,Yes,No,No,865234.25
3169,1,3,1,1,14,Lakeview,Furnished,Yes,No,No,Yes,Yes,Yes,980349.91
3393,2,1,1,1,26,Midtown,Furnished,Yes,No,No,Yes,No,No,739028.08
2251,3,2,2,3,15,Suburban,Unfurnished,No,No,No,No,Yes,No,473042.23
4481,6,4,2,1,0,Southend,Furnished,Yes,No,No,Yes,No,Yes,830080.44
2861,4,2,1,1,9,Uptown,Unfurnished,Yes,No,Yes,Yes,No,No,776898.75
4927,2,3,1,1,6,Rural,Semi-Furnished,No,No,No,No,No,No,510316.29
4631,1,4,2,1,47,Westside,Unfurnished,No,Yes,No,Yes,Yes,No,741766.12
2208,2,1,2,1,9,Southend,Unfurnished,Yes,Yes,No,Yes,Yes,No,434983.53
3186,5,4,1,1,11,Southend,Unfurnished,Yes,No,Yes,Yes,Yes,Yes,627235.86
3395,6,4,3,1,16,Uptown,Furnished,Yes,No,No,Yes,No,No,983805.29
3276,1,3,1,3,44,Northend,Unfurnished,Yes,No,No,No,Yes,No,444933.62
1619,4,2,2,0,11,Midtown,Unfurnished,Yes,Yes,Yes,Yes,No,No,551183.99
3488,1,1,2,1,14,Uptown,Unfurnished,Yes,Yes,No,No,No,No,769592.15
4759,6,4,3,0,45,Eastside,Semi-Furnished,No,No,Yes,Yes,Yes,Yes,761498.55
4743,4,3,1,2,31,Eastside,Unfurnished,Yes,No,No,No,No,No,593786.3
694,6,2,2,0,31,Eastside,Unfurnished,Yes,No,No,Yes,No,No,176772.69
1162,4,4,1,2,25,Northend,Unfurnished,Yes,No,No,No,No,No,294327.65
979,3,3,2,3,13,Uptown,Furnished,Yes,Yes,Yes,No,No,No,554597.83
4718,3,3,3,0,49,Downtown,Semi-Furnished,Yes,No,No,Yes,No,Yes,1112858.9
1923,2,3,1,2,25,Southend,Semi-Furnished,Yes,No,No,Yes,Yes,No,363948.72
3208,2,1,1,0,4,Southend,Unfurnished,Yes,No,No,No,Yes,No,496545.85
3675,4,2,3,3,37,Eastside,Unfurnished,No,Yes,No,No,No,No,549488.34
4314,1,4,2,0,49,Westside,Furnished,Yes,No,No,Yes,Yes,Yes,786213.51
2514,5,2,2,2,45,Uptown,Unfurnished,Yes,No,No,No,Yes,No,612160.31
4289,5,2,1,1,3,Uptown,Furnished,Yes,No,No,Yes,No,No,1062532.29
2943,1,4,3,1,27,Rural,Unfurnished,Yes,No,No,No,No,Yes,394568.54
1411,1,2,1,1,0,Lakeview,Furnished,Yes,No,No,No,Yes,Yes,655526.33
3713,3,1,1,3,12,Downtown,Semi-Furnished,Yes,No,No,Yes,Yes,No,981699.92
2864,5,4,2,1,42,Westside,Unfurnished,Yes,No,No,Yes,No,Yes,639720.55
4129,4,4,2,3,2,Northend,Furnished,Yes,No,No,Yes,No,No,661174.89
3972,6,3,2,1,48,Suburban,Furnished,Yes,No,No,No,Yes,No,680480.0
1180,2,2,2,3,49,Northend,Unfurnished,Yes,No,No,Yes,No,Yes,255335.93
1109,6,4,2,3,24,Northend,Furnished,Yes,No,No,No,No,Yes,393712.52
2656,3,4,3,0,41,Lakeview,Unfurnished,Yes,No,No,Yes,No,Yes,838871.11
4366,5,1,1,1,15,Northend,Unfurnished,Yes,No,No,Yes,Yes,No,613594.19
871,1,3,3,0,20,Lakeview,Furnished,Yes,Yes,Yes,No,No,No,551492.34
1115,5,4,1,2,12,Rural,Furnished,Yes,No,No,Yes,Yes,Yes,324000.35
2753,4,1,2,1,43,Lakeview,Furnished,No,Yes,No,Yes,No,No,802005.05
4638,3,4,3,1,35,Northend,Semi-Furnished,No,No,Yes,Yes,Yes,No,677723.83
1364,1,4,1,1,7,Midtown,Unfurnished,Yes,Yes,No,Yes,No,Yes,507837.27
1768,6,4,2,1,43,Rural,Unfurnished,Yes,Yes,Yes,Yes,No,Yes,372181.6
1284,4,1,2,0,18,Southend,Semi-Furnished,Yes,No,No,Yes,Yes,Yes,346574.45
4678,6,2,3,0,46,Northend,Semi-Furnished,Yes,No,No,No,Yes,No,639013.64
2737,2,4,3,3,15,Lakeview,Furnished,Yes,No,No,No,Yes,Yes,1034474.83
4554,3,4,3,0,11,Suburban,Unfurnished,Yes,Yes,No,Yes,No,No,777072.19
1435,4,2,2,3,19,Northend,Semi-Furnished,Yes,No,No,Yes,No,No,361939.4
4480,4,4,1,2,17,Rural,Semi-Furnished,Yes,No,No,No,Yes,No,527713.58
2838,6,3,1,0,11,Lakeview,Unfurnished,Yes,Yes,No,No,No,No,915157.63
825,1,4,3,3,47,Westside,Unfurnished,Yes,No,No,Yes,Yes,Yes,322844.07
2034,2,3,1,1,24,Uptown,Unfurnished,Yes,Yes,No,Yes,Yes,No,573158.12
3980,6,2,2,2,10,Northend,Furnished,Yes,No,No,Yes,No,Yes,682240.58
4361,4,1,1,3,21,Southend,Semi-Furnished,Yes,No,Yes,Yes,Yes,Yes,755742.8
2485,3,2,2,2,45,Eastside,Furnished,No,No,No,Yes,Yes,No,387934.04
3278,4,4,3,1,33,Westside,Unfurnished,Yes,No,No,Yes,No,No,645763.34
1770,5,3,1,1,12,Westside,Unfurnished,Yes,No,No,Yes,Yes,No,468466.85
1140,3,1,2,3,45,Downtown,Semi-Furnished,Yes,No,Yes,No,Yes,No,451574.53
4578,3,4,3,3,37,Uptown,Furnished,Yes,No,Yes,Yes,No,No,1080739.38
1867,4,1,3,1,11,Northend,Furnished,Yes,No,Yes,Yes,No,Yes,427467.82
4542,1,1,3,3,38,Westside,Furnished,Yes,No,No,Yes,No,No,741358.76
3075,3,4,3,1,35,Downtown,Unfurnished,No,No,No,Yes,Yes,No,811752.15
4103,5,2,1,0,27,Uptown,Semi-Furnished,Yes,No,No,No,Yes,No,949494.25
2081,6,4,2,3,26,Uptown,Furnished,Yes,Yes,No,Yes,No,No,749135.34
2486,1,4,1,2,38,Rural,Unfurnished,Yes,No,No,Yes,Yes,No,306237.5
2740,1,2,2,1,12,Northend,Unfurnished,No,No,No,No,Yes,Yes,416124.9
4466,1,3,3,0,42,Southend,Furnished,Yes,No,No,No,No,Yes,677198.14
2605,3,4,1,3,39,Westside,Semi-Furnished,Yes,No,Yes,Yes,No,No,547083.9
628,1,1,3,1,26,Westside,Semi-Furnished,Yes,No,No,Yes,Yes,No,260013.14
4496,4,4,2,0,30,Suburban,Furnished,Yes,No,No,No,No,Yes,778436.36
1351,1,4,3,3,1,Lakeview,Unfurnished,Yes,No,No,No,No,No,606002.2
4603,5,1,1,1,17,Suburban,Unfurnished,No,Yes,No,No,Yes,Yes,796553.68
2576,2,2,1,1,25,Westside,Furnished,Yes,Yes,No,No,Yes,No,552765.73
3494,5,3,2,1,41,Northend,Unfurnished,Yes,No,No,Yes,Yes,Yes,551166.11
4244,3,3,2,3,30,Suburban,Unfurnished,Yes,No,No,Yes,Yes,Yes,748973.49
3256,1,1,1,0,37,Southend,Furnished,Yes,No,No,Yes,No,Yes,486599.04
2144,1,2,1,1,21,Southend,Unfurnished,Yes,No,No,Yes,No,Yes,379498.13
4871,4,4,1,0,35,Midtown,Furnished,Yes,No,No,Yes,Yes,No,1012283.49
3644,6,4,1,0,18,Midtown,Furnished,Yes,No,No,Yes,No,No,880192.22
742,1,4,2,2,13,Midtown,Furnished,Yes,No,No,Yes,No,No,367524.01
4585,5,4,1,0,13,Uptown,Unfurnished,Yes,No,No,Yes,No,No,995937.75
670,3,4,2,0,49,Northend,Furnished,Yes,Yes,No,No,Yes,Yes,267447.75
1152,2,1,1,0,28,Suburban,Unfurnished,No,Yes,No,Yes,Yes,No,229578.1
4012,1,4,1,0,16,Uptown,Furnished,Yes,No,No,Yes,No,No,934229.97
1999,2,4,3,0,49,Suburban,Semi-Furnished,Yes,No,No,Yes,No,Yes,438345.46
2599,1,2,3,3,49,Northend,Unfurnished,Yes,No,No,Yes,No,No,366905.65
2658,3,4,1,2,36,Downtown,Unfurnished,Yes,No,No,No,Yes,Yes,745697.14
2472,6,3,2,1,8,Eastside,Unfurnished,Yes,Yes,Yes,No,No,Yes,581469.66
4425,5,1,1,2,0,Rural,Semi-Furnished,No,No,No,Yes,Yes,Yes,553049.46
2758,3,1,3,2,3,Midtown,Furnished,No,Yes,No,Yes,No,No,778351.5
4539,2,1,1,1,6,Northend,Semi-Furnished,Yes,No,Yes,Yes,No,Yes,680007.7
2535,1,3,3,0,10,Rural,Furnished,Yes,No,No,No,No,No,318855.4
3771,2,4,1,1,13,Eastside,Furnished,No,No,No,Yes,No,No,551158.61
1357,5,1,1,0,41,Downtown,Furnished,Yes,No,Yes,No,No,Yes,588502.44
4323,3,3,2,1,18,Southend,Furnished,No,No,No,No,No,No,638882.57
1549,2,2,3,3,39,Westside,Furnished,Yes,No,Yes,No,Yes,Yes,513334.37
4490,2,4,3,2,2,Rural,Semi-Furnished,Yes,Yes,No,No,Yes,No,554710.71
798,5,3,3,0,7,Eastside,Unfurnished,No,Yes,No,Yes,Yes,No,345319.36
1423,1,4,2,2,28,Uptown,Semi-Furnished,Yes,No,Yes,Yes,Yes,Yes,601420.27
4732,2,2,1,0,49,Northend,Unfurnished,Yes,No,No,No,No,No,516082.44
4806,5,3,2,1,36,Northend,Unfurnished,Yes,No,No,No,Yes,Yes,703499.89
3299,1,4,1,1,42,Southend,Unfurnished,No,No,No,No,No,Yes,513263.38
4562,6,3,2,1,8,Westside,Semi-Furnished,Yes,No,No,No,No,No,869416.28
4545,1,1,2,3,18,Midtown,Furnished,No,No,Yes,No,No,No,954853.65
2302,6,4,3,1,11,Suburban,Furnished,Yes,No,No,No,Yes,No,586666.83
3213,3,3,2,1,26,Rural,Unfurnished,No,Yes,No,Yes,No,No,420263.15
3353,5,1,1,3,36,Uptown,Furnished,Yes,No,No,Yes,No,Yes,914774.09
3157,1,2,2,2,47,Northend,Furnished,Yes,No,Yes,No,Yes,No,460249.06
3846,6,4,2,2,24,Lakeview,Semi-Furnished,No,Yes,No,Yes,No,Yes,1239259.15
1971,6,4,1,0,44,Suburban,Furnished,Yes,No,No,Yes,No,Yes,493122.75
3449,3,2,3,2,37,Uptown,Furnished,No,Yes,No,No,Yes,Yes,930225.75
1441,4,1,1,0,47,Southend,Semi-Furnished,Yes,Yes,Yes,Yes,Yes,No,320650.62
2407,5,2,1,0,49,Suburban,Furnished,Yes,Yes,No,Yes,Yes,Yes,540073.27
1743,4,4,1,2,16,Northend,Unfurnished,Yes,No,Yes,Yes,No,Yes,381599.46
4923,1,3,2,2,43,Rural,Semi-Furnished,Yes,No,No,Yes,Yes,Yes,559458.89
1966,5,1,2,3,32,Northend,Furnished,Yes,No,No,No,No,No,379872.23
4457,3,1,1,0,38,Midtown,Furnished,Yes,Yes,Yes,Yes,Yes,Yes,994436.86
2466,1,1,1,2,13,Midtown,Semi-Furnished,Yes,Yes,No,No,No,Yes,668013.46
875,5,2,3,2,27,Eastside,Unfurnished,Yes,Yes,No,Yes,Yes,Yes,368284.31
762,5,2,2,3,17,Uptown,Semi-Furnished,Yes,Yes,Yes,Yes,No,No,514000.28
4862,4,3,2,2,32,Midtown,Unfurnished,No,No,No,Yes,Yes,No,953958.22
3888,1,3,2,1,41,Eastside,Semi-Furnished,No,No,No,Yes,No,Yes,544801.4
3895,3,1,2,1,14,Rural,Furnished,Yes,No,No,No,Yes,Yes,486448.33
2444,3,3,1,0,10,Southend,Semi-Furnished,No,Yes,Yes,Yes,No,No,473817.1
2393,1,2,1,3,35,Uptown,Semi-Furnished,Yes,No,No,Yes,No,No,553110.18
4134,1,3,3,2,14,Rural,Unfurnished,Yes,No,No,Yes,No,No,495712.44
2152,6,2,2,0,47,Suburban,Semi-Furnished,Yes,No,No,No,Yes,No,396916.59
4641,2,3,2,2,29,Eastside,Unfurnished,Yes,Yes,Yes,No,Yes,No,667102.47
4392,4,4,1,1,14,Eastside,Semi-Furnished,Yes,Yes,No,No,No,Yes,708800.06
1099,1,2,3,2,48,Uptown,Furnished,Yes,No,No,Yes,No,No,429543.85
2412,1,4,1,2,22,Midtown,Semi-Furnished,No,Yes,No,Yes,Yes,No,584085.68
1792,2,2,2,2,42,Suburban,Furnished,Yes,No,Yes,Yes,Yes,No,369351.47
1100,2,3,2,1,49,Suburban,Unfurnished,Yes,Yes,Yes,No,No,No,295565.3
880,5,4,3,1,47,Eastside,Unfurnished,Yes,Yes,No,No,Yes,No,272931.89
4713,3,3,1,3,14,Lakeview,Unfurnished,Yes,Yes,No,Yes,No,No,1213392.26
4137,4,2,2,1,28,Eastside,Unfurnished,Yes,No,No,Yes,No,No,592005.82
2663,5,4,2,0,10,Midtown,Semi-Furnished,Yes,No,No,Yes,Yes,No,764712.16
4855,1,1,3,2,44,Midtown,Semi-Furnished,Yes,Yes,No,Yes,No,No,954661.0
1598,2,3,2,1,17,Midtown,Semi-Furnished,Yes,Yes,Yes,No,No,No,549186.81
865,6,2,2,0,39,Suburban,Furnished,No,No,No,Yes,No,No,265827.16
3070,3,4,1,1,30,Southend,Semi-Furnished,Yes,No,No,Yes,Yes,No,532266.3
3919,5,3,3,2,8,Downtown,Furnished,No,No,No,Yes,No,No,1125971.1
2976,6,4,3,0,21,Northend,Furnished,Yes,No,No,No,Yes,No,569209.58
1290,3,3,3,1,10,Westside,Semi-Furnished,No,Yes,No,No,No,No,448242.7
4069,6,3,1,1,16,Lakeview,Furnished,Yes,No,No,Yes,Yes,No,1177549.91
1246,2,3,3,0,32,Eastside,Unfurnished,Yes,No,Yes,Yes,No,Yes,363754.16
812,5,4,2,3,10,Uptown,Semi-Furnished,Yes,No,No,Yes,Yes,No,530490.24
1420,5,4,3,0,38,Westside,Semi-Furnished,Yes,Yes,No,Yes,Yes,No,430565.72
1577,3,3,2,0,7,Westside,Furnished,No,No,No,Yes,No,No,469142.18
3329,6,1,3,0,3,Southend,Semi-Furnished,Yes,No,No,Yes,No,No,634312.68
2881,2,1,3,0,35,Lakeview,Semi-Furnished,No,No,No,No,No,Yes,756671.65
4118,1,1,1,1,18,Midtown,Furnished,Yes,No,Yes,Yes,Yes,Yes,939095.46
1297,5,2,3,0,23,Uptown,Semi-Furnished,Yes,No,Yes,Yes,Yes,No,564792.28
4943,1,1,3,0,40,Midtown,Semi-Furnished,Yes,No,No,Yes,No,Yes,957280.01
772,2,4,1,2,48,Downtown,Semi-Furnished,Yes,Yes,No,Yes,No,Yes,464204.28
3510,5,1,2,1,17,Lakeview,Furnished,No,Yes,No,Yes,No,Yes,1114455.83
2273,5,4,3,2,32,Westside,Semi-Furnished,Yes,No,No,Yes,Yes,No,569880.0
3047,6,2,3,1,45,Uptown,Semi-Furnished,No,No,No,Yes,Yes,No,803872.68
3664,1,4,2,3,35,Midtown,Semi-Furnished,Yes,Yes,Yes,No,No,Yes,890903.62
1446,6,4,1,3,9,Westside,Unfurnished,No,No,No,Yes,Yes,Yes,568646.83
3165,4,4,3,1,13,Uptown,Semi-Furnished,Yes,Yes,No,No,Yes,No,930556.83
1006,1,1,1,3,6,Rural,Furnished,Yes,No,Yes,No,No,No,243988.23
743,1,3,2,3,11,Suburban,Unfurnished,Yes,No,Yes,Yes,No,No,332103.38
1005,4,4,2,1,21,Westside,Furnished,No,Yes,Yes,Yes,Yes,Yes,491560.88
3658,2,1,1,0,26,Midtown,Semi-Furnished,No,Yes,No,Yes,No,No,735715.93
4090,2,1,2,2,47,Lakeview,Semi-Furnished,Yes,Yes,No,Yes,Yes,Yes,1091185.41
2372,5,1,2,1,36,Rural,Semi-Furnished,Yes,No,No,Yes,Yes,No,329376.9
4293,3,3,3,1,10,Northend,Unfurnished,Yes,No,No,Yes,Yes,No,592202.76
1692,6,3,1,1,35,Southend,Semi-Furnished,Yes,Yes,Yes,Yes,No,No,406432.13
4925,3,3,3,2,12,Eastside,Furnished,No,No,No,Yes,No,No,772503.89
1964,5,3,1,1,31,Suburban,Unfurnished,Yes,No,No,No,Yes,No,416097.96
890,3,2,3,2,7,Northend,Furnished,Yes,Yes,No,No,No,Yes,352519.55
4976,1,3,2,2,6,Uptown,Furnished,Yes,No,No,Yes,No,Yes,1207784.98
3877,1,3,1,3,42,Lakeview,Furnished,Yes,No,No,Yes,Yes,No,1002613.97
1172,4,3,1,0,42,Eastside,Furnished,No,Yes,Yes,Yes,Yes,No,328429.35
3060,4,4,1,3,16,Uptown,Furnished,Yes,No,No,Yes,No,Yes,929912.75
1711,5,4,1,1,21,Suburban,Semi-Furnished,Yes,Yes,No,Yes,No,Yes,506556.12
1429,5,3,2,1,45,Midtown,Furnished,Yes,No,Yes,No,Yes,Yes,578279.68
2039,5,2,2,2,33,Uptown,Furnished,Yes,Yes,Yes,Yes,No,No,681489.07
1412,1,4,2,3,19,Westside,Semi-Furnished,Yes,Yes,No,Yes,Yes,Yes,480568.98
1143,3,1,3,2,7,Uptown,Unfurnished,Yes,No,Yes,No,No,No,488297.72
1001,6,4,2,3,21,Lakeview,Semi-Furnished,Yes,No,No,Yes,No,No,570934.25
1229,5,1,3,3,26,Downtown,Unfurnished,Yes,Yes,Yes,Yes,No,No,581319.11
1783,5,4,3,3,33,Downtown,Furnished,Yes,No,No,Yes,No,Yes,769492.63
2618,1,3,2,3,20,Rural,Semi-Furnished,Yes,No,Yes,No,Yes,Yes,380014.98
4886,6,4,2,3,14,Southend,Unfurnished,Yes,Yes,No,No,No,No,780397.45
4336,1,3,2,0,4,Suburban,Unfurnished,Yes,No,No,Yes,No,Yes,762876.22
1419,6,3,3,1,37,Lakeview,Semi-Furnished,Yes,No,Yes,Yes,Yes,Yes,798172.79
4550,1,4,1,3,16,Uptown,Semi-Furnished,Yes,No,No,Yes,No,No,1005420.79
2839,3,1,2,3,7,Southend,Semi-Furnished,Yes,No,Yes,Yes,Yes,No,572142.52
1255,5,1,3,2,18,Eastside,Semi-Furnished,Yes,No,No,Yes,No,Yes,375580.47
2369,2,4,3,1,4,Northend,Semi-Furnished,No,No,No,No,No,No,411499.74
4972,2,3,2,1,22,Suburban,Furnished,Yes,No,Yes,No,No,Yes,871928.53
1007,5,1,3,1,18,Uptown,Furnished,Yes,Yes,No,Yes,No,Yes,608970.27
1936,5,2,2,3,13,Southend,Semi-Furnished,Yes,No,Yes,No,Yes,No,464294.68
3075,5,3,3,2,9,Downtown,Semi-Furnished,Yes,No,No,Yes,Yes,Yes,1083348.61
3926,5,4,1,1,30,Downtown,Furnished,No,No,No,No,Yes,No,1019736.4
1058,6,3,3,2,12,Lakeview,Unfurnished,No,No,No,Yes,No,No,608132.78
3602,3,2,2,0,21,Northend,Furnished,Yes,No,No,No,Yes,Yes,576935.55
4122,2,2,1,0,36,Suburban,Semi-Furnished,Yes,Yes,No,No,Yes,No,628218.72
4899,4,1,2,2,38,Southend,Unfurnished,Yes,No,No,Yes,Yes,No,699270.92
4557,2,2,3,3,9,Lakeview,Semi-Furnished,No,Yes,No,Yes,Yes,No,1287042.44
4215,2,3,1,1,30,Southend,Unfurnished,Yes,No,No,Yes,Yes,Yes,628783.07
1801,1,1,1,0,42,Midtown,Semi-Furnished,Yes,No,No,Yes,No,Yes,432149.21
2655,5,2,3,0,34,Suburban,Furnished,Yes,Yes,No,Yes,No,No,517941.05
1192,5,1,1,2,12,Rural,Semi-Furnished,Yes,No,No,Yes,Yes,No,240420.3
4850,5,1,1,3,29,Lakeview,Furnished,Yes,Yes,No,Yes,Yes,No,1342516.25
1978,1,4,1,2,33,Downtown,Unfurnished,No,No,Yes,Yes,No,Yes,599674.73
756,3,1,2,2,35,Rural,Furnished,Yes,No,No,Yes,No,Yes,200523.19
2930,3,1,2,2,34,Uptown,Unfurnished,No,No,No,No,Yes,No,648524.25
941,4,2,1,2,46,Rural,Semi-Furnished,No,No,Yes,No,Yes,Yes,204402.08
2381,3,3,3,2,3,Rural,Furnished,No,No,No,No,No,Yes,401687.31
3146,3,3,3,3,3,Lakeview,Unfurnished,Yes,No,No,Yes,No,No,990967.02
4320,5,2,2,2,46,Westside,Unfurnished,Yes,No,No,No,Yes,No,765599.35
2235,6,3,3,3,5,Rural,Unfurnished,Yes,No,No,Yes,Yes,Yes,454052.89
4235,2,1,1,1,27,Rural,Unfurnished,No,No,No,No,Yes,Yes,464086.44
3145,3,4,3,1,29,Southend,Semi-Furnished,Yes,No,Yes,Yes,Yes,Yes,640852.89
518,3,1,2,1,26,Suburban,Semi-Furnished,Yes,No,No,Yes,Yes,Yes,268042.3
1624,1,1,2,1,4,Downtown,Semi-Furnished,Yes,No,No,No,No,No,534710.61
4485,4,4,1,0,43,Lakeview,Unfurnished,Yes,Yes,No,No,No,Yes,1160558.2
3154,6,2,2,3,38,Northend,Semi-Furnished,Yes,No,No,Yes,Yes,Yes,563639.43
2580,1,1,2,1,34,Rural,Unfurnished,Yes,No,Yes,Yes,No,No,288791.57
2047,5,1,2,0,38,Eastside,Unfurnished,Yes,No,No,Yes,Yes,No,355355.91
1361,2,2,3,3,43,Suburban,Unfurnished,Yes,No,No,No,No,No,290814.92
654,4,1,2,0,14,Northend,Furnished,Yes,No,No,Yes,No,No,224014.13
3994,1,1,3,0,18,Southend,Semi-Furnished,Yes,Yes,Yes,No,Yes,No,678080.09
1404,3,3,2,2,29,Northend,Semi-Furnished,Yes,Yes,No,No,Yes,Yes,334946.9
1769,3,2,2,0,37,Northend,Furnished,Yes,No,No,No,Yes,Yes,345651.14
904,4,1,3,0,31,Northend,Furnished,Yes,No,No,No,Yes,Yes,282880.02
1343,3,1,3,3,39,Eastside,Furnished,No,Yes,No,No,No,No,302989.23
2282,1,4,1,0,28,Suburban,Furnished,Yes,Yes,No,Yes,No,No,429622.73
2064,1,4,1,2,5,Northend,Unfurnished,Yes,No,No,Yes,Yes,No,358759.19
1684,3,4,3,1,25,Uptown,Semi-Furnished,Yes,No,No,No,No,Yes,646285.14
1246,3,1,2,1,26,Westside,Semi-Furnished,Yes,No,No,Yes,No,No,334080.08
2225,5,1,1,3,34,Midtown,Semi-Furnished,Yes,No,No,Yes,No,No,543650.9
3688,2,4,3,3,27,Downtown,Unfurnished,Yes,Yes,No,Yes,Yes,Yes,1100313.85
770,4,3,3,0,4,Uptown,Semi-Furnished,Yes,No,Yes,Yes,No,No,520304.7
4456,1,3,2,3,40,Rural,Furnished,Yes,Yes,No,Yes,No,Yes,498147.71
671,4,3,3,0,47,Southend,Semi-Furnished,No,No,No,Yes,Yes,Yes,268453.19
773,5,3,1,3,15,Midtown,Semi-Furnished,Yes,Yes,Yes,Yes,Yes,No,524113.98
2806,1,2,2,1,40,Lakeview,Unfurnished,Yes,No,No,No,No,No,664660.81
1658,5,4,3,1,17,Suburban,Furnished,Yes,No,No,No,No,No,474917.94
2206,5,1,3,1,12,Midtown,Furnished,Yes,No,No,Yes,No,Yes,715080.62
2271,6,4,2,1,42,Rural,Furnished,Yes,No,Yes,Yes,No,Yes,407875.5
921,3,3,2,0,24,Rural,Semi-Furnished,Yes,Yes,No,Yes,Yes,Yes,226085.4
1709,6,1,2,0,9,Uptown,Furnished,Yes,Yes,No,No,No,No,638657.0
1390,4,2,1,0,28,Downtown,Furnished,Yes,No,No,Yes,No,No,529337.87
3767,4,4,1,1,9,Uptown,Semi-Furnished,Yes,No,No,Yes,No,No,951442.95
1973,3,1,3,2,5,Northend,Unfurnished,Yes,Yes,Yes,Yes,No,No,423430.16
3743,6,1,3,1,15,Lakeview,Semi-Furnished,Yes,Yes,No,Yes,No,Yes,1206599.88
4978,4,3,2,1,24,Southend,Unfurnished,Yes,No,No,Yes,Yes,Yes,823305.67
2681,6,3,3,2,43,Downtown,Unfurnished,Yes,No,No,No,No,No,759941.08
1949,3,4,3,2,3,Suburban,Furnished,Yes,Yes,No,No,Yes,No,542903.32
3596,1,2,2,3,36,Suburban,Furnished,No,No,No,Yes,Yes,Yes,665399.56
3756,5,1,1,1,33,Westside,Semi-Furnished,Yes,No,No,Yes,No,Yes,712684.23
3656,5,3,1,2,18,Downtown,Unfurnished,No,Yes,No,Yes,No,No,965160.62
2090,6,4,1,3,32,Downtown,Semi-Furnished,No,No,Yes,No,Yes,Yes,788588.12
4739,4,3,3,2,3,Suburban,Furnished,Yes,No,No,Yes,Yes,No,863744.14
4481,6,4,2,2,43,Midtown,Unfurnished,Yes,No,No,No,Yes,No,969717.22
1935,6,3,1,3,33,Suburban,Furnished,Yes,No,Yes,Yes,Yes,No,506043.29
723,2,2,3,1,11,Midtown,Furnished,Yes,Yes,No,No,Yes,No,438065.88
719,5,1,2,3,30,Rural,Furnished,No,No,No,Yes,No,No,176658.16
4774,3,3,1,1,15,Rural,Unfurnished,Yes,No,No,No,Yes,Yes,569859.45
2154,6,1,1,2,1,Southend,Unfurnished,Yes,No,Yes,Yes,No,Yes,518450.32
764,2,4,2,3,48,Northend,Furnished,Yes,No,No,Yes,Yes,No,241575.81
1453,2,2,3,0,1,Lakeview,Unfurnished,Yes,No,Yes,No,Yes,No,669572.53
4233,5,1,3,2,35,Southend,Furnished,No,Yes,Yes,Yes,No,No,756465.77
3274,5,3,1,3,5,Downtown,Furnished,No,No,No,Yes,No,Yes,1024909.12
3624,5,1,2,2,22,Uptown,Furnished,Yes,No,Yes,No,Yes,No,964002.72
979,3,1,3,3,38,Midtown,Unfurnished,Yes,No,Yes,Yes,No,Yes,458210.09
4014,2,4,2,1,46,Southend,Semi-Furnished,Yes,Yes,No,No,No,Yes,630313.24
1853,4,2,2,0,43,Rural,Semi-Furnished,Yes,No,No,Yes,No,No,268669.75
3822,3,2,1,2,36,Uptown,Unfurnished,No,Yes,No,Yes,No,No,826087.05
4378,1,1,2,0,45,Northend,Unfurnished,Yes,No,No,Yes,Yes,No,520080.78
1389,6,1,2,1,15,Lakeview,Furnished,Yes,No,No,No,No,No,625624.79
4354,5,4,2,3,42,Uptown,Furnished,Yes,Yes,No,Yes,No,No,1081691.9
1424,2,1,3,0,43,Southend,Semi-Furnished,Yes,No,Yes,Yes,No,No,306528.87
2670,6,4,1,3,18,Suburban,Furnished,Yes,No,No,Yes,No,No,591365.83
2402,3,2,1,1,48,Westside,Semi-Furnished,Yes,No,No,Yes,No,Yes,449824.6
2895,1,2,2,2,23,Uptown,Semi-Furnished,Yes,No,No,No,No,Yes,776718.79
528,3,4,2,1,26,Southend,Unfurnished,Yes,No,No,Yes,No,Yes,268356.99
534,3,1,3,0,6,Eastside,Unfurnished,Yes,No,No,No,Yes,Yes,274053.68
4089,4,2,1,0,29,Northend,Unfurnished,Yes,No,No,Yes,Yes,No,561438.59
3170,6,3,3,0,40,Eastside,Semi-Furnished,Yes,No,No,Yes,Yes,Yes,584292.42
3865,4,4,1,3,13,Lakeview,Unfurnished,No,No,No,Yes,Yes,Yes,1141084.96
1088,3,2,3,2,43,Lakeview,Semi-Furnished,No,No,No,No,No,Yes,495571.48
3718,1,2,2,0,14,Uptown,Unfurnished,Yes,Yes,No,Yes,No,No,860398.49
3638,2,2,3,0,11,Uptown,Semi-Furnished,Yes,No,No,No,Yes,Yes,937809.11
1403,2,3,2,0,28,Midtown,Furnished,Yes,No,No,Yes,Yes,No,421414.8
4586,6,3,1,1,22,Suburban,Furnished,Yes,No,No,No,No,Yes,805748.01
2669,5,3,1,0,12,Southend,Semi-Furnished,No,No,No,No,No,Yes,528979.51
839,5,1,2,1,8,Lakeview,Semi-Furnished,Yes,No,Yes,Yes,Yes,No,610158.18
4770,2,4,1,0,23,Lakeview,Furnished,Yes,No,No,Yes,Yes,Yes,1299256.87
2214,3,1,3,1,38,Lakeview,Semi-Furnished,Yes,No,No,No,No,No,635373.92
1056,3,3,2,3,29,Lakeview,Semi-Furnished,Yes,No,No,Yes,No,No,475120.66
3587,4,4,1,3,0,Rural,Furnished,No,Yes,No,Yes,No,No,488784.04
3766,6,1,3,1,9,Rural,Semi-Furnished,No,Yes,No,Yes,No,No,459671.68
4067,4,1,3,2,37,Rural,Unfurnished,Yes,Yes,No,Yes,No,No,487835.22
2556,5,1,1,2,46,Northend,Furnished,Yes,Yes,No,Yes,No,No,388036.98
4399,2,3,1,1,14,Westside,Unfurnished,Yes,No,No,Yes,No,No,722348.97
1516,3,2,3,3,8,Downtown,Semi-Furnished,Yes,No,No,Yes,Yes,No,634590.67
2562,2,4,2,1,12,Rural,Semi-Furnished,Yes,No,No,Yes,Yes,No,365279.22
1338,1,3,1,2,22,Midtown,Unfurnished,Yes,No,No,Yes,Yes,No,399020.02
2137,2,4,1,1,32,Suburban,Semi-Furnished,No,No,No,Yes,Yes,No,422275.97
4821,1,3,2,3,8,Westside,Semi-Furnished,Yes,No,No,Yes,Yes,No,876963.68
3996,4,1,2,2,2,Lakeview,Unfurnished,Yes,No,No,No,No,No,1061701.13
2313,4,1,1,2,29,Downtown,Semi-Furnished,Yes,No,Yes,No,No,Yes,764173.83
3979,5,2,2,0,8,Downtown,Furnished,Yes,No,No,No,Yes,No,1095148.67
1951,2,2,3,0,24,Northend,Unfurnished,No,No,No,Yes,No,No,305336.15
2813,2,4,3,2,46,Midtown,Unfurnished,Yes,No,No,Yes,No,Yes,678781.6
2014,1,2,3,2,23,Downtown,Unfurnished,No,No,No,No,No,Yes,603605.77
1731,4,2,1,1,31,Eastside,Unfurnished,Yes,Yes,No,No,No,No,327221.67
2145,1,4,2,3,6,Southend,Furnished,No,No,No,Yes,Yes,No,472348.05
3499,4,3,3,2,35,Lakeview,Unfurnished,Yes,No,Yes,No,No,Yes,1042862.3
3940,1,2,2,3,24,Eastside,Unfurnished,Yes,No,Yes,Yes,Yes,No,588025.65
4556,4,3,3,2,19,Downtown,Semi-Furnished,Yes,Yes,Yes,No,No,No,1255578.72
805,1,1,2,3,16,Downtown,Unfurnished,Yes,No,No,No,Yes,Yes,490164.09
4036,4,2,3,0,35,Downtown,Semi-Furnished,Yes,No,Yes,Yes,No,No,1019807.51
2223,6,1,3,2,25,Northend,Unfurnished,Yes,Yes,No,Yes,No,No,439492.87
2189,1,1,3,1,18,Eastside,Unfurnished,Yes,No,No,Yes,No,No,350798.32
2017,2,3,3,3,36,Rural,Furnished,No,No,No,Yes,No,No,300336.45
4417,5,4,3,2,47,Rural,Semi-Furnished,Yes,No,No,Yes,No,No,520306.78
919,6,2,3,0,2,Rural,Furnished,No,Yes,No,No,Yes,Yes,353867.57
3436,6,3,3,0,42,Suburban,Semi-Furnished,Yes,No,Yes,No,No,Yes,701798.1
4362,1,4,3,0,27,Midtown,Unfurnished,Yes,No,No,No,Yes,No,893078.92
4729,5,1,3,0,21,Eastside,Furnished,Yes,No,No,No,No,No,683388.43
1950,2,2,2,2,46,Southend,Semi-Furnished,No,No,No,Yes,No,Yes,376726.08
3596,6,1,2,1,18,Rural,Semi-Furnished,Yes,No,No,No,Yes,Yes,521946.14
3761,2,1,1,3,45,Lakeview,Furnished,Yes,No,Yes,No,No,Yes,1032591.29
1664,4,2,3,1,15,Eastside,Semi-Furnished,Yes,No,No,No,Yes,No,399793.65
2369,5,4,2,3,5,Midtown,Unfurnished,Yes,No,No,Yes,Yes,No,733902.94
2319,3,4,2,1,36,Downtown,Semi-Furnished,No,No,No,No,Yes,No,652652.52
3205,4,2,2,2,30,Uptown,Unfurnished,Yes,No,No,No,Yes,No,785798.89
4015,5,2,2,2,48,Northend,Semi-Furnished,Yes,Yes,No,Yes,Yes,Yes,620469.64
1842,1,3,2,3,47,Rural,Furnished,Yes,No,No,Yes,Yes,Yes,271772.1
2726,1,3,2,2,33,Lakeview,Unfurnished,Yes,No,No,No,No,No,726485.38
1579,2,1,1,3,30,Midtown,Semi-Furnished,Yes,Yes,Yes,Yes,No,Yes,561312.54
4706,6,2,2,1,10,Rural,Unfurnished,Yes,No,No,Yes,No,No,509286.23
3279,3,4,1,2,35,Lakeview,Furnished,Yes,No,No,Yes,No,No,865216.43
3028,1,1,1,2,5,Northend,Semi-Furnished,Yes,No,No,No,No,No,425726.54
1313,5,1,3,3,26,Lakeview,Semi-Furnished,Yes,No,No,No,No,No,600342.7
2531,6,1,3,3,6,Northend,Unfurnished,Yes,Yes,No,No,No,No,475618.78
822,6,1,3,3,48,Midtown,Furnished,No,No,No,Yes,Yes,Yes,456087.8
3469,5,4,2,3,31,Suburban,Furnished,Yes,No,Yes,No,No,No,679301.0
1403,6,1,3,0,7,Rural,Semi-Furnished,Yes,Yes,No,Yes,Yes,Yes,351474.66
2041,1,2,2,3,32,Rural,Unfurnished,Yes,No,No,No,No,No,243730.48
4003,5,3,2,0,46,Midtown,Semi-Furnished,Yes,No,Yes,No,No,No,827595.81
3153,5,4,3,1,43,Suburban,Semi-Furnished,Yes,No,No,Yes,Yes,Yes,653783.22
2976,2,2,3,3,14,Suburban,Unfurnished,Yes,No,No,Yes,Yes,No,568299.24
3840,3,2,1,0,26,Rural,Furnished,No,No,No,Yes,Yes,No,402469.58
4743,2,2,1,0,29,Downtown,Semi-Furnished,Yes,No,No,Yes,No,No,1029782.67
1641,3,3,2,0,21,Northend,Semi-Furnished,Yes,No,Yes,No,Yes,Yes,384260.12
1349,5,3,2,2,46,Westside,Unfurnished,Yes,No,Yes,Yes,Yes,No,386578.52
866,6,3,3,0,28,Rural,Unfurnished,Yes,Yes,No,Yes,Yes,No,251197.12
3397,3,2,3,3,40,Downtown,Semi-Furnished,Yes,No,No,No,Yes,No,881233.97
1589,5,3,1,3,47,Rural,Furnished,Yes,No,Yes,Yes,Yes,No,288520.72
4541,5,1,3,3,29,Downtown,Unfurnished,Yes,No,No,No,No,No,1077000.72
2538,2,3,2,0,1,Rural,Semi-Furnished,Yes,No,No,No,Yes,No,364887.15
3360,2,4,3,0,14,Midtown,Furnished,No,No,Yes,Yes,No,No,860051.88
4770,6,2,1,2,46,Westside,Unfurnished,Yes,Yes,No,No,No,Yes,850341.71
2354,4,2,2,1,26,Eastside,Unfurnished,Yes,No,No,No,No,No,373117.43
994,1,1,1,2,6,Eastside,Semi-Furnished,Yes,No,No,No,Yes,Yes,313697.23
3682,4,3,1,3,26,Southend,Unfurnished,Yes,No,No,Yes,No,Yes,629270.67
2284,4,3,2,3,20,Northend,Semi-Furnished,Yes,No,No,Yes,Yes,Yes,452530.45
4010,6,4,1,3,12,Midtown,Unfurnished,No,No,No,Yes,No,Yes,986058.49
4286,3,1,3,2,16,Westside,Furnished,Yes,Yes,Yes,Yes,Yes,No,876667.07
4630,6,4,3,3,10,Downtown,Furnished,Yes,No,No,No,Yes,Yes,1423332.64
1498,6,4,1,3,9,Northend,Unfurnished,No,No,No,Yes,Yes,No,326446.0
4969,5,2,3,3,32,Westside,Semi-Furnished,Yes,No,Yes,Yes,No,No,928579.22
1951,5,2,1,0,13,Suburban,Unfurnished,Yes,No,No,Yes,No,No,424445.28
2251,5,3,3,1,36,Northend,Semi-Furnished,Yes,No,Yes,Yes,No,No,421420.49
2780,1,3,1,0,7,Midtown,Unfurnished,Yes,No,No,Yes,No,No,602600.09
3434,3,4,3,0,32,Southend,Furnished,Yes,Yes,No,Yes,No,No,594457.65
4234,3,3,2,1,6,Midtown,Semi-Furnished,No,No,No,No,Yes,Yes,993539.45
3846,5,4,2,1,33,Downtown,Furnished,Yes,Yes,No,Yes,No,No,1034584.26
2373,4,3,3,2,6,Eastside,Furnished,Yes,No,Yes,Yes,No,No,509774.35
4303,1,3,1,1,6,Lakeview,Furnished,Yes,Yes,No,Yes,No,Yes,1214735.97
2479,4,2,3,2,40,Uptown,Unfurnished,Yes,No,No,Yes,Yes,Yes,765470.0
1198,2,2,1,2,35,Lakeview,Semi-Furnished,Yes,No,Yes,No,No,No,422548.18
1812,3,2,3,0,6,Uptown,Furnished,Yes,Yes,No,No,Yes,No,662023.25
3462,3,2,3,3,19,Midtown,Semi-Furnished,Yes,No,No,Yes,No,No,789857.59
3438,4,1,2,0,17,Westside,Semi-Furnished,No,No,No,No,Yes,No,668882.47
2800,1,2,1,0,44,Downtown,Furnished,Yes,No,No,No,Yes,No,637558.35
3697,3,1,1,1,42,Rural,Unfurnished,Yes,No,No,Yes,No,No,336541.45
626,4,2,1,1,40,Eastside,Furnished,Yes,No,No,Yes,Yes,No,204746.86
1691,6,3,1,2,13,Northend,Furnished,Yes,No,No,Yes,Yes,Yes,429760.87
3139,6,4,1,2,39,Southend,Semi-Furnished,Yes,No,No,No,Yes,No,570784.02
4889,1,3,2,2,13,Downtown,Unfurnished,Yes,No,No,Yes,Yes,Yes,1220460.15
4416,4,3,3,1,20,Midtown,Semi-Furnished,Yes,No,No,Yes,No,No,952699.97
1866,6,1,1,2,48,Suburban,Unfurnished,Yes,Yes,No,Yes,No,No,398429.3
1519,1,2,1,2,26,Suburban,Furnished,Yes,No,No,No,Yes,No,345387.76
4579,5,4,3,1,45,Downtown,Unfurnished,No,No,No,Yes,No,No,1050981.15
1184,1,4,2,3,25,Uptown,Semi-Furnished,Yes,No,No,No,No,Yes,511990.17
4129,2,2,2,0,26,Suburban,Furnished,Yes,No,No,Yes,No,No,621627.39
3387,5,1,2,1,23,Midtown,Unfurnished,Yes,No,No,No,Yes,No,722084.17
1962,4,1,3,2,4,Southend,Unfurnished,Yes,No,No,Yes,No,No,408649.49
4586,5,1,3,0,41,Rural,Semi-Furnished,Yes,No,Yes,No,No,No,526485.34
2761,5,4,2,1,37,Northend,Unfurnished,Yes,Yes,No,No,Yes,Yes,531530.83
4680,4,1,2,0,27,Lakeview,Furnished,Yes,No,No,Yes,Yes,Yes,1265640.27
3341,4,1,3,0,41,Westside,Unfurnished,Yes,No,No,Yes,No,No,579320.37
2267,6,4,2,3,42,Lakeview,Semi-Furnished,Yes,No,No,No,No,No,803624.65
4680,2,4,1,2,31,Uptown,Unfurnished,No,No,No,Yes,Yes,Yes,1061728.87
4060,4,3,3,1,23,Suburban,Furnished,Yes,No,No,No,No,No,700578.87
2612,3,4,2,2,5,Rural,Furnished,Yes,No,No,Yes,No,Yes,453245.37
1126,3,2,1,3,9,Northend,Unfurnished,Yes,Yes,No,Yes,Yes,Yes,363049.57
4659,2,4,3,3,45,Southend,Unfurnished,Yes,Yes,No,Yes,No,No,683317.09
3914,1,4,3,1,2,Eastside,Furnished,Yes,Yes,No,Yes,No,No,616793.67
1875,1,1,1,1,6,Downtown,Semi-Furnished,Yes,No,Yes,Yes,No,Yes,650899.8
1681,3,3,3,3,28,Westside,Furnished,Yes,No,No,No,No,Yes,514263.93
990,4,1,2,1,33,Eastside,Unfurnished,Yes,No,Yes,No,Yes,No,236966.2
4229,2,3,3,0,6,Westside,Unfurnished,No,No,Yes,No,Yes,No,786129.1
4034,1,1,2,0,16,Lakeview,Semi-Furnished,Yes,Yes,No,Yes,Yes,No,1088821.09
3796,1,2,1,3,12,Suburban,Furnished,No,No,Yes,No,Yes,No,668897.44
2440,5,1,1,2,20,Southend,Furnished,Yes,No,No,Yes,No,No,446668.42
4908,3,1,3,1,30,Rural,Semi-Furnished,Yes,No,No,Yes,No,No,501697.78
2382,4,2,1,1,8,Westside,Furnished,Yes,Yes,No,Yes,No,No,594606.33
3487,2,2,1,0,44,Westside,Semi-Furnished,Yes,No,No,No,Yes,Yes,612026.27
3659,1,4,3,1,46,Northend,Furnished,No,No,No,No,No,No,493329.11
1181,5,1,2,2,12,Midtown,Semi-Furnished,Yes,Yes,No,Yes,Yes,No,533094.34
1573,3,2,3,1,16,Westside,Semi-Furnished,Yes,Yes,No,Yes,Yes,No,478038.78
2887,3,2,3,1,7,Downtown,Semi-Furnished,Yes,Yes,No,Yes,Yes,No,964880.88
2894,2,4,2,0,8,Southend,Unfurnished,Yes,No,Yes,Yes,No,No,517767.56
3193,1,3,2,1,8,Southend,Unfurnished,Yes,Yes,Yes,Yes,No,Yes,589698.68
1870,2,2,2,3,39,Eastside,Unfurnished,Yes,No,No,Yes,Yes,No,332105.88
4840,2,2,3,3,47,Downtown,Furnished,Yes,No,Yes,Yes,No,No,1163231.99
2656,6,1,2,2,29,Rural,Semi-Furnished,No,No,No,No,Yes,No,365974.27
3080,5,4,1,2,6,Uptown,Furnished,Yes,No,No,Yes,Yes,Yes,978882.66
4891,3,1,2,2,16,Midtown,Furnished,Yes,No,No,Yes,No,No,1014648.48
2659,6,3,1,2,38,Uptown,Semi-Furnished,Yes,No,No,Yes,No,Yes,801584.83
3748,4,4,2,0,37,Eastside,Unfurnished,Yes,No,No,Yes,No,Yes,602978.63
4231,3,1,1,1,4,Southend,Furnished,Yes,No,Yes,No,Yes,Yes,747443.97
4329,3,2,1,0,16,Downtown,Furnished,Yes,No,No,No,Yes,No,1059316.86
2127,5,2,1,2,39,Uptown,Furnished,Yes,No,No,Yes,No,No,612538.16
3972,4,4,1,1,0,Rural,Unfurnished,Yes,No,Yes,Yes,Yes,Yes,551500.35
527,1,2,1,3,15,Rural,Semi-Furnished,Yes,No,No,No,Yes,Yes,167789.98
2485,4,1,2,0,16,Suburban,Semi-Furnished,Yes,Yes,No,No,No,No,441391.19
4653,1,4,3,1,29,Westside,Furnished,Yes,No,No,Yes,Yes,No,859001.76
2021,4,2,3,3,30,Westside,Semi-Furnished,Yes,No,No,No,Yes,Yes,554801.71
796,2,2,3,3,34,Rural,Unfurnished,No,No,Yes,No,No,Yes,238940.12
2681,4,3,3,2,44,Downtown,Semi-Furnished,No,Yes,No,Yes,No,No,744443.01
3902,6,3,3,3,7,Eastside,Furnished,No,Yes,No,No,Yes,No,733296.04
2796,6,4,1,3,47,Suburban,Furnished,Yes,Yes,Yes,Yes,No,No,575990.99
3097,5,3,2,2,29,Northend,Semi-Furnished,Yes,Yes,No,Yes,No,No,517681.05
1401,1,1,1,1,38,Rural,Furnished,Yes,No,No,Yes,No,No,172824.36
1598,3,2,2,1,20,Downtown,Unfurnished,Yes,Yes,No,Yes,No,No,517279.57
2177,5,2,2,2,14,Lakeview,Unfurnished,Yes,No,Yes,No,No,No,793708.58
3381,6,2,2,0,33,Southend,Unfurnished,Yes,No,No,Yes,No,No,548695.97
1878,6,4,2,2,26,Uptown,Unfurnished,Yes,No,No,Yes,No,No,634786.5
1748,1,4,3,1,1,Downtown,Furnished,Yes,No,Yes,Yes,Yes,No,784190.79
4235,6,3,2,0,9,Lakeview,Furnished,Yes,Yes,No,No,No,No,1273469.9
4741,6,2,2,2,4,Westside,Semi-Furnished,No,No,No,Yes,Yes,No,910619.93
1764,1,2,3,1,26,Lakeview,Furnished,Yes,No,Yes,Yes,Yes,Yes,814571.99
2407,6,2,1,1,3,Rural,Semi-Furnished,No,Yes,No,Yes,No,Yes,419157.65
1558,3,2,1,1,46,Midtown,Furnished,Yes,Yes,Yes,No,Yes,No,466216.77
3249,2,2,1,3,12,Northend,Semi-Furnished,Yes,No,No,Yes,No,No,474402.59
2548,5,1,1,3,16,Uptown,Semi-Furnished,Yes,No,No,Yes,No,Yes,765209.66
4748,3,2,2,0,20,Westside,Unfurnished,Yes,No,No,Yes,No,No,822868.01
2976,3,1,3,0,22,Lakeview,Semi-Furnished,Yes,No,No,Yes,No,Yes,939247.58
